-- MySQL dump 10.13  Distrib 8.0.18, for Win64 (x86_64)
--
-- Host: localhost    Database: sys
-- ------------------------------------------------------
-- Server version	8.0.18

/*!40101 SET @OLD_CHARACTER_SET_CLIENT=@@CHARACTER_SET_CLIENT */;
/*!40101 SET @OLD_CHARACTER_SET_RESULTS=@@CHARACTER_SET_RESULTS */;
/*!40101 SET @OLD_COLLATION_CONNECTION=@@COLLATION_CONNECTION */;
/*!50503 SET NAMES utf8 */;
/*!40103 SET @OLD_TIME_ZONE=@@TIME_ZONE */;
/*!40103 SET TIME_ZONE='+00:00' */;
/*!40014 SET @OLD_UNIQUE_CHECKS=@@UNIQUE_CHECKS, UNIQUE_CHECKS=0 */;
/*!40014 SET @OLD_FOREIGN_KEY_CHECKS=@@FOREIGN_KEY_CHECKS, FOREIGN_KEY_CHECKS=0 */;
/*!40101 SET @OLD_SQL_MODE=@@SQL_MODE, SQL_MODE='NO_AUTO_VALUE_ON_ZERO' */;
/*!40111 SET @OLD_SQL_NOTES=@@SQL_NOTES, SQL_NOTES=0 */;

--
-- Temporary view structure for view `host_summary`
--

DROP TABLE IF EXISTS `host_summary`;
/*!50001 DROP VIEW IF EXISTS `host_summary`*/;
SET @saved_cs_client     = @@character_set_client;
/*!50503 SET character_set_client = utf8mb4 */;
/*!50001 CREATE VIEW `host_summary` AS SELECT 
 1 AS `host`,
 1 AS `statements`,
 1 AS `statement_latency`,
 1 AS `statement_avg_latency`,
 1 AS `table_scans`,
 1 AS `file_ios`,
 1 AS `file_io_latency`,
 1 AS `current_connections`,
 1 AS `total_connections`,
 1 AS `unique_users`,
 1 AS `current_memory`,
 1 AS `total_memory_allocated`*/;
SET character_set_client = @saved_cs_client;

--
-- Temporary view structure for view `host_summary_by_file_io`
--

DROP TABLE IF EXISTS `host_summary_by_file_io`;
/*!50001 DROP VIEW IF EXISTS `host_summary_by_file_io`*/;
SET @saved_cs_client     = @@character_set_client;
/*!50503 SET character_set_client = utf8mb4 */;
/*!50001 CREATE VIEW `host_summary_by_file_io` AS SELECT 
 1 AS `host`,
 1 AS `ios`,
 1 AS `io_latency`*/;
SET character_set_client = @saved_cs_client;

--
-- Temporary view structure for view `host_summary_by_file_io_type`
--

DROP TABLE IF EXISTS `host_summary_by_file_io_type`;
/*!50001 DROP VIEW IF EXISTS `host_summary_by_file_io_type`*/;
SET @saved_cs_client     = @@character_set_client;
/*!50503 SET character_set_client = utf8mb4 */;
/*!50001 CREATE VIEW `host_summary_by_file_io_type` AS SELECT 
 1 AS `host`,
 1 AS `event_name`,
 1 AS `total`,
 1 AS `total_latency`,
 1 AS `max_latency`*/;
SET character_set_client = @saved_cs_client;

--
-- Temporary view structure for view `host_summary_by_stages`
--

DROP TABLE IF EXISTS `host_summary_by_stages`;
/*!50001 DROP VIEW IF EXISTS `host_summary_by_stages`*/;
SET @saved_cs_client     = @@character_set_client;
/*!50503 SET character_set_client = utf8mb4 */;
/*!50001 CREATE VIEW `host_summary_by_stages` AS SELECT 
 1 AS `host`,
 1 AS `event_name`,
 1 AS `total`,
 1 AS `total_latency`,
 1 AS `avg_latency`*/;
SET character_set_client = @saved_cs_client;

--
-- Temporary view structure for view `host_summary_by_statement_latency`
--

DROP TABLE IF EXISTS `host_summary_by_statement_latency`;
/*!50001 DROP VIEW IF EXISTS `host_summary_by_statement_latency`*/;
SET @saved_cs_client     = @@character_set_client;
/*!50503 SET character_set_client = utf8mb4 */;
/*!50001 CREATE VIEW `host_summary_by_statement_latency` AS SELECT 
 1 AS `host`,
 1 AS `total`,
 1 AS `total_latency`,
 1 AS `max_latency`,
 1 AS `lock_latency`,
 1 AS `rows_sent`,
 1 AS `rows_examined`,
 1 AS `rows_affected`,
 1 AS `full_scans`*/;
SET character_set_client = @saved_cs_client;

--
-- Temporary view structure for view `host_summary_by_statement_type`
--

DROP TABLE IF EXISTS `host_summary_by_statement_type`;
/*!50001 DROP VIEW IF EXISTS `host_summary_by_statement_type`*/;
SET @saved_cs_client     = @@character_set_client;
/*!50503 SET character_set_client = utf8mb4 */;
/*!50001 CREATE VIEW `host_summary_by_statement_type` AS SELECT 
 1 AS `host`,
 1 AS `statement`,
 1 AS `total`,
 1 AS `total_latency`,
 1 AS `max_latency`,
 1 AS `lock_latency`,
 1 AS `rows_sent`,
 1 AS `rows_examined`,
 1 AS `rows_affected`,
 1 AS `full_scans`*/;
SET character_set_client = @saved_cs_client;

--
-- Temporary view structure for view `innodb_buffer_stats_by_schema`
--

DROP TABLE IF EXISTS `innodb_buffer_stats_by_schema`;
/*!50001 DROP VIEW IF EXISTS `innodb_buffer_stats_by_schema`*/;
SET @saved_cs_client     = @@character_set_client;
/*!50503 SET character_set_client = utf8mb4 */;
/*!50001 CREATE VIEW `innodb_buffer_stats_by_schema` AS SELECT 
 1 AS `object_schema`,
 1 AS `allocated`,
 1 AS `data`,
 1 AS `pages`,
 1 AS `pages_hashed`,
 1 AS `pages_old`,
 1 AS `rows_cached`*/;
SET character_set_client = @saved_cs_client;

--
-- Temporary view structure for view `innodb_buffer_stats_by_table`
--

DROP TABLE IF EXISTS `innodb_buffer_stats_by_table`;
/*!50001 DROP VIEW IF EXISTS `innodb_buffer_stats_by_table`*/;
SET @saved_cs_client     = @@character_set_client;
/*!50503 SET character_set_client = utf8mb4 */;
/*!50001 CREATE VIEW `innodb_buffer_stats_by_table` AS SELECT 
 1 AS `object_schema`,
 1 AS `object_name`,
 1 AS `allocated`,
 1 AS `data`,
 1 AS `pages`,
 1 AS `pages_hashed`,
 1 AS `pages_old`,
 1 AS `rows_cached`*/;
SET character_set_client = @saved_cs_client;

--
-- Temporary view structure for view `innodb_lock_waits`
--

DROP TABLE IF EXISTS `innodb_lock_waits`;
/*!50001 DROP VIEW IF EXISTS `innodb_lock_waits`*/;
SET @saved_cs_client     = @@character_set_client;
/*!50503 SET character_set_client = utf8mb4 */;
/*!50001 CREATE VIEW `innodb_lock_waits` AS SELECT 
 1 AS `wait_started`,
 1 AS `wait_age`,
 1 AS `wait_age_secs`,
 1 AS `locked_table`,
 1 AS `locked_table_schema`,
 1 AS `locked_table_name`,
 1 AS `locked_table_partition`,
 1 AS `locked_table_subpartition`,
 1 AS `locked_index`,
 1 AS `locked_type`,
 1 AS `waiting_trx_id`,
 1 AS `waiting_trx_started`,
 1 AS `waiting_trx_age`,
 1 AS `waiting_trx_rows_locked`,
 1 AS `waiting_trx_rows_modified`,
 1 AS `waiting_pid`,
 1 AS `waiting_query`,
 1 AS `waiting_lock_id`,
 1 AS `waiting_lock_mode`,
 1 AS `blocking_trx_id`,
 1 AS `blocking_pid`,
 1 AS `blocking_query`,
 1 AS `blocking_lock_id`,
 1 AS `blocking_lock_mode`,
 1 AS `blocking_trx_started`,
 1 AS `blocking_trx_age`,
 1 AS `blocking_trx_rows_locked`,
 1 AS `blocking_trx_rows_modified`,
 1 AS `sql_kill_blocking_query`,
 1 AS `sql_kill_blocking_connection`*/;
SET character_set_client = @saved_cs_client;

--
-- Temporary view structure for view `io_by_thread_by_latency`
--

DROP TABLE IF EXISTS `io_by_thread_by_latency`;
/*!50001 DROP VIEW IF EXISTS `io_by_thread_by_latency`*/;
SET @saved_cs_client     = @@character_set_client;
/*!50503 SET character_set_client = utf8mb4 */;
/*!50001 CREATE VIEW `io_by_thread_by_latency` AS SELECT 
 1 AS `user`,
 1 AS `total`,
 1 AS `total_latency`,
 1 AS `min_latency`,
 1 AS `avg_latency`,
 1 AS `max_latency`,
 1 AS `thread_id`,
 1 AS `processlist_id`*/;
SET character_set_client = @saved_cs_client;

--
-- Temporary view structure for view `io_global_by_file_by_bytes`
--

DROP TABLE IF EXISTS `io_global_by_file_by_bytes`;
/*!50001 DROP VIEW IF EXISTS `io_global_by_file_by_bytes`*/;
SET @saved_cs_client     = @@character_set_client;
/*!50503 SET character_set_client = utf8mb4 */;
/*!50001 CREATE VIEW `io_global_by_file_by_bytes` AS SELECT 
 1 AS `file`,
 1 AS `count_read`,
 1 AS `total_read`,
 1 AS `avg_read`,
 1 AS `count_write`,
 1 AS `total_written`,
 1 AS `avg_write`,
 1 AS `total`,
 1 AS `write_pct`*/;
SET character_set_client = @saved_cs_client;

--
-- Temporary view structure for view `io_global_by_file_by_latency`
--

DROP TABLE IF EXISTS `io_global_by_file_by_latency`;
/*!50001 DROP VIEW IF EXISTS `io_global_by_file_by_latency`*/;
SET @saved_cs_client     = @@character_set_client;
/*!50503 SET character_set_client = utf8mb4 */;
/*!50001 CREATE VIEW `io_global_by_file_by_latency` AS SELECT 
 1 AS `file`,
 1 AS `total`,
 1 AS `total_latency`,
 1 AS `count_read`,
 1 AS `read_latency`,
 1 AS `count_write`,
 1 AS `write_latency`,
 1 AS `count_misc`,
 1 AS `misc_latency`*/;
SET character_set_client = @saved_cs_client;

--
-- Temporary view structure for view `io_global_by_wait_by_bytes`
--

DROP TABLE IF EXISTS `io_global_by_wait_by_bytes`;
/*!50001 DROP VIEW IF EXISTS `io_global_by_wait_by_bytes`*/;
SET @saved_cs_client     = @@character_set_client;
/*!50503 SET character_set_client = utf8mb4 */;
/*!50001 CREATE VIEW `io_global_by_wait_by_bytes` AS SELECT 
 1 AS `event_name`,
 1 AS `total`,
 1 AS `total_latency`,
 1 AS `min_latency`,
 1 AS `avg_latency`,
 1 AS `max_latency`,
 1 AS `count_read`,
 1 AS `total_read`,
 1 AS `avg_read`,
 1 AS `count_write`,
 1 AS `total_written`,
 1 AS `avg_written`,
 1 AS `total_requested`*/;
SET character_set_client = @saved_cs_client;

--
-- Temporary view structure for view `io_global_by_wait_by_latency`
--

DROP TABLE IF EXISTS `io_global_by_wait_by_latency`;
/*!50001 DROP VIEW IF EXISTS `io_global_by_wait_by_latency`*/;
SET @saved_cs_client     = @@character_set_client;
/*!50503 SET character_set_client = utf8mb4 */;
/*!50001 CREATE VIEW `io_global_by_wait_by_latency` AS SELECT 
 1 AS `event_name`,
 1 AS `total`,
 1 AS `total_latency`,
 1 AS `avg_latency`,
 1 AS `max_latency`,
 1 AS `read_latency`,
 1 AS `write_latency`,
 1 AS `misc_latency`,
 1 AS `count_read`,
 1 AS `total_read`,
 1 AS `avg_read`,
 1 AS `count_write`,
 1 AS `total_written`,
 1 AS `avg_written`*/;
SET character_set_client = @saved_cs_client;

--
-- Temporary view structure for view `latest_file_io`
--

DROP TABLE IF EXISTS `latest_file_io`;
/*!50001 DROP VIEW IF EXISTS `latest_file_io`*/;
SET @saved_cs_client     = @@character_set_client;
/*!50503 SET character_set_client = utf8mb4 */;
/*!50001 CREATE VIEW `latest_file_io` AS SELECT 
 1 AS `thread`,
 1 AS `file`,
 1 AS `latency`,
 1 AS `operation`,
 1 AS `requested`*/;
SET character_set_client = @saved_cs_client;

--
-- Temporary view structure for view `memory_by_host_by_current_bytes`
--

DROP TABLE IF EXISTS `memory_by_host_by_current_bytes`;
/*!50001 DROP VIEW IF EXISTS `memory_by_host_by_current_bytes`*/;
SET @saved_cs_client     = @@character_set_client;
/*!50503 SET character_set_client = utf8mb4 */;
/*!50001 CREATE VIEW `memory_by_host_by_current_bytes` AS SELECT 
 1 AS `host`,
 1 AS `current_count_used`,
 1 AS `current_allocated`,
 1 AS `current_avg_alloc`,
 1 AS `current_max_alloc`,
 1 AS `total_allocated`*/;
SET character_set_client = @saved_cs_client;

--
-- Temporary view structure for view `memory_by_thread_by_current_bytes`
--

DROP TABLE IF EXISTS `memory_by_thread_by_current_bytes`;
/*!50001 DROP VIEW IF EXISTS `memory_by_thread_by_current_bytes`*/;
SET @saved_cs_client     = @@character_set_client;
/*!50503 SET character_set_client = utf8mb4 */;
/*!50001 CREATE VIEW `memory_by_thread_by_current_bytes` AS SELECT 
 1 AS `thread_id`,
 1 AS `user`,
 1 AS `current_count_used`,
 1 AS `current_allocated`,
 1 AS `current_avg_alloc`,
 1 AS `current_max_alloc`,
 1 AS `total_allocated`*/;
SET character_set_client = @saved_cs_client;

--
-- Temporary view structure for view `memory_by_user_by_current_bytes`
--

DROP TABLE IF EXISTS `memory_by_user_by_current_bytes`;
/*!50001 DROP VIEW IF EXISTS `memory_by_user_by_current_bytes`*/;
SET @saved_cs_client     = @@character_set_client;
/*!50503 SET character_set_client = utf8mb4 */;
/*!50001 CREATE VIEW `memory_by_user_by_current_bytes` AS SELECT 
 1 AS `user`,
 1 AS `current_count_used`,
 1 AS `current_allocated`,
 1 AS `current_avg_alloc`,
 1 AS `current_max_alloc`,
 1 AS `total_allocated`*/;
SET character_set_client = @saved_cs_client;

--
-- Temporary view structure for view `memory_global_by_current_bytes`
--

DROP TABLE IF EXISTS `memory_global_by_current_bytes`;
/*!50001 DROP VIEW IF EXISTS `memory_global_by_current_bytes`*/;
SET @saved_cs_client     = @@character_set_client;
/*!50503 SET character_set_client = utf8mb4 */;
/*!50001 CREATE VIEW `memory_global_by_current_bytes` AS SELECT 
 1 AS `event_name`,
 1 AS `current_count`,
 1 AS `current_alloc`,
 1 AS `current_avg_alloc`,
 1 AS `high_count`,
 1 AS `high_alloc`,
 1 AS `high_avg_alloc`*/;
SET character_set_client = @saved_cs_client;

--
-- Temporary view structure for view `memory_global_total`
--

DROP TABLE IF EXISTS `memory_global_total`;
/*!50001 DROP VIEW IF EXISTS `memory_global_total`*/;
SET @saved_cs_client     = @@character_set_client;
/*!50503 SET character_set_client = utf8mb4 */;
/*!50001 CREATE VIEW `memory_global_total` AS SELECT 
 1 AS `total_allocated`*/;
SET character_set_client = @saved_cs_client;

--
-- Temporary view structure for view `metrics`
--

DROP TABLE IF EXISTS `metrics`;
/*!50001 DROP VIEW IF EXISTS `metrics`*/;
SET @saved_cs_client     = @@character_set_client;
/*!50503 SET character_set_client = utf8mb4 */;
/*!50001 CREATE VIEW `metrics` AS SELECT 
 1 AS `Variable_name`,
 1 AS `Variable_value`,
 1 AS `Type`,
 1 AS `Enabled`*/;
SET character_set_client = @saved_cs_client;

--
-- Temporary view structure for view `processlist`
--

DROP TABLE IF EXISTS `processlist`;
/*!50001 DROP VIEW IF EXISTS `processlist`*/;
SET @saved_cs_client     = @@character_set_client;
/*!50503 SET character_set_client = utf8mb4 */;
/*!50001 CREATE VIEW `processlist` AS SELECT 
 1 AS `thd_id`,
 1 AS `conn_id`,
 1 AS `user`,
 1 AS `db`,
 1 AS `command`,
 1 AS `state`,
 1 AS `time`,
 1 AS `current_statement`,
 1 AS `statement_latency`,
 1 AS `progress`,
 1 AS `lock_latency`,
 1 AS `rows_examined`,
 1 AS `rows_sent`,
 1 AS `rows_affected`,
 1 AS `tmp_tables`,
 1 AS `tmp_disk_tables`,
 1 AS `full_scan`,
 1 AS `last_statement`,
 1 AS `last_statement_latency`,
 1 AS `current_memory`,
 1 AS `last_wait`,
 1 AS `last_wait_latency`,
 1 AS `source`,
 1 AS `trx_latency`,
 1 AS `trx_state`,
 1 AS `trx_autocommit`,
 1 AS `pid`,
 1 AS `program_name`*/;
SET character_set_client = @saved_cs_client;

--
-- Temporary view structure for view `ps_check_lost_instrumentation`
--

DROP TABLE IF EXISTS `ps_check_lost_instrumentation`;
/*!50001 DROP VIEW IF EXISTS `ps_check_lost_instrumentation`*/;
SET @saved_cs_client     = @@character_set_client;
/*!50503 SET character_set_client = utf8mb4 */;
/*!50001 CREATE VIEW `ps_check_lost_instrumentation` AS SELECT 
 1 AS `variable_name`,
 1 AS `variable_value`*/;
SET character_set_client = @saved_cs_client;

--
-- Temporary view structure for view `schema_auto_increment_columns`
--

DROP TABLE IF EXISTS `schema_auto_increment_columns`;
/*!50001 DROP VIEW IF EXISTS `schema_auto_increment_columns`*/;
SET @saved_cs_client     = @@character_set_client;
/*!50503 SET character_set_client = utf8mb4 */;
/*!50001 CREATE VIEW `schema_auto_increment_columns` AS SELECT 
 1 AS `table_schema`,
 1 AS `table_name`,
 1 AS `column_name`,
 1 AS `data_type`,
 1 AS `column_type`,
 1 AS `is_signed`,
 1 AS `is_unsigned`,
 1 AS `max_value`,
 1 AS `auto_increment`,
 1 AS `auto_increment_ratio`*/;
SET character_set_client = @saved_cs_client;

--
-- Temporary view structure for view `schema_index_statistics`
--

DROP TABLE IF EXISTS `schema_index_statistics`;
/*!50001 DROP VIEW IF EXISTS `schema_index_statistics`*/;
SET @saved_cs_client     = @@character_set_client;
/*!50503 SET character_set_client = utf8mb4 */;
/*!50001 CREATE VIEW `schema_index_statistics` AS SELECT 
 1 AS `table_schema`,
 1 AS `table_name`,
 1 AS `index_name`,
 1 AS `rows_selected`,
 1 AS `select_latency`,
 1 AS `rows_inserted`,
 1 AS `insert_latency`,
 1 AS `rows_updated`,
 1 AS `update_latency`,
 1 AS `rows_deleted`,
 1 AS `delete_latency`*/;
SET character_set_client = @saved_cs_client;

--
-- Temporary view structure for view `schema_object_overview`
--

DROP TABLE IF EXISTS `schema_object_overview`;
/*!50001 DROP VIEW IF EXISTS `schema_object_overview`*/;
SET @saved_cs_client     = @@character_set_client;
/*!50503 SET character_set_client = utf8mb4 */;
/*!50001 CREATE VIEW `schema_object_overview` AS SELECT 
 1 AS `db`,
 1 AS `object_type`,
 1 AS `count`*/;
SET character_set_client = @saved_cs_client;

--
-- Temporary view structure for view `schema_redundant_indexes`
--

DROP TABLE IF EXISTS `schema_redundant_indexes`;
/*!50001 DROP VIEW IF EXISTS `schema_redundant_indexes`*/;
SET @saved_cs_client     = @@character_set_client;
/*!50503 SET character_set_client = utf8mb4 */;
/*!50001 CREATE VIEW `schema_redundant_indexes` AS SELECT 
 1 AS `table_schema`,
 1 AS `table_name`,
 1 AS `redundant_index_name`,
 1 AS `redundant_index_columns`,
 1 AS `redundant_index_non_unique`,
 1 AS `dominant_index_name`,
 1 AS `dominant_index_columns`,
 1 AS `dominant_index_non_unique`,
 1 AS `subpart_exists`,
 1 AS `sql_drop_index`*/;
SET character_set_client = @saved_cs_client;

--
-- Temporary view structure for view `schema_table_lock_waits`
--

DROP TABLE IF EXISTS `schema_table_lock_waits`;
/*!50001 DROP VIEW IF EXISTS `schema_table_lock_waits`*/;
SET @saved_cs_client     = @@character_set_client;
/*!50503 SET character_set_client = utf8mb4 */;
/*!50001 CREATE VIEW `schema_table_lock_waits` AS SELECT 
 1 AS `object_schema`,
 1 AS `object_name`,
 1 AS `waiting_thread_id`,
 1 AS `waiting_pid`,
 1 AS `waiting_account`,
 1 AS `waiting_lock_type`,
 1 AS `waiting_lock_duration`,
 1 AS `waiting_query`,
 1 AS `waiting_query_secs`,
 1 AS `waiting_query_rows_affected`,
 1 AS `waiting_query_rows_examined`,
 1 AS `blocking_thread_id`,
 1 AS `blocking_pid`,
 1 AS `blocking_account`,
 1 AS `blocking_lock_type`,
 1 AS `blocking_lock_duration`,
 1 AS `sql_kill_blocking_query`,
 1 AS `sql_kill_blocking_connection`*/;
SET character_set_client = @saved_cs_client;

--
-- Temporary view structure for view `schema_table_statistics`
--

DROP TABLE IF EXISTS `schema_table_statistics`;
/*!50001 DROP VIEW IF EXISTS `schema_table_statistics`*/;
SET @saved_cs_client     = @@character_set_client;
/*!50503 SET character_set_client = utf8mb4 */;
/*!50001 CREATE VIEW `schema_table_statistics` AS SELECT 
 1 AS `table_schema`,
 1 AS `table_name`,
 1 AS `total_latency`,
 1 AS `rows_fetched`,
 1 AS `fetch_latency`,
 1 AS `rows_inserted`,
 1 AS `insert_latency`,
 1 AS `rows_updated`,
 1 AS `update_latency`,
 1 AS `rows_deleted`,
 1 AS `delete_latency`,
 1 AS `io_read_requests`,
 1 AS `io_read`,
 1 AS `io_read_latency`,
 1 AS `io_write_requests`,
 1 AS `io_write`,
 1 AS `io_write_latency`,
 1 AS `io_misc_requests`,
 1 AS `io_misc_latency`*/;
SET character_set_client = @saved_cs_client;

--
-- Temporary view structure for view `schema_table_statistics_with_buffer`
--

DROP TABLE IF EXISTS `schema_table_statistics_with_buffer`;
/*!50001 DROP VIEW IF EXISTS `schema_table_statistics_with_buffer`*/;
SET @saved_cs_client     = @@character_set_client;
/*!50503 SET character_set_client = utf8mb4 */;
/*!50001 CREATE VIEW `schema_table_statistics_with_buffer` AS SELECT 
 1 AS `table_schema`,
 1 AS `table_name`,
 1 AS `rows_fetched`,
 1 AS `fetch_latency`,
 1 AS `rows_inserted`,
 1 AS `insert_latency`,
 1 AS `rows_updated`,
 1 AS `update_latency`,
 1 AS `rows_deleted`,
 1 AS `delete_latency`,
 1 AS `io_read_requests`,
 1 AS `io_read`,
 1 AS `io_read_latency`,
 1 AS `io_write_requests`,
 1 AS `io_write`,
 1 AS `io_write_latency`,
 1 AS `io_misc_requests`,
 1 AS `io_misc_latency`,
 1 AS `innodb_buffer_allocated`,
 1 AS `innodb_buffer_data`,
 1 AS `innodb_buffer_free`,
 1 AS `innodb_buffer_pages`,
 1 AS `innodb_buffer_pages_hashed`,
 1 AS `innodb_buffer_pages_old`,
 1 AS `innodb_buffer_rows_cached`*/;
SET character_set_client = @saved_cs_client;

--
-- Temporary view structure for view `schema_tables_with_full_table_scans`
--

DROP TABLE IF EXISTS `schema_tables_with_full_table_scans`;
/*!50001 DROP VIEW IF EXISTS `schema_tables_with_full_table_scans`*/;
SET @saved_cs_client     = @@character_set_client;
/*!50503 SET character_set_client = utf8mb4 */;
/*!50001 CREATE VIEW `schema_tables_with_full_table_scans` AS SELECT 
 1 AS `object_schema`,
 1 AS `object_name`,
 1 AS `rows_full_scanned`,
 1 AS `latency`*/;
SET character_set_client = @saved_cs_client;

--
-- Temporary view structure for view `schema_unused_indexes`
--

DROP TABLE IF EXISTS `schema_unused_indexes`;
/*!50001 DROP VIEW IF EXISTS `schema_unused_indexes`*/;
SET @saved_cs_client     = @@character_set_client;
/*!50503 SET character_set_client = utf8mb4 */;
/*!50001 CREATE VIEW `schema_unused_indexes` AS SELECT 
 1 AS `object_schema`,
 1 AS `object_name`,
 1 AS `index_name`*/;
SET character_set_client = @saved_cs_client;

--
-- Temporary view structure for view `session`
--

DROP TABLE IF EXISTS `session`;
/*!50001 DROP VIEW IF EXISTS `session`*/;
SET @saved_cs_client     = @@character_set_client;
/*!50503 SET character_set_client = utf8mb4 */;
/*!50001 CREATE VIEW `session` AS SELECT 
 1 AS `thd_id`,
 1 AS `conn_id`,
 1 AS `user`,
 1 AS `db`,
 1 AS `command`,
 1 AS `state`,
 1 AS `time`,
 1 AS `current_statement`,
 1 AS `statement_latency`,
 1 AS `progress`,
 1 AS `lock_latency`,
 1 AS `rows_examined`,
 1 AS `rows_sent`,
 1 AS `rows_affected`,
 1 AS `tmp_tables`,
 1 AS `tmp_disk_tables`,
 1 AS `full_scan`,
 1 AS `last_statement`,
 1 AS `last_statement_latency`,
 1 AS `current_memory`,
 1 AS `last_wait`,
 1 AS `last_wait_latency`,
 1 AS `source`,
 1 AS `trx_latency`,
 1 AS `trx_state`,
 1 AS `trx_autocommit`,
 1 AS `pid`,
 1 AS `program_name`*/;
SET character_set_client = @saved_cs_client;

--
-- Temporary view structure for view `session_ssl_status`
--

DROP TABLE IF EXISTS `session_ssl_status`;
/*!50001 DROP VIEW IF EXISTS `session_ssl_status`*/;
SET @saved_cs_client     = @@character_set_client;
/*!50503 SET character_set_client = utf8mb4 */;
/*!50001 CREATE VIEW `session_ssl_status` AS SELECT 
 1 AS `thread_id`,
 1 AS `ssl_version`,
 1 AS `ssl_cipher`,
 1 AS `ssl_sessions_reused`*/;
SET character_set_client = @saved_cs_client;

--
-- Temporary view structure for view `statement_analysis`
--

DROP TABLE IF EXISTS `statement_analysis`;
/*!50001 DROP VIEW IF EXISTS `statement_analysis`*/;
SET @saved_cs_client     = @@character_set_client;
/*!50503 SET character_set_client = utf8mb4 */;
/*!50001 CREATE VIEW `statement_analysis` AS SELECT 
 1 AS `query`,
 1 AS `db`,
 1 AS `full_scan`,
 1 AS `exec_count`,
 1 AS `err_count`,
 1 AS `warn_count`,
 1 AS `total_latency`,
 1 AS `max_latency`,
 1 AS `avg_latency`,
 1 AS `lock_latency`,
 1 AS `rows_sent`,
 1 AS `rows_sent_avg`,
 1 AS `rows_examined`,
 1 AS `rows_examined_avg`,
 1 AS `rows_affected`,
 1 AS `rows_affected_avg`,
 1 AS `tmp_tables`,
 1 AS `tmp_disk_tables`,
 1 AS `rows_sorted`,
 1 AS `sort_merge_passes`,
 1 AS `digest`,
 1 AS `first_seen`,
 1 AS `last_seen`*/;
SET character_set_client = @saved_cs_client;

--
-- Temporary view structure for view `statements_with_errors_or_warnings`
--

DROP TABLE IF EXISTS `statements_with_errors_or_warnings`;
/*!50001 DROP VIEW IF EXISTS `statements_with_errors_or_warnings`*/;
SET @saved_cs_client     = @@character_set_client;
/*!50503 SET character_set_client = utf8mb4 */;
/*!50001 CREATE VIEW `statements_with_errors_or_warnings` AS SELECT 
 1 AS `query`,
 1 AS `db`,
 1 AS `exec_count`,
 1 AS `errors`,
 1 AS `error_pct`,
 1 AS `warnings`,
 1 AS `warning_pct`,
 1 AS `first_seen`,
 1 AS `last_seen`,
 1 AS `digest`*/;
SET character_set_client = @saved_cs_client;

--
-- Temporary view structure for view `statements_with_full_table_scans`
--

DROP TABLE IF EXISTS `statements_with_full_table_scans`;
/*!50001 DROP VIEW IF EXISTS `statements_with_full_table_scans`*/;
SET @saved_cs_client     = @@character_set_client;
/*!50503 SET character_set_client = utf8mb4 */;
/*!50001 CREATE VIEW `statements_with_full_table_scans` AS SELECT 
 1 AS `query`,
 1 AS `db`,
 1 AS `exec_count`,
 1 AS `total_latency`,
 1 AS `no_index_used_count`,
 1 AS `no_good_index_used_count`,
 1 AS `no_index_used_pct`,
 1 AS `rows_sent`,
 1 AS `rows_examined`,
 1 AS `rows_sent_avg`,
 1 AS `rows_examined_avg`,
 1 AS `first_seen`,
 1 AS `last_seen`,
 1 AS `digest`*/;
SET character_set_client = @saved_cs_client;

--
-- Temporary view structure for view `statements_with_runtimes_in_95th_percentile`
--

DROP TABLE IF EXISTS `statements_with_runtimes_in_95th_percentile`;
/*!50001 DROP VIEW IF EXISTS `statements_with_runtimes_in_95th_percentile`*/;
SET @saved_cs_client     = @@character_set_client;
/*!50503 SET character_set_client = utf8mb4 */;
/*!50001 CREATE VIEW `statements_with_runtimes_in_95th_percentile` AS SELECT 
 1 AS `query`,
 1 AS `db`,
 1 AS `full_scan`,
 1 AS `exec_count`,
 1 AS `err_count`,
 1 AS `warn_count`,
 1 AS `total_latency`,
 1 AS `max_latency`,
 1 AS `avg_latency`,
 1 AS `rows_sent`,
 1 AS `rows_sent_avg`,
 1 AS `rows_examined`,
 1 AS `rows_examined_avg`,
 1 AS `first_seen`,
 1 AS `last_seen`,
 1 AS `digest`*/;
SET character_set_client = @saved_cs_client;

--
-- Temporary view structure for view `statements_with_sorting`
--

DROP TABLE IF EXISTS `statements_with_sorting`;
/*!50001 DROP VIEW IF EXISTS `statements_with_sorting`*/;
SET @saved_cs_client     = @@character_set_client;
/*!50503 SET character_set_client = utf8mb4 */;
/*!50001 CREATE VIEW `statements_with_sorting` AS SELECT 
 1 AS `query`,
 1 AS `db`,
 1 AS `exec_count`,
 1 AS `total_latency`,
 1 AS `sort_merge_passes`,
 1 AS `avg_sort_merges`,
 1 AS `sorts_using_scans`,
 1 AS `sort_using_range`,
 1 AS `rows_sorted`,
 1 AS `avg_rows_sorted`,
 1 AS `first_seen`,
 1 AS `last_seen`,
 1 AS `digest`*/;
SET character_set_client = @saved_cs_client;

--
-- Temporary view structure for view `statements_with_temp_tables`
--

DROP TABLE IF EXISTS `statements_with_temp_tables`;
/*!50001 DROP VIEW IF EXISTS `statements_with_temp_tables`*/;
SET @saved_cs_client     = @@character_set_client;
/*!50503 SET character_set_client = utf8mb4 */;
/*!50001 CREATE VIEW `statements_with_temp_tables` AS SELECT 
 1 AS `query`,
 1 AS `db`,
 1 AS `exec_count`,
 1 AS `total_latency`,
 1 AS `memory_tmp_tables`,
 1 AS `disk_tmp_tables`,
 1 AS `avg_tmp_tables_per_query`,
 1 AS `tmp_tables_to_disk_pct`,
 1 AS `first_seen`,
 1 AS `last_seen`,
 1 AS `digest`*/;
SET character_set_client = @saved_cs_client;

--
-- Table structure for table `sys_config`
--

DROP TABLE IF EXISTS `sys_config`;
/*!40101 SET @saved_cs_client     = @@character_set_client */;
/*!50503 SET character_set_client = utf8mb4 */;
CREATE TABLE `sys_config` (
  `variable` varchar(128) NOT NULL,
  `value` varchar(128) DEFAULT NULL,
  `set_time` timestamp NULL DEFAULT CURRENT_TIMESTAMP ON UPDATE CURRENT_TIMESTAMP,
  `set_by` varchar(128) DEFAULT NULL,
  PRIMARY KEY (`variable`)
) ENGINE=InnoDB DEFAULT CHARSET=utf8mb4 COLLATE=utf8mb4_0900_ai_ci;
/*!40101 SET character_set_client = @saved_cs_client */;

--
-- Dumping data for table `sys_config`
--

LOCK TABLES `sys_config` WRITE;
/*!40000 ALTER TABLE `sys_config` DISABLE KEYS */;
INSERT INTO `sys_config` VALUES ('diagnostics.allow_i_s_tables','OFF','2019-11-10 16:20:05',NULL),('diagnostics.include_raw','OFF','2019-11-10 16:20:05',NULL),('ps_thread_trx_info.max_length','65535','2019-11-10 16:20:05',NULL),('statement_performance_analyzer.limit','100','2019-11-10 16:20:05',NULL),('statement_performance_analyzer.view',NULL,'2019-11-10 16:20:05',NULL),('statement_truncate_len','64','2019-11-10 16:20:05',NULL);
/*!40000 ALTER TABLE `sys_config` ENABLE KEYS */;
UNLOCK TABLES;

--
-- Temporary view structure for view `user_summary`
--

DROP TABLE IF EXISTS `user_summary`;
/*!50001 DROP VIEW IF EXISTS `user_summary`*/;
SET @saved_cs_client     = @@character_set_client;
/*!50503 SET character_set_client = utf8mb4 */;
/*!50001 CREATE VIEW `user_summary` AS SELECT 
 1 AS `user`,
 1 AS `statements`,
 1 AS `statement_latency`,
 1 AS `statement_avg_latency`,
 1 AS `table_scans`,
 1 AS `file_ios`,
 1 AS `file_io_latency`,
 1 AS `current_connections`,
 1 AS `total_connections`,
 1 AS `unique_hosts`,
 1 AS `current_memory`,
 1 AS `total_memory_allocated`*/;
SET character_set_client = @saved_cs_client;

--
-- Temporary view structure for view `user_summary_by_file_io`
--

DROP TABLE IF EXISTS `user_summary_by_file_io`;
/*!50001 DROP VIEW IF EXISTS `user_summary_by_file_io`*/;
SET @saved_cs_client     = @@character_set_client;
/*!50503 SET character_set_client = utf8mb4 */;
/*!50001 CREATE VIEW `user_summary_by_file_io` AS SELECT 
 1 AS `user`,
 1 AS `ios`,
 1 AS `io_latency`*/;
SET character_set_client = @saved_cs_client;

--
-- Temporary view structure for view `user_summary_by_file_io_type`
--

DROP TABLE IF EXISTS `user_summary_by_file_io_type`;
/*!50001 DROP VIEW IF EXISTS `user_summary_by_file_io_type`*/;
SET @saved_cs_client     = @@character_set_client;
/*!50503 SET character_set_client = utf8mb4 */;
/*!50001 CREATE VIEW `user_summary_by_file_io_type` AS SELECT 
 1 AS `user`,
 1 AS `event_name`,
 1 AS `total`,
 1 AS `latency`,
 1 AS `max_latency`*/;
SET character_set_client = @saved_cs_client;

--
-- Temporary view structure for view `user_summary_by_stages`
--

DROP TABLE IF EXISTS `user_summary_by_stages`;
/*!50001 DROP VIEW IF EXISTS `user_summary_by_stages`*/;
SET @saved_cs_client     = @@character_set_client;
/*!50503 SET character_set_client = utf8mb4 */;
/*!50001 CREATE VIEW `user_summary_by_stages` AS SELECT 
 1 AS `user`,
 1 AS `event_name`,
 1 AS `total`,
 1 AS `total_latency`,
 1 AS `avg_latency`*/;
SET character_set_client = @saved_cs_client;

--
-- Temporary view structure for view `user_summary_by_statement_latency`
--

DROP TABLE IF EXISTS `user_summary_by_statement_latency`;
/*!50001 DROP VIEW IF EXISTS `user_summary_by_statement_latency`*/;
SET @saved_cs_client     = @@character_set_client;
/*!50503 SET character_set_client = utf8mb4 */;
/*!50001 CREATE VIEW `user_summary_by_statement_latency` AS SELECT 
 1 AS `user`,
 1 AS `total`,
 1 AS `total_latency`,
 1 AS `max_latency`,
 1 AS `lock_latency`,
 1 AS `rows_sent`,
 1 AS `rows_examined`,
 1 AS `rows_affected`,
 1 AS `full_scans`*/;
SET character_set_client = @saved_cs_client;

--
-- Temporary view structure for view `user_summary_by_statement_type`
--

DROP TABLE IF EXISTS `user_summary_by_statement_type`;
/*!50001 DROP VIEW IF EXISTS `user_summary_by_statement_type`*/;
SET @saved_cs_client     = @@character_set_client;
/*!50503 SET character_set_client = utf8mb4 */;
/*!50001 CREATE VIEW `user_summary_by_statement_type` AS SELECT 
 1 AS `user`,
 1 AS `statement`,
 1 AS `total`,
 1 AS `total_latency`,
 1 AS `max_latency`,
 1 AS `lock_latency`,
 1 AS `rows_sent`,
 1 AS `rows_examined`,
 1 AS `rows_affected`,
 1 AS `full_scans`*/;
SET character_set_client = @saved_cs_client;

--
-- Temporary view structure for view `version`
--

DROP TABLE IF EXISTS `version`;
/*!50001 DROP VIEW IF EXISTS `version`*/;
SET @saved_cs_client     = @@character_set_client;
/*!50503 SET character_set_client = utf8mb4 */;
/*!50001 CREATE VIEW `version` AS SELECT 
 1 AS `sys_version`,
 1 AS `mysql_version`*/;
SET character_set_client = @saved_cs_client;

--
-- Temporary view structure for view `wait_classes_global_by_avg_latency`
--

DROP TABLE IF EXISTS `wait_classes_global_by_avg_latency`;
/*!50001 DROP VIEW IF EXISTS `wait_classes_global_by_avg_latency`*/;
SET @saved_cs_client     = @@character_set_client;
/*!50503 SET character_set_client = utf8mb4 */;
/*!50001 CREATE VIEW `wait_classes_global_by_avg_latency` AS SELECT 
 1 AS `event_class`,
 1 AS `total`,
 1 AS `total_latency`,
 1 AS `min_latency`,
 1 AS `avg_latency`,
 1 AS `max_latency`*/;
SET character_set_client = @saved_cs_client;

--
-- Temporary view structure for view `wait_classes_global_by_latency`
--

DROP TABLE IF EXISTS `wait_classes_global_by_latency`;
/*!50001 DROP VIEW IF EXISTS `wait_classes_global_by_latency`*/;
SET @saved_cs_client     = @@character_set_client;
/*!50503 SET character_set_client = utf8mb4 */;
/*!50001 CREATE VIEW `wait_classes_global_by_latency` AS SELECT 
 1 AS `event_class`,
 1 AS `total`,
 1 AS `total_latency`,
 1 AS `min_latency`,
 1 AS `avg_latency`,
 1 AS `max_latency`*/;
SET character_set_client = @saved_cs_client;

--
-- Temporary view structure for view `waits_by_host_by_latency`
--

DROP TABLE IF EXISTS `waits_by_host_by_latency`;
/*!50001 DROP VIEW IF EXISTS `waits_by_host_by_latency`*/;
SET @saved_cs_client     = @@character_set_client;
/*!50503 SET character_set_client = utf8mb4 */;
/*!50001 CREATE VIEW `waits_by_host_by_latency` AS SELECT 
 1 AS `host`,
 1 AS `event`,
 1 AS `total`,
 1 AS `total_latency`,
 1 AS `avg_latency`,
 1 AS `max_latency`*/;
SET character_set_client = @saved_cs_client;

--
-- Temporary view structure for view `waits_by_user_by_latency`
--

DROP TABLE IF EXISTS `waits_by_user_by_latency`;
/*!50001 DROP VIEW IF EXISTS `waits_by_user_by_latency`*/;
SET @saved_cs_client     = @@character_set_client;
/*!50503 SET character_set_client = utf8mb4 */;
/*!50001 CREATE VIEW `waits_by_user_by_latency` AS SELECT 
 1 AS `user`,
 1 AS `event`,
 1 AS `total`,
 1 AS `total_latency`,
 1 AS `avg_latency`,
 1 AS `max_latency`*/;
SET character_set_client = @saved_cs_client;

--
-- Temporary view structure for view `waits_global_by_latency`
--

DROP TABLE IF EXISTS `waits_global_by_latency`;
/*!50001 DROP VIEW IF EXISTS `waits_global_by_latency`*/;
SET @saved_cs_client     = @@character_set_client;
/*!50503 SET character_set_client = utf8mb4 */;
/*!50001 CREATE VIEW `waits_global_by_latency` AS SELECT 
 1 AS `events`,
 1 AS `total`,
 1 AS `total_latency`,
 1 AS `avg_latency`,
 1 AS `max_latency`*/;
SET character_set_client = @saved_cs_client;

--
-- Temporary view structure for view `x$host_summary`
--

DROP TABLE IF EXISTS `x$host_summary`;
/*!50001 DROP VIEW IF EXISTS `x$host_summary`*/;
SET @saved_cs_client     = @@character_set_client;
/*!50503 SET character_set_client = utf8mb4 */;
/*!50001 CREATE VIEW `x$host_summary` AS SELECT 
 1 AS `host`,
 1 AS `statements`,
 1 AS `statement_latency`,
 1 AS `statement_avg_latency`,
 1 AS `table_scans`,
 1 AS `file_ios`,
 1 AS `file_io_latency`,
 1 AS `current_connections`,
 1 AS `total_connections`,
 1 AS `unique_users`,
 1 AS `current_memory`,
 1 AS `total_memory_allocated`*/;
SET character_set_client = @saved_cs_client;

--
-- Temporary view structure for view `x$host_summary_by_file_io`
--

DROP TABLE IF EXISTS `x$host_summary_by_file_io`;
/*!50001 DROP VIEW IF EXISTS `x$host_summary_by_file_io`*/;
SET @saved_cs_client     = @@character_set_client;
/*!50503 SET character_set_client = utf8mb4 */;
/*!50001 CREATE VIEW `x$host_summary_by_file_io` AS SELECT 
 1 AS `host`,
 1 AS `ios`,
 1 AS `io_latency`*/;
SET character_set_client = @saved_cs_client;

--
-- Temporary view structure for view `x$host_summary_by_file_io_type`
--

DROP TABLE IF EXISTS `x$host_summary_by_file_io_type`;
/*!50001 DROP VIEW IF EXISTS `x$host_summary_by_file_io_type`*/;
SET @saved_cs_client     = @@character_set_client;
/*!50503 SET character_set_client = utf8mb4 */;
/*!50001 CREATE VIEW `x$host_summary_by_file_io_type` AS SELECT 
 1 AS `host`,
 1 AS `event_name`,
 1 AS `total`,
 1 AS `total_latency`,
 1 AS `max_latency`*/;
SET character_set_client = @saved_cs_client;

--
-- Temporary view structure for view `x$host_summary_by_stages`
--

DROP TABLE IF EXISTS `x$host_summary_by_stages`;
/*!50001 DROP VIEW IF EXISTS `x$host_summary_by_stages`*/;
SET @saved_cs_client     = @@character_set_client;
/*!50503 SET character_set_client = utf8mb4 */;
/*!50001 CREATE VIEW `x$host_summary_by_stages` AS SELECT 
 1 AS `host`,
 1 AS `event_name`,
 1 AS `total`,
 1 AS `total_latency`,
 1 AS `avg_latency`*/;
SET character_set_client = @saved_cs_client;

--
-- Temporary view structure for view `x$host_summary_by_statement_latency`
--

DROP TABLE IF EXISTS `x$host_summary_by_statement_latency`;
/*!50001 DROP VIEW IF EXISTS `x$host_summary_by_statement_latency`*/;
SET @saved_cs_client     = @@character_set_client;
/*!50503 SET character_set_client = utf8mb4 */;
/*!50001 CREATE VIEW `x$host_summary_by_statement_latency` AS SELECT 
 1 AS `host`,
 1 AS `total`,
 1 AS `total_latency`,
 1 AS `max_latency`,
 1 AS `lock_latency`,
 1 AS `rows_sent`,
 1 AS `rows_examined`,
 1 AS `rows_affected`,
 1 AS `full_scans`*/;
SET character_set_client = @saved_cs_client;

--
-- Temporary view structure for view `x$host_summary_by_statement_type`
--

DROP TABLE IF EXISTS `x$host_summary_by_statement_type`;
/*!50001 DROP VIEW IF EXISTS `x$host_summary_by_statement_type`*/;
SET @saved_cs_client     = @@character_set_client;
/*!50503 SET character_set_client = utf8mb4 */;
/*!50001 CREATE VIEW `x$host_summary_by_statement_type` AS SELECT 
 1 AS `host`,
 1 AS `statement`,
 1 AS `total`,
 1 AS `total_latency`,
 1 AS `max_latency`,
 1 AS `lock_latency`,
 1 AS `rows_sent`,
 1 AS `rows_examined`,
 1 AS `rows_affected`,
 1 AS `full_scans`*/;
SET character_set_client = @saved_cs_client;

--
-- Temporary view structure for view `x$innodb_buffer_stats_by_schema`
--

DROP TABLE IF EXISTS `x$innodb_buffer_stats_by_schema`;
/*!50001 DROP VIEW IF EXISTS `x$innodb_buffer_stats_by_schema`*/;
SET @saved_cs_client     = @@character_set_client;
/*!50503 SET character_set_client = utf8mb4 */;
/*!50001 CREATE VIEW `x$innodb_buffer_stats_by_schema` AS SELECT 
 1 AS `object_schema`,
 1 AS `allocated`,
 1 AS `data`,
 1 AS `pages`,
 1 AS `pages_hashed`,
 1 AS `pages_old`,
 1 AS `rows_cached`*/;
SET character_set_client = @saved_cs_client;

--
-- Temporary view structure for view `x$innodb_buffer_stats_by_table`
--

DROP TABLE IF EXISTS `x$innodb_buffer_stats_by_table`;
/*!50001 DROP VIEW IF EXISTS `x$innodb_buffer_stats_by_table`*/;
SET @saved_cs_client     = @@character_set_client;
/*!50503 SET character_set_client = utf8mb4 */;
/*!50001 CREATE VIEW `x$innodb_buffer_stats_by_table` AS SELECT 
 1 AS `object_schema`,
 1 AS `object_name`,
 1 AS `allocated`,
 1 AS `data`,
 1 AS `pages`,
 1 AS `pages_hashed`,
 1 AS `pages_old`,
 1 AS `rows_cached`*/;
SET character_set_client = @saved_cs_client;

--
-- Temporary view structure for view `x$innodb_lock_waits`
--

DROP TABLE IF EXISTS `x$innodb_lock_waits`;
/*!50001 DROP VIEW IF EXISTS `x$innodb_lock_waits`*/;
SET @saved_cs_client     = @@character_set_client;
/*!50503 SET character_set_client = utf8mb4 */;
/*!50001 CREATE VIEW `x$innodb_lock_waits` AS SELECT 
 1 AS `wait_started`,
 1 AS `wait_age`,
 1 AS `wait_age_secs`,
 1 AS `locked_table`,
 1 AS `locked_table_schema`,
 1 AS `locked_table_name`,
 1 AS `locked_table_partition`,
 1 AS `locked_table_subpartition`,
 1 AS `locked_index`,
 1 AS `locked_type`,
 1 AS `waiting_trx_id`,
 1 AS `waiting_trx_started`,
 1 AS `waiting_trx_age`,
 1 AS `waiting_trx_rows_locked`,
 1 AS `waiting_trx_rows_modified`,
 1 AS `waiting_pid`,
 1 AS `waiting_query`,
 1 AS `waiting_lock_id`,
 1 AS `waiting_lock_mode`,
 1 AS `blocking_trx_id`,
 1 AS `blocking_pid`,
 1 AS `blocking_query`,
 1 AS `blocking_lock_id`,
 1 AS `blocking_lock_mode`,
 1 AS `blocking_trx_started`,
 1 AS `blocking_trx_age`,
 1 AS `blocking_trx_rows_locked`,
 1 AS `blocking_trx_rows_modified`,
 1 AS `sql_kill_blocking_query`,
 1 AS `sql_kill_blocking_connection`*/;
SET character_set_client = @saved_cs_client;

--
-- Temporary view structure for view `x$io_by_thread_by_latency`
--

DROP TABLE IF EXISTS `x$io_by_thread_by_latency`;
/*!50001 DROP VIEW IF EXISTS `x$io_by_thread_by_latency`*/;
SET @saved_cs_client     = @@character_set_client;
/*!50503 SET character_set_client = utf8mb4 */;
/*!50001 CREATE VIEW `x$io_by_thread_by_latency` AS SELECT 
 1 AS `user`,
 1 AS `total`,
 1 AS `total_latency`,
 1 AS `min_latency`,
 1 AS `avg_latency`,
 1 AS `max_latency`,
 1 AS `thread_id`,
 1 AS `processlist_id`*/;
SET character_set_client = @saved_cs_client;

--
-- Temporary view structure for view `x$io_global_by_file_by_bytes`
--

DROP TABLE IF EXISTS `x$io_global_by_file_by_bytes`;
/*!50001 DROP VIEW IF EXISTS `x$io_global_by_file_by_bytes`*/;
SET @saved_cs_client     = @@character_set_client;
/*!50503 SET character_set_client = utf8mb4 */;
/*!50001 CREATE VIEW `x$io_global_by_file_by_bytes` AS SELECT 
 1 AS `file`,
 1 AS `count_read`,
 1 AS `total_read`,
 1 AS `avg_read`,
 1 AS `count_write`,
 1 AS `total_written`,
 1 AS `avg_write`,
 1 AS `total`,
 1 AS `write_pct`*/;
SET character_set_client = @saved_cs_client;

--
-- Temporary view structure for view `x$io_global_by_file_by_latency`
--

DROP TABLE IF EXISTS `x$io_global_by_file_by_latency`;
/*!50001 DROP VIEW IF EXISTS `x$io_global_by_file_by_latency`*/;
SET @saved_cs_client     = @@character_set_client;
/*!50503 SET character_set_client = utf8mb4 */;
/*!50001 CREATE VIEW `x$io_global_by_file_by_latency` AS SELECT 
 1 AS `file`,
 1 AS `total`,
 1 AS `total_latency`,
 1 AS `count_read`,
 1 AS `read_latency`,
 1 AS `count_write`,
 1 AS `write_latency`,
 1 AS `count_misc`,
 1 AS `misc_latency`*/;
SET character_set_client = @saved_cs_client;

--
-- Temporary view structure for view `x$io_global_by_wait_by_bytes`
--

DROP TABLE IF EXISTS `x$io_global_by_wait_by_bytes`;
/*!50001 DROP VIEW IF EXISTS `x$io_global_by_wait_by_bytes`*/;
SET @saved_cs_client     = @@character_set_client;
/*!50503 SET character_set_client = utf8mb4 */;
/*!50001 CREATE VIEW `x$io_global_by_wait_by_bytes` AS SELECT 
 1 AS `event_name`,
 1 AS `total`,
 1 AS `total_latency`,
 1 AS `min_latency`,
 1 AS `avg_latency`,
 1 AS `max_latency`,
 1 AS `count_read`,
 1 AS `total_read`,
 1 AS `avg_read`,
 1 AS `count_write`,
 1 AS `total_written`,
 1 AS `avg_written`,
 1 AS `total_requested`*/;
SET character_set_client = @saved_cs_client;

--
-- Temporary view structure for view `x$io_global_by_wait_by_latency`
--

DROP TABLE IF EXISTS `x$io_global_by_wait_by_latency`;
/*!50001 DROP VIEW IF EXISTS `x$io_global_by_wait_by_latency`*/;
SET @saved_cs_client     = @@character_set_client;
/*!50503 SET character_set_client = utf8mb4 */;
/*!50001 CREATE VIEW `x$io_global_by_wait_by_latency` AS SELECT 
 1 AS `event_name`,
 1 AS `total`,
 1 AS `total_latency`,
 1 AS `avg_latency`,
 1 AS `max_latency`,
 1 AS `read_latency`,
 1 AS `write_latency`,
 1 AS `misc_latency`,
 1 AS `count_read`,
 1 AS `total_read`,
 1 AS `avg_read`,
 1 AS `count_write`,
 1 AS `total_written`,
 1 AS `avg_written`*/;
SET character_set_client = @saved_cs_client;

--
-- Temporary view structure for view `x$latest_file_io`
--

DROP TABLE IF EXISTS `x$latest_file_io`;
/*!50001 DROP VIEW IF EXISTS `x$latest_file_io`*/;
SET @saved_cs_client     = @@character_set_client;
/*!50503 SET character_set_client = utf8mb4 */;
/*!50001 CREATE VIEW `x$latest_file_io` AS SELECT 
 1 AS `thread`,
 1 AS `file`,
 1 AS `latency`,
 1 AS `operation`,
 1 AS `requested`*/;
SET character_set_client = @saved_cs_client;

--
-- Temporary view structure for view `x$memory_by_host_by_current_bytes`
--

DROP TABLE IF EXISTS `x$memory_by_host_by_current_bytes`;
/*!50001 DROP VIEW IF EXISTS `x$memory_by_host_by_current_bytes`*/;
SET @saved_cs_client     = @@character_set_client;
/*!50503 SET character_set_client = utf8mb4 */;
/*!50001 CREATE VIEW `x$memory_by_host_by_current_bytes` AS SELECT 
 1 AS `host`,
 1 AS `current_count_used`,
 1 AS `current_allocated`,
 1 AS `current_avg_alloc`,
 1 AS `current_max_alloc`,
 1 AS `total_allocated`*/;
SET character_set_client = @saved_cs_client;

--
-- Temporary view structure for view `x$memory_by_thread_by_current_bytes`
--

DROP TABLE IF EXISTS `x$memory_by_thread_by_current_bytes`;
/*!50001 DROP VIEW IF EXISTS `x$memory_by_thread_by_current_bytes`*/;
SET @saved_cs_client     = @@character_set_client;
/*!50503 SET character_set_client = utf8mb4 */;
/*!50001 CREATE VIEW `x$memory_by_thread_by_current_bytes` AS SELECT 
 1 AS `thread_id`,
 1 AS `user`,
 1 AS `current_count_used`,
 1 AS `current_allocated`,
 1 AS `current_avg_alloc`,
 1 AS `current_max_alloc`,
 1 AS `total_allocated`*/;
SET character_set_client = @saved_cs_client;

--
-- Temporary view structure for view `x$memory_by_user_by_current_bytes`
--

DROP TABLE IF EXISTS `x$memory_by_user_by_current_bytes`;
/*!50001 DROP VIEW IF EXISTS `x$memory_by_user_by_current_bytes`*/;
SET @saved_cs_client     = @@character_set_client;
/*!50503 SET character_set_client = utf8mb4 */;
/*!50001 CREATE VIEW `x$memory_by_user_by_current_bytes` AS SELECT 
 1 AS `user`,
 1 AS `current_count_used`,
 1 AS `current_allocated`,
 1 AS `current_avg_alloc`,
 1 AS `current_max_alloc`,
 1 AS `total_allocated`*/;
SET character_set_client = @saved_cs_client;

--
-- Temporary view structure for view `x$memory_global_by_current_bytes`
--

DROP TABLE IF EXISTS `x$memory_global_by_current_bytes`;
/*!50001 DROP VIEW IF EXISTS `x$memory_global_by_current_bytes`*/;
SET @saved_cs_client     = @@character_set_client;
/*!50503 SET character_set_client = utf8mb4 */;
/*!50001 CREATE VIEW `x$memory_global_by_current_bytes` AS SELECT 
 1 AS `event_name`,
 1 AS `current_count`,
 1 AS `current_alloc`,
 1 AS `current_avg_alloc`,
 1 AS `high_count`,
 1 AS `high_alloc`,
 1 AS `high_avg_alloc`*/;
SET character_set_client = @saved_cs_client;

--
-- Temporary view structure for view `x$memory_global_total`
--

DROP TABLE IF EXISTS `x$memory_global_total`;
/*!50001 DROP VIEW IF EXISTS `x$memory_global_total`*/;
SET @saved_cs_client     = @@character_set_client;
/*!50503 SET character_set_client = utf8mb4 */;
/*!50001 CREATE VIEW `x$memory_global_total` AS SELECT 
 1 AS `total_allocated`*/;
SET character_set_client = @saved_cs_client;

--
-- Temporary view structure for view `x$processlist`
--

DROP TABLE IF EXISTS `x$processlist`;
/*!50001 DROP VIEW IF EXISTS `x$processlist`*/;
SET @saved_cs_client     = @@character_set_client;
/*!50503 SET character_set_client = utf8mb4 */;
/*!50001 CREATE VIEW `x$processlist` AS SELECT 
 1 AS `thd_id`,
 1 AS `conn_id`,
 1 AS `user`,
 1 AS `db`,
 1 AS `command`,
 1 AS `state`,
 1 AS `time`,
 1 AS `current_statement`,
 1 AS `statement_latency`,
 1 AS `progress`,
 1 AS `lock_latency`,
 1 AS `rows_examined`,
 1 AS `rows_sent`,
 1 AS `rows_affected`,
 1 AS `tmp_tables`,
 1 AS `tmp_disk_tables`,
 1 AS `full_scan`,
 1 AS `last_statement`,
 1 AS `last_statement_latency`,
 1 AS `current_memory`,
 1 AS `last_wait`,
 1 AS `last_wait_latency`,
 1 AS `source`,
 1 AS `trx_latency`,
 1 AS `trx_state`,
 1 AS `trx_autocommit`,
 1 AS `pid`,
 1 AS `program_name`*/;
SET character_set_client = @saved_cs_client;

--
-- Temporary view structure for view `x$ps_digest_95th_percentile_by_avg_us`
--

DROP TABLE IF EXISTS `x$ps_digest_95th_percentile_by_avg_us`;
/*!50001 DROP VIEW IF EXISTS `x$ps_digest_95th_percentile_by_avg_us`*/;
SET @saved_cs_client     = @@character_set_client;
/*!50503 SET character_set_client = utf8mb4 */;
/*!50001 CREATE VIEW `x$ps_digest_95th_percentile_by_avg_us` AS SELECT 
 1 AS `avg_us`,
 1 AS `percentile`*/;
SET character_set_client = @saved_cs_client;

--
-- Temporary view structure for view `x$ps_digest_avg_latency_distribution`
--

DROP TABLE IF EXISTS `x$ps_digest_avg_latency_distribution`;
/*!50001 DROP VIEW IF EXISTS `x$ps_digest_avg_latency_distribution`*/;
SET @saved_cs_client     = @@character_set_client;
/*!50503 SET character_set_client = utf8mb4 */;
/*!50001 CREATE VIEW `x$ps_digest_avg_latency_distribution` AS SELECT 
 1 AS `cnt`,
 1 AS `avg_us`*/;
SET character_set_client = @saved_cs_client;

--
-- Temporary view structure for view `x$ps_schema_table_statistics_io`
--

DROP TABLE IF EXISTS `x$ps_schema_table_statistics_io`;
/*!50001 DROP VIEW IF EXISTS `x$ps_schema_table_statistics_io`*/;
SET @saved_cs_client     = @@character_set_client;
/*!50503 SET character_set_client = utf8mb4 */;
/*!50001 CREATE VIEW `x$ps_schema_table_statistics_io` AS SELECT 
 1 AS `table_schema`,
 1 AS `table_name`,
 1 AS `count_read`,
 1 AS `sum_number_of_bytes_read`,
 1 AS `sum_timer_read`,
 1 AS `count_write`,
 1 AS `sum_number_of_bytes_write`,
 1 AS `sum_timer_write`,
 1 AS `count_misc`,
 1 AS `sum_timer_misc`*/;
SET character_set_client = @saved_cs_client;

--
-- Temporary view structure for view `x$schema_flattened_keys`
--

DROP TABLE IF EXISTS `x$schema_flattened_keys`;
/*!50001 DROP VIEW IF EXISTS `x$schema_flattened_keys`*/;
SET @saved_cs_client     = @@character_set_client;
/*!50503 SET character_set_client = utf8mb4 */;
/*!50001 CREATE VIEW `x$schema_flattened_keys` AS SELECT 
 1 AS `table_schema`,
 1 AS `table_name`,
 1 AS `index_name`,
 1 AS `non_unique`,
 1 AS `subpart_exists`,
 1 AS `index_columns`*/;
SET character_set_client = @saved_cs_client;

--
-- Temporary view structure for view `x$schema_index_statistics`
--

DROP TABLE IF EXISTS `x$schema_index_statistics`;
/*!50001 DROP VIEW IF EXISTS `x$schema_index_statistics`*/;
SET @saved_cs_client     = @@character_set_client;
/*!50503 SET character_set_client = utf8mb4 */;
/*!50001 CREATE VIEW `x$schema_index_statistics` AS SELECT 
 1 AS `table_schema`,
 1 AS `table_name`,
 1 AS `index_name`,
 1 AS `rows_selected`,
 1 AS `select_latency`,
 1 AS `rows_inserted`,
 1 AS `insert_latency`,
 1 AS `rows_updated`,
 1 AS `update_latency`,
 1 AS `rows_deleted`,
 1 AS `delete_latency`*/;
SET character_set_client = @saved_cs_client;

--
-- Temporary view structure for view `x$schema_table_lock_waits`
--

DROP TABLE IF EXISTS `x$schema_table_lock_waits`;
/*!50001 DROP VIEW IF EXISTS `x$schema_table_lock_waits`*/;
SET @saved_cs_client     = @@character_set_client;
/*!50503 SET character_set_client = utf8mb4 */;
/*!50001 CREATE VIEW `x$schema_table_lock_waits` AS SELECT 
 1 AS `object_schema`,
 1 AS `object_name`,
 1 AS `waiting_thread_id`,
 1 AS `waiting_pid`,
 1 AS `waiting_account`,
 1 AS `waiting_lock_type`,
 1 AS `waiting_lock_duration`,
 1 AS `waiting_query`,
 1 AS `waiting_query_secs`,
 1 AS `waiting_query_rows_affected`,
 1 AS `waiting_query_rows_examined`,
 1 AS `blocking_thread_id`,
 1 AS `blocking_pid`,
 1 AS `blocking_account`,
 1 AS `blocking_lock_type`,
 1 AS `blocking_lock_duration`,
 1 AS `sql_kill_blocking_query`,
 1 AS `sql_kill_blocking_connection`*/;
SET character_set_client = @saved_cs_client;

--
-- Temporary view structure for view `x$schema_table_statistics`
--

DROP TABLE IF EXISTS `x$schema_table_statistics`;
/*!50001 DROP VIEW IF EXISTS `x$schema_table_statistics`*/;
SET @saved_cs_client     = @@character_set_client;
/*!50503 SET character_set_client = utf8mb4 */;
/*!50001 CREATE VIEW `x$schema_table_statistics` AS SELECT 
 1 AS `table_schema`,
 1 AS `table_name`,
 1 AS `total_latency`,
 1 AS `rows_fetched`,
 1 AS `fetch_latency`,
 1 AS `rows_inserted`,
 1 AS `insert_latency`,
 1 AS `rows_updated`,
 1 AS `update_latency`,
 1 AS `rows_deleted`,
 1 AS `delete_latency`,
 1 AS `io_read_requests`,
 1 AS `io_read`,
 1 AS `io_read_latency`,
 1 AS `io_write_requests`,
 1 AS `io_write`,
 1 AS `io_write_latency`,
 1 AS `io_misc_requests`,
 1 AS `io_misc_latency`*/;
SET character_set_client = @saved_cs_client;

--
-- Temporary view structure for view `x$schema_table_statistics_with_buffer`
--

DROP TABLE IF EXISTS `x$schema_table_statistics_with_buffer`;
/*!50001 DROP VIEW IF EXISTS `x$schema_table_statistics_with_buffer`*/;
SET @saved_cs_client     = @@character_set_client;
/*!50503 SET character_set_client = utf8mb4 */;
/*!50001 CREATE VIEW `x$schema_table_statistics_with_buffer` AS SELECT 
 1 AS `table_schema`,
 1 AS `table_name`,
 1 AS `rows_fetched`,
 1 AS `fetch_latency`,
 1 AS `rows_inserted`,
 1 AS `insert_latency`,
 1 AS `rows_updated`,
 1 AS `update_latency`,
 1 AS `rows_deleted`,
 1 AS `delete_latency`,
 1 AS `io_read_requests`,
 1 AS `io_read`,
 1 AS `io_read_latency`,
 1 AS `io_write_requests`,
 1 AS `io_write`,
 1 AS `io_write_latency`,
 1 AS `io_misc_requests`,
 1 AS `io_misc_latency`,
 1 AS `innodb_buffer_allocated`,
 1 AS `innodb_buffer_data`,
 1 AS `innodb_buffer_free`,
 1 AS `innodb_buffer_pages`,
 1 AS `innodb_buffer_pages_hashed`,
 1 AS `innodb_buffer_pages_old`,
 1 AS `innodb_buffer_rows_cached`*/;
SET character_set_client = @saved_cs_client;

--
-- Temporary view structure for view `x$schema_tables_with_full_table_scans`
--

DROP TABLE IF EXISTS `x$schema_tables_with_full_table_scans`;
/*!50001 DROP VIEW IF EXISTS `x$schema_tables_with_full_table_scans`*/;
SET @saved_cs_client     = @@character_set_client;
/*!50503 SET character_set_client = utf8mb4 */;
/*!50001 CREATE VIEW `x$schema_tables_with_full_table_scans` AS SELECT 
 1 AS `object_schema`,
 1 AS `object_name`,
 1 AS `rows_full_scanned`,
 1 AS `latency`*/;
SET character_set_client = @saved_cs_client;

--
-- Temporary view structure for view `x$session`
--

DROP TABLE IF EXISTS `x$session`;
/*!50001 DROP VIEW IF EXISTS `x$session`*/;
SET @saved_cs_client     = @@character_set_client;
/*!50503 SET character_set_client = utf8mb4 */;
/*!50001 CREATE VIEW `x$session` AS SELECT 
 1 AS `thd_id`,
 1 AS `conn_id`,
 1 AS `user`,
 1 AS `db`,
 1 AS `command`,
 1 AS `state`,
 1 AS `time`,
 1 AS `current_statement`,
 1 AS `statement_latency`,
 1 AS `progress`,
 1 AS `lock_latency`,
 1 AS `rows_examined`,
 1 AS `rows_sent`,
 1 AS `rows_affected`,
 1 AS `tmp_tables`,
 1 AS `tmp_disk_tables`,
 1 AS `full_scan`,
 1 AS `last_statement`,
 1 AS `last_statement_latency`,
 1 AS `current_memory`,
 1 AS `last_wait`,
 1 AS `last_wait_latency`,
 1 AS `source`,
 1 AS `trx_latency`,
 1 AS `trx_state`,
 1 AS `trx_autocommit`,
 1 AS `pid`,
 1 AS `program_name`*/;
SET character_set_client = @saved_cs_client;

--
-- Temporary view structure for view `x$statement_analysis`
--

DROP TABLE IF EXISTS `x$statement_analysis`;
/*!50001 DROP VIEW IF EXISTS `x$statement_analysis`*/;
SET @saved_cs_client     = @@character_set_client;
/*!50503 SET character_set_client = utf8mb4 */;
/*!50001 CREATE VIEW `x$statement_analysis` AS SELECT 
 1 AS `query`,
 1 AS `db`,
 1 AS `full_scan`,
 1 AS `exec_count`,
 1 AS `err_count`,
 1 AS `warn_count`,
 1 AS `total_latency`,
 1 AS `max_latency`,
 1 AS `avg_latency`,
 1 AS `lock_latency`,
 1 AS `rows_sent`,
 1 AS `rows_sent_avg`,
 1 AS `rows_examined`,
 1 AS `rows_examined_avg`,
 1 AS `rows_affected`,
 1 AS `rows_affected_avg`,
 1 AS `tmp_tables`,
 1 AS `tmp_disk_tables`,
 1 AS `rows_sorted`,
 1 AS `sort_merge_passes`,
 1 AS `digest`,
 1 AS `first_seen`,
 1 AS `last_seen`*/;
SET character_set_client = @saved_cs_client;

--
-- Temporary view structure for view `x$statements_with_errors_or_warnings`
--

DROP TABLE IF EXISTS `x$statements_with_errors_or_warnings`;
/*!50001 DROP VIEW IF EXISTS `x$statements_with_errors_or_warnings`*/;
SET @saved_cs_client     = @@character_set_client;
/*!50503 SET character_set_client = utf8mb4 */;
/*!50001 CREATE VIEW `x$statements_with_errors_or_warnings` AS SELECT 
 1 AS `query`,
 1 AS `db`,
 1 AS `exec_count`,
 1 AS `errors`,
 1 AS `error_pct`,
 1 AS `warnings`,
 1 AS `warning_pct`,
 1 AS `first_seen`,
 1 AS `last_seen`,
 1 AS `digest`*/;
SET character_set_client = @saved_cs_client;

--
-- Temporary view structure for view `x$statements_with_full_table_scans`
--

DROP TABLE IF EXISTS `x$statements_with_full_table_scans`;
/*!50001 DROP VIEW IF EXISTS `x$statements_with_full_table_scans`*/;
SET @saved_cs_client     = @@character_set_client;
/*!50503 SET character_set_client = utf8mb4 */;
/*!50001 CREATE VIEW `x$statements_with_full_table_scans` AS SELECT 
 1 AS `query`,
 1 AS `db`,
 1 AS `exec_count`,
 1 AS `total_latency`,
 1 AS `no_index_used_count`,
 1 AS `no_good_index_used_count`,
 1 AS `no_index_used_pct`,
 1 AS `rows_sent`,
 1 AS `rows_examined`,
 1 AS `rows_sent_avg`,
 1 AS `rows_examined_avg`,
 1 AS `first_seen`,
 1 AS `last_seen`,
 1 AS `digest`*/;
SET character_set_client = @saved_cs_client;

--
-- Temporary view structure for view `x$statements_with_runtimes_in_95th_percentile`
--

DROP TABLE IF EXISTS `x$statements_with_runtimes_in_95th_percentile`;
/*!50001 DROP VIEW IF EXISTS `x$statements_with_runtimes_in_95th_percentile`*/;
SET @saved_cs_client     = @@character_set_client;
/*!50503 SET character_set_client = utf8mb4 */;
/*!50001 CREATE VIEW `x$statements_with_runtimes_in_95th_percentile` AS SELECT 
 1 AS `query`,
 1 AS `db`,
 1 AS `full_scan`,
 1 AS `exec_count`,
 1 AS `err_count`,
 1 AS `warn_count`,
 1 AS `total_latency`,
 1 AS `max_latency`,
 1 AS `avg_latency`,
 1 AS `rows_sent`,
 1 AS `rows_sent_avg`,
 1 AS `rows_examined`,
 1 AS `rows_examined_avg`,
 1 AS `first_seen`,
 1 AS `last_seen`,
 1 AS `digest`*/;
SET character_set_client = @saved_cs_client;

--
-- Temporary view structure for view `x$statements_with_sorting`
--

DROP TABLE IF EXISTS `x$statements_with_sorting`;
/*!50001 DROP VIEW IF EXISTS `x$statements_with_sorting`*/;
SET @saved_cs_client     = @@character_set_client;
/*!50503 SET character_set_client = utf8mb4 */;
/*!50001 CREATE VIEW `x$statements_with_sorting` AS SELECT 
 1 AS `query`,
 1 AS `db`,
 1 AS `exec_count`,
 1 AS `total_latency`,
 1 AS `sort_merge_passes`,
 1 AS `avg_sort_merges`,
 1 AS `sorts_using_scans`,
 1 AS `sort_using_range`,
 1 AS `rows_sorted`,
 1 AS `avg_rows_sorted`,
 1 AS `first_seen`,
 1 AS `last_seen`,
 1 AS `digest`*/;
SET character_set_client = @saved_cs_client;

--
-- Temporary view structure for view `x$statements_with_temp_tables`
--

DROP TABLE IF EXISTS `x$statements_with_temp_tables`;
/*!50001 DROP VIEW IF EXISTS `x$statements_with_temp_tables`*/;
SET @saved_cs_client     = @@character_set_client;
/*!50503 SET character_set_client = utf8mb4 */;
/*!50001 CREATE VIEW `x$statements_with_temp_tables` AS SELECT 
 1 AS `query`,
 1 AS `db`,
 1 AS `exec_count`,
 1 AS `total_latency`,
 1 AS `memory_tmp_tables`,
 1 AS `disk_tmp_tables`,
 1 AS `avg_tmp_tables_per_query`,
 1 AS `tmp_tables_to_disk_pct`,
 1 AS `first_seen`,
 1 AS `last_seen`,
 1 AS `digest`*/;
SET character_set_client = @saved_cs_client;

--
-- Temporary view structure for view `x$user_summary`
--

DROP TABLE IF EXISTS `x$user_summary`;
/*!50001 DROP VIEW IF EXISTS `x$user_summary`*/;
SET @saved_cs_client     = @@character_set_client;
/*!50503 SET character_set_client = utf8mb4 */;
/*!50001 CREATE VIEW `x$user_summary` AS SELECT 
 1 AS `user`,
 1 AS `statements`,
 1 AS `statement_latency`,
 1 AS `statement_avg_latency`,
 1 AS `table_scans`,
 1 AS `file_ios`,
 1 AS `file_io_latency`,
 1 AS `current_connections`,
 1 AS `total_connections`,
 1 AS `unique_hosts`,
 1 AS `current_memory`,
 1 AS `total_memory_allocated`*/;
SET character_set_client = @saved_cs_client;

--
-- Temporary view structure for view `x$user_summary_by_file_io`
--

DROP TABLE IF EXISTS `x$user_summary_by_file_io`;
/*!50001 DROP VIEW IF EXISTS `x$user_summary_by_file_io`*/;
SET @saved_cs_client     = @@character_set_client;
/*!50503 SET character_set_client = utf8mb4 */;
/*!50001 CREATE VIEW `x$user_summary_by_file_io` AS SELECT 
 1 AS `user`,
 1 AS `ios`,
 1 AS `io_latency`*/;
SET character_set_client = @saved_cs_client;

--
-- Temporary view structure for view `x$user_summary_by_file_io_type`
--

DROP TABLE IF EXISTS `x$user_summary_by_file_io_type`;
/*!50001 DROP VIEW IF EXISTS `x$user_summary_by_file_io_type`*/;
SET @saved_cs_client     = @@character_set_client;
/*!50503 SET character_set_client = utf8mb4 */;
/*!50001 CREATE VIEW `x$user_summary_by_file_io_type` AS SELECT 
 1 AS `user`,
 1 AS `event_name`,
 1 AS `total`,
 1 AS `latency`,
 1 AS `max_latency`*/;
SET character_set_client = @saved_cs_client;

--
-- Temporary view structure for view `x$user_summary_by_stages`
--

DROP TABLE IF EXISTS `x$user_summary_by_stages`;
/*!50001 DROP VIEW IF EXISTS `x$user_summary_by_stages`*/;
SET @saved_cs_client     = @@character_set_client;
/*!50503 SET character_set_client = utf8mb4 */;
/*!50001 CREATE VIEW `x$user_summary_by_stages` AS SELECT 
 1 AS `user`,
 1 AS `event_name`,
 1 AS `total`,
 1 AS `total_latency`,
 1 AS `avg_latency`*/;
SET character_set_client = @saved_cs_client;

--
-- Temporary view structure for view `x$user_summary_by_statement_latency`
--

DROP TABLE IF EXISTS `x$user_summary_by_statement_latency`;
/*!50001 DROP VIEW IF EXISTS `x$user_summary_by_statement_latency`*/;
SET @saved_cs_client     = @@character_set_client;
/*!50503 SET character_set_client = utf8mb4 */;
/*!50001 CREATE VIEW `x$user_summary_by_statement_latency` AS SELECT 
 1 AS `user`,
 1 AS `total`,
 1 AS `total_latency`,
 1 AS `max_latency`,
 1 AS `lock_latency`,
 1 AS `rows_sent`,
 1 AS `rows_examined`,
 1 AS `rows_affected`,
 1 AS `full_scans`*/;
SET character_set_client = @saved_cs_client;

--
-- Temporary view structure for view `x$user_summary_by_statement_type`
--

DROP TABLE IF EXISTS `x$user_summary_by_statement_type`;
/*!50001 DROP VIEW IF EXISTS `x$user_summary_by_statement_type`*/;
SET @saved_cs_client     = @@character_set_client;
/*!50503 SET character_set_client = utf8mb4 */;
/*!50001 CREATE VIEW `x$user_summary_by_statement_type` AS SELECT 
 1 AS `user`,
 1 AS `statement`,
 1 AS `total`,
 1 AS `total_latency`,
 1 AS `max_latency`,
 1 AS `lock_latency`,
 1 AS `rows_sent`,
 1 AS `rows_examined`,
 1 AS `rows_affected`,
 1 AS `full_scans`*/;
SET character_set_client = @saved_cs_client;

--
-- Temporary view structure for view `x$wait_classes_global_by_avg_latency`
--

DROP TABLE IF EXISTS `x$wait_classes_global_by_avg_latency`;
/*!50001 DROP VIEW IF EXISTS `x$wait_classes_global_by_avg_latency`*/;
SET @saved_cs_client     = @@character_set_client;
/*!50503 SET character_set_client = utf8mb4 */;
/*!50001 CREATE VIEW `x$wait_classes_global_by_avg_latency` AS SELECT 
 1 AS `event_class`,
 1 AS `total`,
 1 AS `total_latency`,
 1 AS `min_latency`,
 1 AS `avg_latency`,
 1 AS `max_latency`*/;
SET character_set_client = @saved_cs_client;

--
-- Temporary view structure for view `x$wait_classes_global_by_latency`
--

DROP TABLE IF EXISTS `x$wait_classes_global_by_latency`;
/*!50001 DROP VIEW IF EXISTS `x$wait_classes_global_by_latency`*/;
SET @saved_cs_client     = @@character_set_client;
/*!50503 SET character_set_client = utf8mb4 */;
/*!50001 CREATE VIEW `x$wait_classes_global_by_latency` AS SELECT 
 1 AS `event_class`,
 1 AS `total`,
 1 AS `total_latency`,
 1 AS `min_latency`,
 1 AS `avg_latency`,
 1 AS `max_latency`*/;
SET character_set_client = @saved_cs_client;

--
-- Temporary view structure for view `x$waits_by_host_by_latency`
--

DROP TABLE IF EXISTS `x$waits_by_host_by_latency`;
/*!50001 DROP VIEW IF EXISTS `x$waits_by_host_by_latency`*/;
SET @saved_cs_client     = @@character_set_client;
/*!50503 SET character_set_client = utf8mb4 */;
/*!50001 CREATE VIEW `x$waits_by_host_by_latency` AS SELECT 
 1 AS `host`,
 1 AS `event`,
 1 AS `total`,
 1 AS `total_latency`,
 1 AS `avg_latency`,
 1 AS `max_latency`*/;
SET character_set_client = @saved_cs_client;

--
-- Temporary view structure for view `x$waits_by_user_by_latency`
--

DROP TABLE IF EXISTS `x$waits_by_user_by_latency`;
/*!50001 DROP VIEW IF EXISTS `x$waits_by_user_by_latency`*/;
SET @saved_cs_client     = @@character_set_client;
/*!50503 SET character_set_client = utf8mb4 */;
/*!50001 CREATE VIEW `x$waits_by_user_by_latency` AS SELECT 
 1 AS `user`,
 1 AS `event`,
 1 AS `total`,
 1 AS `total_latency`,
 1 AS `avg_latency`,
 1 AS `max_latency`*/;
SET character_set_client = @saved_cs_client;

--
-- Temporary view structure for view `x$waits_global_by_latency`
--

DROP TABLE IF EXISTS `x$waits_global_by_latency`;
/*!50001 DROP VIEW IF EXISTS `x$waits_global_by_latency`*/;
SET @saved_cs_client     = @@character_set_client;
/*!50503 SET character_set_client = utf8mb4 */;
/*!50001 CREATE VIEW `x$waits_global_by_latency` AS SELECT 
 1 AS `events`,
 1 AS `total`,
 1 AS `total_latency`,
 1 AS `avg_latency`,
 1 AS `max_latency`*/;
SET character_set_client = @saved_cs_client;

--
-- Final view structure for view `host_summary`
--

/*!50001 DROP VIEW IF EXISTS `host_summary`*/;
/*!50001 SET @saved_cs_client          = @@character_set_client */;
/*!50001 SET @saved_cs_results         = @@character_set_results */;
/*!50001 SET @saved_col_connection     = @@collation_connection */;
/*!50001 SET character_set_client      = utf8mb4 */;
/*!50001 SET character_set_results     = utf8mb4 */;
/*!50001 SET collation_connection      = utf8mb4_0900_ai_ci */;
/*!50001 CREATE ALGORITHM=TEMPTABLE */
/*!50013 DEFINER=`mysql.sys`@`localhost` SQL SECURITY INVOKER */
/*!50001 VIEW `host_summary` (`host`,`statements`,`statement_latency`,`statement_avg_latency`,`table_scans`,`file_ios`,`file_io_latency`,`current_connections`,`total_connections`,`unique_users`,`current_memory`,`total_memory_allocated`) AS select if((`performance_schema`.`accounts`.`HOST` is null),'background',`performance_schema`.`accounts`.`HOST`) AS `host`,sum(`stmt`.`total`) AS `statements`,`sys`.`format_time`(sum(`stmt`.`total_latency`)) AS `statement_latency`,`sys`.`format_time`(ifnull((sum(`stmt`.`total_latency`) / nullif(sum(`stmt`.`total`),0)),0)) AS `statement_avg_latency`,sum(`stmt`.`full_scans`) AS `table_scans`,sum(`io`.`ios`) AS `file_ios`,`sys`.`format_time`(sum(`io`.`io_latency`)) AS `file_io_latency`,sum(`performance_schema`.`accounts`.`CURRENT_CONNECTIONS`) AS `current_connections`,sum(`performance_schema`.`accounts`.`TOTAL_CONNECTIONS`) AS `total_connections`,count(distinct `performance_schema`.`accounts`.`USER`) AS `unique_users`,`sys`.`format_bytes`(sum(`mem`.`current_allocated`)) AS `current_memory`,`sys`.`format_bytes`(sum(`mem`.`total_allocated`)) AS `total_memory_allocated` from (((`performance_schema`.`accounts` join `x$host_summary_by_statement_latency` `stmt` on((`performance_schema`.`accounts`.`HOST` = `stmt`.`host`))) join `x$host_summary_by_file_io` `io` on((`performance_schema`.`accounts`.`HOST` = `io`.`host`))) join `x$memory_by_host_by_current_bytes` `mem` on((`performance_schema`.`accounts`.`HOST` = `mem`.`host`))) group by if((`performance_schema`.`accounts`.`HOST` is null),'background',`performance_schema`.`accounts`.`HOST`) */;
/*!50001 SET character_set_client      = @saved_cs_client */;
/*!50001 SET character_set_results     = @saved_cs_results */;
/*!50001 SET collation_connection      = @saved_col_connection */;

--
-- Final view structure for view `host_summary_by_file_io`
--

/*!50001 DROP VIEW IF EXISTS `host_summary_by_file_io`*/;
/*!50001 SET @saved_cs_client          = @@character_set_client */;
/*!50001 SET @saved_cs_results         = @@character_set_results */;
/*!50001 SET @saved_col_connection     = @@collation_connection */;
/*!50001 SET character_set_client      = utf8mb4 */;
/*!50001 SET character_set_results     = utf8mb4 */;
/*!50001 SET collation_connection      = utf8mb4_0900_ai_ci */;
/*!50001 CREATE ALGORITHM=TEMPTABLE */
/*!50013 DEFINER=`mysql.sys`@`localhost` SQL SECURITY INVOKER */
/*!50001 VIEW `host_summary_by_file_io` (`host`,`ios`,`io_latency`) AS select if((`performance_schema`.`events_waits_summary_by_host_by_event_name`.`HOST` is null),'background',`performance_schema`.`events_waits_summary_by_host_by_event_name`.`HOST`) AS `host`,sum(`performance_schema`.`events_waits_summary_by_host_by_event_name`.`COUNT_STAR`) AS `ios`,`sys`.`format_time`(sum(`performance_schema`.`events_waits_summary_by_host_by_event_name`.`SUM_TIMER_WAIT`)) AS `io_latency` from `performance_schema`.`events_waits_summary_by_host_by_event_name` where (`performance_schema`.`events_waits_summary_by_host_by_event_name`.`EVENT_NAME` like 'wait/io/file/%') group by if((`performance_schema`.`events_waits_summary_by_host_by_event_name`.`HOST` is null),'background',`performance_schema`.`events_waits_summary_by_host_by_event_name`.`HOST`) order by sum(`performance_schema`.`events_waits_summary_by_host_by_event_name`.`SUM_TIMER_WAIT`) desc */;
/*!50001 SET character_set_client      = @saved_cs_client */;
/*!50001 SET character_set_results     = @saved_cs_results */;
/*!50001 SET collation_connection      = @saved_col_connection */;

--
-- Final view structure for view `host_summary_by_file_io_type`
--

/*!50001 DROP VIEW IF EXISTS `host_summary_by_file_io_type`*/;
/*!50001 SET @saved_cs_client          = @@character_set_client */;
/*!50001 SET @saved_cs_results         = @@character_set_results */;
/*!50001 SET @saved_col_connection     = @@collation_connection */;
/*!50001 SET character_set_client      = utf8mb4 */;
/*!50001 SET character_set_results     = utf8mb4 */;
/*!50001 SET collation_connection      = utf8mb4_0900_ai_ci */;
/*!50001 CREATE ALGORITHM=MERGE */
/*!50013 DEFINER=`mysql.sys`@`localhost` SQL SECURITY INVOKER */
/*!50001 VIEW `host_summary_by_file_io_type` (`host`,`event_name`,`total`,`total_latency`,`max_latency`) AS select if((`performance_schema`.`events_waits_summary_by_host_by_event_name`.`HOST` is null),'background',`performance_schema`.`events_waits_summary_by_host_by_event_name`.`HOST`) AS `host`,`performance_schema`.`events_waits_summary_by_host_by_event_name`.`EVENT_NAME` AS `event_name`,`performance_schema`.`events_waits_summary_by_host_by_event_name`.`COUNT_STAR` AS `total`,`sys`.`format_time`(`performance_schema`.`events_waits_summary_by_host_by_event_name`.`SUM_TIMER_WAIT`) AS `total_latency`,`sys`.`format_time`(`performance_schema`.`events_waits_summary_by_host_by_event_name`.`MAX_TIMER_WAIT`) AS `max_latency` from `performance_schema`.`events_waits_summary_by_host_by_event_name` where ((`performance_schema`.`events_waits_summary_by_host_by_event_name`.`EVENT_NAME` like 'wait/io/file%') and (`performance_schema`.`events_waits_summary_by_host_by_event_name`.`COUNT_STAR` > 0)) order by if((`performance_schema`.`events_waits_summary_by_host_by_event_name`.`HOST` is null),'background',`performance_schema`.`events_waits_summary_by_host_by_event_name`.`HOST`),`performance_schema`.`events_waits_summary_by_host_by_event_name`.`SUM_TIMER_WAIT` desc */;
/*!50001 SET character_set_client      = @saved_cs_client */;
/*!50001 SET character_set_results     = @saved_cs_results */;
/*!50001 SET collation_connection      = @saved_col_connection */;

--
-- Final view structure for view `host_summary_by_stages`
--

/*!50001 DROP VIEW IF EXISTS `host_summary_by_stages`*/;
/*!50001 SET @saved_cs_client          = @@character_set_client */;
/*!50001 SET @saved_cs_results         = @@character_set_results */;
/*!50001 SET @saved_col_connection     = @@collation_connection */;
/*!50001 SET character_set_client      = utf8mb4 */;
/*!50001 SET character_set_results     = utf8mb4 */;
/*!50001 SET collation_connection      = utf8mb4_0900_ai_ci */;
/*!50001 CREATE ALGORITHM=MERGE */
/*!50013 DEFINER=`mysql.sys`@`localhost` SQL SECURITY INVOKER */
/*!50001 VIEW `host_summary_by_stages` (`host`,`event_name`,`total`,`total_latency`,`avg_latency`) AS select if((`performance_schema`.`events_stages_summary_by_host_by_event_name`.`HOST` is null),'background',`performance_schema`.`events_stages_summary_by_host_by_event_name`.`HOST`) AS `host`,`performance_schema`.`events_stages_summary_by_host_by_event_name`.`EVENT_NAME` AS `event_name`,`performance_schema`.`events_stages_summary_by_host_by_event_name`.`COUNT_STAR` AS `total`,`sys`.`format_time`(`performance_schema`.`events_stages_summary_by_host_by_event_name`.`SUM_TIMER_WAIT`) AS `total_latency`,`sys`.`format_time`(`performance_schema`.`events_stages_summary_by_host_by_event_name`.`AVG_TIMER_WAIT`) AS `avg_latency` from `performance_schema`.`events_stages_summary_by_host_by_event_name` where (`performance_schema`.`events_stages_summary_by_host_by_event_name`.`SUM_TIMER_WAIT` <> 0) order by if((`performance_schema`.`events_stages_summary_by_host_by_event_name`.`HOST` is null),'background',`performance_schema`.`events_stages_summary_by_host_by_event_name`.`HOST`),`performance_schema`.`events_stages_summary_by_host_by_event_name`.`SUM_TIMER_WAIT` desc */;
/*!50001 SET character_set_client      = @saved_cs_client */;
/*!50001 SET character_set_results     = @saved_cs_results */;
/*!50001 SET collation_connection      = @saved_col_connection */;

--
-- Final view structure for view `host_summary_by_statement_latency`
--

/*!50001 DROP VIEW IF EXISTS `host_summary_by_statement_latency`*/;
/*!50001 SET @saved_cs_client          = @@character_set_client */;
/*!50001 SET @saved_cs_results         = @@character_set_results */;
/*!50001 SET @saved_col_connection     = @@collation_connection */;
/*!50001 SET character_set_client      = utf8mb4 */;
/*!50001 SET character_set_results     = utf8mb4 */;
/*!50001 SET collation_connection      = utf8mb4_0900_ai_ci */;
/*!50001 CREATE ALGORITHM=TEMPTABLE */
/*!50013 DEFINER=`mysql.sys`@`localhost` SQL SECURITY INVOKER */
/*!50001 VIEW `host_summary_by_statement_latency` (`host`,`total`,`total_latency`,`max_latency`,`lock_latency`,`rows_sent`,`rows_examined`,`rows_affected`,`full_scans`) AS select if((`performance_schema`.`events_statements_summary_by_host_by_event_name`.`HOST` is null),'background',`performance_schema`.`events_statements_summary_by_host_by_event_name`.`HOST`) AS `host`,sum(`performance_schema`.`events_statements_summary_by_host_by_event_name`.`COUNT_STAR`) AS `total`,`sys`.`format_time`(sum(`performance_schema`.`events_statements_summary_by_host_by_event_name`.`SUM_TIMER_WAIT`)) AS `total_latency`,`sys`.`format_time`(max(`performance_schema`.`events_statements_summary_by_host_by_event_name`.`MAX_TIMER_WAIT`)) AS `max_latency`,`sys`.`format_time`(sum(`performance_schema`.`events_statements_summary_by_host_by_event_name`.`SUM_LOCK_TIME`)) AS `lock_latency`,sum(`performance_schema`.`events_statements_summary_by_host_by_event_name`.`SUM_ROWS_SENT`) AS `rows_sent`,sum(`performance_schema`.`events_statements_summary_by_host_by_event_name`.`SUM_ROWS_EXAMINED`) AS `rows_examined`,sum(`performance_schema`.`events_statements_summary_by_host_by_event_name`.`SUM_ROWS_AFFECTED`) AS `rows_affected`,(sum(`performance_schema`.`events_statements_summary_by_host_by_event_name`.`SUM_NO_INDEX_USED`) + sum(`performance_schema`.`events_statements_summary_by_host_by_event_name`.`SUM_NO_GOOD_INDEX_USED`)) AS `full_scans` from `performance_schema`.`events_statements_summary_by_host_by_event_name` group by if((`performance_schema`.`events_statements_summary_by_host_by_event_name`.`HOST` is null),'background',`performance_schema`.`events_statements_summary_by_host_by_event_name`.`HOST`) order by sum(`performance_schema`.`events_statements_summary_by_host_by_event_name`.`SUM_TIMER_WAIT`) desc */;
/*!50001 SET character_set_client      = @saved_cs_client */;
/*!50001 SET character_set_results     = @saved_cs_results */;
/*!50001 SET collation_connection      = @saved_col_connection */;

--
-- Final view structure for view `host_summary_by_statement_type`
--

/*!50001 DROP VIEW IF EXISTS `host_summary_by_statement_type`*/;
/*!50001 SET @saved_cs_client          = @@character_set_client */;
/*!50001 SET @saved_cs_results         = @@character_set_results */;
/*!50001 SET @saved_col_connection     = @@collation_connection */;
/*!50001 SET character_set_client      = utf8mb4 */;
/*!50001 SET character_set_results     = utf8mb4 */;
/*!50001 SET collation_connection      = utf8mb4_0900_ai_ci */;
/*!50001 CREATE ALGORITHM=MERGE */
/*!50013 DEFINER=`mysql.sys`@`localhost` SQL SECURITY INVOKER */
/*!50001 VIEW `host_summary_by_statement_type` (`host`,`statement`,`total`,`total_latency`,`max_latency`,`lock_latency`,`rows_sent`,`rows_examined`,`rows_affected`,`full_scans`) AS select if((`performance_schema`.`events_statements_summary_by_host_by_event_name`.`HOST` is null),'background',`performance_schema`.`events_statements_summary_by_host_by_event_name`.`HOST`) AS `host`,substring_index(`performance_schema`.`events_statements_summary_by_host_by_event_name`.`EVENT_NAME`,'/',-(1)) AS `statement`,`performance_schema`.`events_statements_summary_by_host_by_event_name`.`COUNT_STAR` AS `total`,`sys`.`format_time`(`performance_schema`.`events_statements_summary_by_host_by_event_name`.`SUM_TIMER_WAIT`) AS `total_latency`,`sys`.`format_time`(`performance_schema`.`events_statements_summary_by_host_by_event_name`.`MAX_TIMER_WAIT`) AS `max_latency`,`sys`.`format_time`(`performance_schema`.`events_statements_summary_by_host_by_event_name`.`SUM_LOCK_TIME`) AS `lock_latency`,`performance_schema`.`events_statements_summary_by_host_by_event_name`.`SUM_ROWS_SENT` AS `rows_sent`,`performance_schema`.`events_statements_summary_by_host_by_event_name`.`SUM_ROWS_EXAMINED` AS `rows_examined`,`performance_schema`.`events_statements_summary_by_host_by_event_name`.`SUM_ROWS_AFFECTED` AS `rows_affected`,(`performance_schema`.`events_statements_summary_by_host_by_event_name`.`SUM_NO_INDEX_USED` + `performance_schema`.`events_statements_summary_by_host_by_event_name`.`SUM_NO_GOOD_INDEX_USED`) AS `full_scans` from `performance_schema`.`events_statements_summary_by_host_by_event_name` where (`performance_schema`.`events_statements_summary_by_host_by_event_name`.`SUM_TIMER_WAIT` <> 0) order by if((`performance_schema`.`events_statements_summary_by_host_by_event_name`.`HOST` is null),'background',`performance_schema`.`events_statements_summary_by_host_by_event_name`.`HOST`),`performance_schema`.`events_statements_summary_by_host_by_event_name`.`SUM_TIMER_WAIT` desc */;
/*!50001 SET character_set_client      = @saved_cs_client */;
/*!50001 SET character_set_results     = @saved_cs_results */;
/*!50001 SET collation_connection      = @saved_col_connection */;

--
-- Final view structure for view `innodb_buffer_stats_by_schema`
--

/*!50001 DROP VIEW IF EXISTS `innodb_buffer_stats_by_schema`*/;
/*!50001 SET @saved_cs_client          = @@character_set_client */;
/*!50001 SET @saved_cs_results         = @@character_set_results */;
/*!50001 SET @saved_col_connection     = @@collation_connection */;
/*!50001 SET character_set_client      = utf8mb4 */;
/*!50001 SET character_set_results     = utf8mb4 */;
/*!50001 SET collation_connection      = utf8mb4_0900_ai_ci */;
/*!50001 CREATE ALGORITHM=TEMPTABLE */
/*!50013 DEFINER=`mysql.sys`@`localhost` SQL SECURITY INVOKER */
/*!50001 VIEW `innodb_buffer_stats_by_schema` (`object_schema`,`allocated`,`data`,`pages`,`pages_hashed`,`pages_old`,`rows_cached`) AS select if((locate('.',`ibp`.`TABLE_NAME`) = 0),'InnoDB System',replace(substring_index(`ibp`.`TABLE_NAME`,'.',1),'`','')) AS `object_schema`,`sys`.`format_bytes`(sum(if((`ibp`.`COMPRESSED_SIZE` = 0),16384,`ibp`.`COMPRESSED_SIZE`))) AS `allocated`,`sys`.`format_bytes`(sum(`ibp`.`DATA_SIZE`)) AS `data`,count(`ibp`.`PAGE_NUMBER`) AS `pages`,count(if((`ibp`.`IS_HASHED` = 'YES'),1,NULL)) AS `pages_hashed`,count(if((`ibp`.`IS_OLD` = 'YES'),1,NULL)) AS `pages_old`,round((sum(`ibp`.`NUMBER_RECORDS`) / count(distinct `ibp`.`INDEX_NAME`)),0) AS `rows_cached` from `information_schema`.`INNODB_BUFFER_PAGE` `ibp` where (`ibp`.`TABLE_NAME` is not null) group by `object_schema` order by sum(if((`ibp`.`COMPRESSED_SIZE` = 0),16384,`ibp`.`COMPRESSED_SIZE`)) desc */;
/*!50001 SET character_set_client      = @saved_cs_client */;
/*!50001 SET character_set_results     = @saved_cs_results */;
/*!50001 SET collation_connection      = @saved_col_connection */;

--
-- Final view structure for view `innodb_buffer_stats_by_table`
--

/*!50001 DROP VIEW IF EXISTS `innodb_buffer_stats_by_table`*/;
/*!50001 SET @saved_cs_client          = @@character_set_client */;
/*!50001 SET @saved_cs_results         = @@character_set_results */;
/*!50001 SET @saved_col_connection     = @@collation_connection */;
/*!50001 SET character_set_client      = utf8mb4 */;
/*!50001 SET character_set_results     = utf8mb4 */;
/*!50001 SET collation_connection      = utf8mb4_0900_ai_ci */;
/*!50001 CREATE ALGORITHM=TEMPTABLE */
/*!50013 DEFINER=`mysql.sys`@`localhost` SQL SECURITY INVOKER */
/*!50001 VIEW `innodb_buffer_stats_by_table` (`object_schema`,`object_name`,`allocated`,`data`,`pages`,`pages_hashed`,`pages_old`,`rows_cached`) AS select if((locate('.',`ibp`.`TABLE_NAME`) = 0),'InnoDB System',replace(substring_index(`ibp`.`TABLE_NAME`,'.',1),'`','')) AS `object_schema`,replace(substring_index(`ibp`.`TABLE_NAME`,'.',-(1)),'`','') AS `object_name`,`sys`.`format_bytes`(sum(if((`ibp`.`COMPRESSED_SIZE` = 0),16384,`ibp`.`COMPRESSED_SIZE`))) AS `allocated`,`sys`.`format_bytes`(sum(`ibp`.`DATA_SIZE`)) AS `data`,count(`ibp`.`PAGE_NUMBER`) AS `pages`,count(if((`ibp`.`IS_HASHED` = 'YES'),1,NULL)) AS `pages_hashed`,count(if((`ibp`.`IS_OLD` = 'YES'),1,NULL)) AS `pages_old`,round((sum(`ibp`.`NUMBER_RECORDS`) / count(distinct `ibp`.`INDEX_NAME`)),0) AS `rows_cached` from `information_schema`.`INNODB_BUFFER_PAGE` `ibp` where (`ibp`.`TABLE_NAME` is not null) group by `object_schema`,`object_name` order by sum(if((`ibp`.`COMPRESSED_SIZE` = 0),16384,`ibp`.`COMPRESSED_SIZE`)) desc */;
/*!50001 SET character_set_client      = @saved_cs_client */;
/*!50001 SET character_set_results     = @saved_cs_results */;
/*!50001 SET collation_connection      = @saved_col_connection */;

--
-- Final view structure for view `innodb_lock_waits`
--

/*!50001 DROP VIEW IF EXISTS `innodb_lock_waits`*/;
/*!50001 SET @saved_cs_client          = @@character_set_client */;
/*!50001 SET @saved_cs_results         = @@character_set_results */;
/*!50001 SET @saved_col_connection     = @@collation_connection */;
/*!50001 SET character_set_client      = utf8mb4 */;
/*!50001 SET character_set_results     = utf8mb4 */;
/*!50001 SET collation_connection      = utf8mb4_0900_ai_ci */;
/*!50001 CREATE ALGORITHM=TEMPTABLE */
/*!50013 DEFINER=`mysql.sys`@`localhost` SQL SECURITY INVOKER */
/*!50001 VIEW `innodb_lock_waits` (`wait_started`,`wait_age`,`wait_age_secs`,`locked_table`,`locked_table_schema`,`locked_table_name`,`locked_table_partition`,`locked_table_subpartition`,`locked_index`,`locked_type`,`waiting_trx_id`,`waiting_trx_started`,`waiting_trx_age`,`waiting_trx_rows_locked`,`waiting_trx_rows_modified`,`waiting_pid`,`waiting_query`,`waiting_lock_id`,`waiting_lock_mode`,`blocking_trx_id`,`blocking_pid`,`blocking_query`,`blocking_lock_id`,`blocking_lock_mode`,`blocking_trx_started`,`blocking_trx_age`,`blocking_trx_rows_locked`,`blocking_trx_rows_modified`,`sql_kill_blocking_query`,`sql_kill_blocking_connection`) AS select `r`.`trx_wait_started` AS `wait_started`,timediff(now(),`r`.`trx_wait_started`) AS `wait_age`,timestampdiff(SECOND,`r`.`trx_wait_started`,now()) AS `wait_age_secs`,concat(`sys`.`quote_identifier`(`rl`.`OBJECT_SCHEMA`),'.',`sys`.`quote_identifier`(`rl`.`OBJECT_NAME`)) AS `locked_table`,`rl`.`OBJECT_SCHEMA` AS `locked_table_schema`,`rl`.`OBJECT_NAME` AS `locked_table_name`,`rl`.`PARTITION_NAME` AS `locked_table_partition`,`rl`.`SUBPARTITION_NAME` AS `locked_table_subpartition`,`rl`.`INDEX_NAME` AS `locked_index`,`rl`.`LOCK_TYPE` AS `locked_type`,`r`.`trx_id` AS `waiting_trx_id`,`r`.`trx_started` AS `waiting_trx_started`,timediff(now(),`r`.`trx_started`) AS `waiting_trx_age`,`r`.`trx_rows_locked` AS `waiting_trx_rows_locked`,`r`.`trx_rows_modified` AS `waiting_trx_rows_modified`,`r`.`trx_mysql_thread_id` AS `waiting_pid`,`sys`.`format_statement`(`r`.`trx_query`) AS `waiting_query`,`rl`.`ENGINE_LOCK_ID` AS `waiting_lock_id`,`rl`.`LOCK_MODE` AS `waiting_lock_mode`,`b`.`trx_id` AS `blocking_trx_id`,`b`.`trx_mysql_thread_id` AS `blocking_pid`,`sys`.`format_statement`(`b`.`trx_query`) AS `blocking_query`,`bl`.`ENGINE_LOCK_ID` AS `blocking_lock_id`,`bl`.`LOCK_MODE` AS `blocking_lock_mode`,`b`.`trx_started` AS `blocking_trx_started`,timediff(now(),`b`.`trx_started`) AS `blocking_trx_age`,`b`.`trx_rows_locked` AS `blocking_trx_rows_locked`,`b`.`trx_rows_modified` AS `blocking_trx_rows_modified`,concat('KILL QUERY ',`b`.`trx_mysql_thread_id`) AS `sql_kill_blocking_query`,concat('KILL ',`b`.`trx_mysql_thread_id`) AS `sql_kill_blocking_connection` from ((((`performance_schema`.`data_lock_waits` `w` join `information_schema`.`INNODB_TRX` `b` on((convert(`b`.`trx_id` using utf8mb4) = cast(`w`.`BLOCKING_ENGINE_TRANSACTION_ID` as char charset utf8mb4)))) join `information_schema`.`INNODB_TRX` `r` on((convert(`r`.`trx_id` using utf8mb4) = cast(`w`.`REQUESTING_ENGINE_TRANSACTION_ID` as char charset utf8mb4)))) join `performance_schema`.`data_locks` `bl` on((`bl`.`ENGINE_LOCK_ID` = `w`.`BLOCKING_ENGINE_LOCK_ID`))) join `performance_schema`.`data_locks` `rl` on((`rl`.`ENGINE_LOCK_ID` = `w`.`REQUESTING_ENGINE_LOCK_ID`))) order by `r`.`trx_wait_started` */;
/*!50001 SET character_set_client      = @saved_cs_client */;
/*!50001 SET character_set_results     = @saved_cs_results */;
/*!50001 SET collation_connection      = @saved_col_connection */;

--
-- Final view structure for view `io_by_thread_by_latency`
--

/*!50001 DROP VIEW IF EXISTS `io_by_thread_by_latency`*/;
/*!50001 SET @saved_cs_client          = @@character_set_client */;
/*!50001 SET @saved_cs_results         = @@character_set_results */;
/*!50001 SET @saved_col_connection     = @@collation_connection */;
/*!50001 SET character_set_client      = utf8mb4 */;
/*!50001 SET character_set_results     = utf8mb4 */;
/*!50001 SET collation_connection      = utf8mb4_0900_ai_ci */;
/*!50001 CREATE ALGORITHM=TEMPTABLE */
/*!50013 DEFINER=`mysql.sys`@`localhost` SQL SECURITY INVOKER */
/*!50001 VIEW `io_by_thread_by_latency` (`user`,`total`,`total_latency`,`min_latency`,`avg_latency`,`max_latency`,`thread_id`,`processlist_id`) AS select if((`performance_schema`.`threads`.`PROCESSLIST_ID` is null),substring_index(`performance_schema`.`threads`.`NAME`,'/',-(1)),concat(`performance_schema`.`threads`.`PROCESSLIST_USER`,'@',convert(`performance_schema`.`threads`.`PROCESSLIST_HOST` using utf8mb4))) AS `user`,sum(`performance_schema`.`events_waits_summary_by_thread_by_event_name`.`COUNT_STAR`) AS `total`,`sys`.`format_time`(sum(`performance_schema`.`events_waits_summary_by_thread_by_event_name`.`SUM_TIMER_WAIT`)) AS `total_latency`,`sys`.`format_time`(min(`performance_schema`.`events_waits_summary_by_thread_by_event_name`.`MIN_TIMER_WAIT`)) AS `min_latency`,`sys`.`format_time`(avg(`performance_schema`.`events_waits_summary_by_thread_by_event_name`.`AVG_TIMER_WAIT`)) AS `avg_latency`,`sys`.`format_time`(max(`performance_schema`.`events_waits_summary_by_thread_by_event_name`.`MAX_TIMER_WAIT`)) AS `max_latency`,`performance_schema`.`events_waits_summary_by_thread_by_event_name`.`THREAD_ID` AS `thread_id`,`performance_schema`.`threads`.`PROCESSLIST_ID` AS `processlist_id` from (`performance_schema`.`events_waits_summary_by_thread_by_event_name` left join `performance_schema`.`threads` on((`performance_schema`.`events_waits_summary_by_thread_by_event_name`.`THREAD_ID` = `performance_schema`.`threads`.`THREAD_ID`))) where ((`performance_schema`.`events_waits_summary_by_thread_by_event_name`.`EVENT_NAME` like 'wait/io/file/%') and (`performance_schema`.`events_waits_summary_by_thread_by_event_name`.`SUM_TIMER_WAIT` > 0)) group by `performance_schema`.`events_waits_summary_by_thread_by_event_name`.`THREAD_ID`,`performance_schema`.`threads`.`PROCESSLIST_ID`,`user` order by sum(`performance_schema`.`events_waits_summary_by_thread_by_event_name`.`SUM_TIMER_WAIT`) desc */;
/*!50001 SET character_set_client      = @saved_cs_client */;
/*!50001 SET character_set_results     = @saved_cs_results */;
/*!50001 SET collation_connection      = @saved_col_connection */;

--
-- Final view structure for view `io_global_by_file_by_bytes`
--

/*!50001 DROP VIEW IF EXISTS `io_global_by_file_by_bytes`*/;
/*!50001 SET @saved_cs_client          = @@character_set_client */;
/*!50001 SET @saved_cs_results         = @@character_set_results */;
/*!50001 SET @saved_col_connection     = @@collation_connection */;
/*!50001 SET character_set_client      = utf8mb4 */;
/*!50001 SET character_set_results     = utf8mb4 */;
/*!50001 SET collation_connection      = utf8mb4_0900_ai_ci */;
/*!50001 CREATE ALGORITHM=MERGE */
/*!50013 DEFINER=`mysql.sys`@`localhost` SQL SECURITY INVOKER */
/*!50001 VIEW `io_global_by_file_by_bytes` (`file`,`count_read`,`total_read`,`avg_read`,`count_write`,`total_written`,`avg_write`,`total`,`write_pct`) AS select `sys`.`format_path`(`performance_schema`.`file_summary_by_instance`.`FILE_NAME`) AS `file`,`performance_schema`.`file_summary_by_instance`.`COUNT_READ` AS `count_read`,`sys`.`format_bytes`(`performance_schema`.`file_summary_by_instance`.`SUM_NUMBER_OF_BYTES_READ`) AS `total_read`,`sys`.`format_bytes`(ifnull((`performance_schema`.`file_summary_by_instance`.`SUM_NUMBER_OF_BYTES_READ` / nullif(`performance_schema`.`file_summary_by_instance`.`COUNT_READ`,0)),0)) AS `avg_read`,`performance_schema`.`file_summary_by_instance`.`COUNT_WRITE` AS `count_write`,`sys`.`format_bytes`(`performance_schema`.`file_summary_by_instance`.`SUM_NUMBER_OF_BYTES_WRITE`) AS `total_written`,`sys`.`format_bytes`(ifnull((`performance_schema`.`file_summary_by_instance`.`SUM_NUMBER_OF_BYTES_WRITE` / nullif(`performance_schema`.`file_summary_by_instance`.`COUNT_WRITE`,0)),0.00)) AS `avg_write`,`sys`.`format_bytes`((`performance_schema`.`file_summary_by_instance`.`SUM_NUMBER_OF_BYTES_READ` + `performance_schema`.`file_summary_by_instance`.`SUM_NUMBER_OF_BYTES_WRITE`)) AS `total`,ifnull(round((100 - ((`performance_schema`.`file_summary_by_instance`.`SUM_NUMBER_OF_BYTES_READ` / nullif((`performance_schema`.`file_summary_by_instance`.`SUM_NUMBER_OF_BYTES_READ` + `performance_schema`.`file_summary_by_instance`.`SUM_NUMBER_OF_BYTES_WRITE`),0)) * 100)),2),0.00) AS `write_pct` from `performance_schema`.`file_summary_by_instance` order by (`performance_schema`.`file_summary_by_instance`.`SUM_NUMBER_OF_BYTES_READ` + `performance_schema`.`file_summary_by_instance`.`SUM_NUMBER_OF_BYTES_WRITE`) desc */;
/*!50001 SET character_set_client      = @saved_cs_client */;
/*!50001 SET character_set_results     = @saved_cs_results */;
/*!50001 SET collation_connection      = @saved_col_connection */;

--
-- Final view structure for view `io_global_by_file_by_latency`
--

/*!50001 DROP VIEW IF EXISTS `io_global_by_file_by_latency`*/;
/*!50001 SET @saved_cs_client          = @@character_set_client */;
/*!50001 SET @saved_cs_results         = @@character_set_results */;
/*!50001 SET @saved_col_connection     = @@collation_connection */;
/*!50001 SET character_set_client      = utf8mb4 */;
/*!50001 SET character_set_results     = utf8mb4 */;
/*!50001 SET collation_connection      = utf8mb4_0900_ai_ci */;
/*!50001 CREATE ALGORITHM=MERGE */
/*!50013 DEFINER=`mysql.sys`@`localhost` SQL SECURITY INVOKER */
/*!50001 VIEW `io_global_by_file_by_latency` (`file`,`total`,`total_latency`,`count_read`,`read_latency`,`count_write`,`write_latency`,`count_misc`,`misc_latency`) AS select `sys`.`format_path`(`performance_schema`.`file_summary_by_instance`.`FILE_NAME`) AS `file`,`performance_schema`.`file_summary_by_instance`.`COUNT_STAR` AS `total`,`sys`.`format_time`(`performance_schema`.`file_summary_by_instance`.`SUM_TIMER_WAIT`) AS `total_latency`,`performance_schema`.`file_summary_by_instance`.`COUNT_READ` AS `count_read`,`sys`.`format_time`(`performance_schema`.`file_summary_by_instance`.`SUM_TIMER_READ`) AS `read_latency`,`performance_schema`.`file_summary_by_instance`.`COUNT_WRITE` AS `count_write`,`sys`.`format_time`(`performance_schema`.`file_summary_by_instance`.`SUM_TIMER_WRITE`) AS `write_latency`,`performance_schema`.`file_summary_by_instance`.`COUNT_MISC` AS `count_misc`,`sys`.`format_time`(`performance_schema`.`file_summary_by_instance`.`SUM_TIMER_MISC`) AS `misc_latency` from `performance_schema`.`file_summary_by_instance` order by `performance_schema`.`file_summary_by_instance`.`SUM_TIMER_WAIT` desc */;
/*!50001 SET character_set_client      = @saved_cs_client */;
/*!50001 SET character_set_results     = @saved_cs_results */;
/*!50001 SET collation_connection      = @saved_col_connection */;

--
-- Final view structure for view `io_global_by_wait_by_bytes`
--

/*!50001 DROP VIEW IF EXISTS `io_global_by_wait_by_bytes`*/;
/*!50001 SET @saved_cs_client          = @@character_set_client */;
/*!50001 SET @saved_cs_results         = @@character_set_results */;
/*!50001 SET @saved_col_connection     = @@collation_connection */;
/*!50001 SET character_set_client      = utf8mb4 */;
/*!50001 SET character_set_results     = utf8mb4 */;
/*!50001 SET collation_connection      = utf8mb4_0900_ai_ci */;
/*!50001 CREATE ALGORITHM=MERGE */
/*!50013 DEFINER=`mysql.sys`@`localhost` SQL SECURITY INVOKER */
/*!50001 VIEW `io_global_by_wait_by_bytes` (`event_name`,`total`,`total_latency`,`min_latency`,`avg_latency`,`max_latency`,`count_read`,`total_read`,`avg_read`,`count_write`,`total_written`,`avg_written`,`total_requested`) AS select substring_index(`performance_schema`.`file_summary_by_event_name`.`EVENT_NAME`,'/',-(2)) AS `event_name`,`performance_schema`.`file_summary_by_event_name`.`COUNT_STAR` AS `total`,`sys`.`format_time`(`performance_schema`.`file_summary_by_event_name`.`SUM_TIMER_WAIT`) AS `total_latency`,`sys`.`format_time`(`performance_schema`.`file_summary_by_event_name`.`MIN_TIMER_WAIT`) AS `min_latency`,`sys`.`format_time`(`performance_schema`.`file_summary_by_event_name`.`AVG_TIMER_WAIT`) AS `avg_latency`,`sys`.`format_time`(`performance_schema`.`file_summary_by_event_name`.`MAX_TIMER_WAIT`) AS `max_latency`,`performance_schema`.`file_summary_by_event_name`.`COUNT_READ` AS `count_read`,`sys`.`format_bytes`(`performance_schema`.`file_summary_by_event_name`.`SUM_NUMBER_OF_BYTES_READ`) AS `total_read`,`sys`.`format_bytes`(ifnull((`performance_schema`.`file_summary_by_event_name`.`SUM_NUMBER_OF_BYTES_READ` / nullif(`performance_schema`.`file_summary_by_event_name`.`COUNT_READ`,0)),0)) AS `avg_read`,`performance_schema`.`file_summary_by_event_name`.`COUNT_WRITE` AS `count_write`,`sys`.`format_bytes`(`performance_schema`.`file_summary_by_event_name`.`SUM_NUMBER_OF_BYTES_WRITE`) AS `total_written`,`sys`.`format_bytes`(ifnull((`performance_schema`.`file_summary_by_event_name`.`SUM_NUMBER_OF_BYTES_WRITE` / nullif(`performance_schema`.`file_summary_by_event_name`.`COUNT_WRITE`,0)),0)) AS `avg_written`,`sys`.`format_bytes`((`performance_schema`.`file_summary_by_event_name`.`SUM_NUMBER_OF_BYTES_WRITE` + `performance_schema`.`file_summary_by_event_name`.`SUM_NUMBER_OF_BYTES_READ`)) AS `total_requested` from `performance_schema`.`file_summary_by_event_name` where ((`performance_schema`.`file_summary_by_event_name`.`EVENT_NAME` like 'wait/io/file/%') and (`performance_schema`.`file_summary_by_event_name`.`COUNT_STAR` > 0)) order by (`performance_schema`.`file_summary_by_event_name`.`SUM_NUMBER_OF_BYTES_WRITE` + `performance_schema`.`file_summary_by_event_name`.`SUM_NUMBER_OF_BYTES_READ`) desc */;
/*!50001 SET character_set_client      = @saved_cs_client */;
/*!50001 SET character_set_results     = @saved_cs_results */;
/*!50001 SET collation_connection      = @saved_col_connection */;

--
-- Final view structure for view `io_global_by_wait_by_latency`
--

/*!50001 DROP VIEW IF EXISTS `io_global_by_wait_by_latency`*/;
/*!50001 SET @saved_cs_client          = @@character_set_client */;
/*!50001 SET @saved_cs_results         = @@character_set_results */;
/*!50001 SET @saved_col_connection     = @@collation_connection */;
/*!50001 SET character_set_client      = utf8mb4 */;
/*!50001 SET character_set_results     = utf8mb4 */;
/*!50001 SET collation_connection      = utf8mb4_0900_ai_ci */;
/*!50001 CREATE ALGORITHM=MERGE */
/*!50013 DEFINER=`mysql.sys`@`localhost` SQL SECURITY INVOKER */
/*!50001 VIEW `io_global_by_wait_by_latency` (`event_name`,`total`,`total_latency`,`avg_latency`,`max_latency`,`read_latency`,`write_latency`,`misc_latency`,`count_read`,`total_read`,`avg_read`,`count_write`,`total_written`,`avg_written`) AS select substring_index(`performance_schema`.`file_summary_by_event_name`.`EVENT_NAME`,'/',-(2)) AS `event_name`,`performance_schema`.`file_summary_by_event_name`.`COUNT_STAR` AS `total`,`sys`.`format_time`(`performance_schema`.`file_summary_by_event_name`.`SUM_TIMER_WAIT`) AS `total_latency`,`sys`.`format_time`(`performance_schema`.`file_summary_by_event_name`.`AVG_TIMER_WAIT`) AS `avg_latency`,`sys`.`format_time`(`performance_schema`.`file_summary_by_event_name`.`MAX_TIMER_WAIT`) AS `max_latency`,`sys`.`format_time`(`performance_schema`.`file_summary_by_event_name`.`SUM_TIMER_READ`) AS `read_latency`,`sys`.`format_time`(`performance_schema`.`file_summary_by_event_name`.`SUM_TIMER_WRITE`) AS `write_latency`,`sys`.`format_time`(`performance_schema`.`file_summary_by_event_name`.`SUM_TIMER_MISC`) AS `misc_latency`,`performance_schema`.`file_summary_by_event_name`.`COUNT_READ` AS `count_read`,`sys`.`format_bytes`(`performance_schema`.`file_summary_by_event_name`.`SUM_NUMBER_OF_BYTES_READ`) AS `total_read`,`sys`.`format_bytes`(ifnull((`performance_schema`.`file_summary_by_event_name`.`SUM_NUMBER_OF_BYTES_READ` / nullif(`performance_schema`.`file_summary_by_event_name`.`COUNT_READ`,0)),0)) AS `avg_read`,`performance_schema`.`file_summary_by_event_name`.`COUNT_WRITE` AS `count_write`,`sys`.`format_bytes`(`performance_schema`.`file_summary_by_event_name`.`SUM_NUMBER_OF_BYTES_WRITE`) AS `total_written`,`sys`.`format_bytes`(ifnull((`performance_schema`.`file_summary_by_event_name`.`SUM_NUMBER_OF_BYTES_WRITE` / nullif(`performance_schema`.`file_summary_by_event_name`.`COUNT_WRITE`,0)),0)) AS `avg_written` from `performance_schema`.`file_summary_by_event_name` where ((`performance_schema`.`file_summary_by_event_name`.`EVENT_NAME` like 'wait/io/file/%') and (`performance_schema`.`file_summary_by_event_name`.`COUNT_STAR` > 0)) order by `performance_schema`.`file_summary_by_event_name`.`SUM_TIMER_WAIT` desc */;
/*!50001 SET character_set_client      = @saved_cs_client */;
/*!50001 SET character_set_results     = @saved_cs_results */;
/*!50001 SET collation_connection      = @saved_col_connection */;

--
-- Final view structure for view `latest_file_io`
--

/*!50001 DROP VIEW IF EXISTS `latest_file_io`*/;
/*!50001 SET @saved_cs_client          = @@character_set_client */;
/*!50001 SET @saved_cs_results         = @@character_set_results */;
/*!50001 SET @saved_col_connection     = @@collation_connection */;
/*!50001 SET character_set_client      = utf8mb4 */;
/*!50001 SET character_set_results     = utf8mb4 */;
/*!50001 SET collation_connection      = utf8mb4_0900_ai_ci */;
/*!50001 CREATE ALGORITHM=MERGE */
/*!50013 DEFINER=`mysql.sys`@`localhost` SQL SECURITY INVOKER */
/*!50001 VIEW `latest_file_io` (`thread`,`file`,`latency`,`operation`,`requested`) AS select if((`information_schema`.`processlist`.`ID` is null),concat(substring_index(`performance_schema`.`threads`.`NAME`,'/',-(1)),':',`performance_schema`.`events_waits_history_long`.`THREAD_ID`),convert(concat(`information_schema`.`processlist`.`USER`,'@',`information_schema`.`processlist`.`HOST`,':',`information_schema`.`processlist`.`ID`) using utf8mb4)) AS `thread`,`sys`.`format_path`(`performance_schema`.`events_waits_history_long`.`OBJECT_NAME`) AS `file`,`sys`.`format_time`(`performance_schema`.`events_waits_history_long`.`TIMER_WAIT`) AS `latency`,`performance_schema`.`events_waits_history_long`.`OPERATION` AS `operation`,`sys`.`format_bytes`(`performance_schema`.`events_waits_history_long`.`NUMBER_OF_BYTES`) AS `requested` from ((`performance_schema`.`events_waits_history_long` join `performance_schema`.`threads` on((`performance_schema`.`events_waits_history_long`.`THREAD_ID` = `performance_schema`.`threads`.`THREAD_ID`))) left join `information_schema`.`PROCESSLIST` on((`performance_schema`.`threads`.`PROCESSLIST_ID` = `information_schema`.`processlist`.`ID`))) where ((`performance_schema`.`events_waits_history_long`.`OBJECT_NAME` is not null) and (`performance_schema`.`events_waits_history_long`.`EVENT_NAME` like 'wait/io/file/%')) order by `performance_schema`.`events_waits_history_long`.`TIMER_START` */;
/*!50001 SET character_set_client      = @saved_cs_client */;
/*!50001 SET character_set_results     = @saved_cs_results */;
/*!50001 SET collation_connection      = @saved_col_connection */;

--
-- Final view structure for view `memory_by_host_by_current_bytes`
--

/*!50001 DROP VIEW IF EXISTS `memory_by_host_by_current_bytes`*/;
/*!50001 SET @saved_cs_client          = @@character_set_client */;
/*!50001 SET @saved_cs_results         = @@character_set_results */;
/*!50001 SET @saved_col_connection     = @@collation_connection */;
/*!50001 SET character_set_client      = utf8mb4 */;
/*!50001 SET character_set_results     = utf8mb4 */;
/*!50001 SET collation_connection      = utf8mb4_0900_ai_ci */;
/*!50001 CREATE ALGORITHM=TEMPTABLE */
/*!50013 DEFINER=`mysql.sys`@`localhost` SQL SECURITY INVOKER */
/*!50001 VIEW `memory_by_host_by_current_bytes` (`host`,`current_count_used`,`current_allocated`,`current_avg_alloc`,`current_max_alloc`,`total_allocated`) AS select if((`performance_schema`.`memory_summary_by_host_by_event_name`.`HOST` is null),'background',`performance_schema`.`memory_summary_by_host_by_event_name`.`HOST`) AS `host`,sum(`performance_schema`.`memory_summary_by_host_by_event_name`.`CURRENT_COUNT_USED`) AS `current_count_used`,`sys`.`format_bytes`(sum(`performance_schema`.`memory_summary_by_host_by_event_name`.`CURRENT_NUMBER_OF_BYTES_USED`)) AS `current_allocated`,`sys`.`format_bytes`(ifnull((sum(`performance_schema`.`memory_summary_by_host_by_event_name`.`CURRENT_NUMBER_OF_BYTES_USED`) / nullif(sum(`performance_schema`.`memory_summary_by_host_by_event_name`.`CURRENT_COUNT_USED`),0)),0)) AS `current_avg_alloc`,`sys`.`format_bytes`(max(`performance_schema`.`memory_summary_by_host_by_event_name`.`CURRENT_NUMBER_OF_BYTES_USED`)) AS `current_max_alloc`,`sys`.`format_bytes`(sum(`performance_schema`.`memory_summary_by_host_by_event_name`.`SUM_NUMBER_OF_BYTES_ALLOC`)) AS `total_allocated` from `performance_schema`.`memory_summary_by_host_by_event_name` group by if((`performance_schema`.`memory_summary_by_host_by_event_name`.`HOST` is null),'background',`performance_schema`.`memory_summary_by_host_by_event_name`.`HOST`) order by sum(`performance_schema`.`memory_summary_by_host_by_event_name`.`CURRENT_NUMBER_OF_BYTES_USED`) desc */;
/*!50001 SET character_set_client      = @saved_cs_client */;
/*!50001 SET character_set_results     = @saved_cs_results */;
/*!50001 SET collation_connection      = @saved_col_connection */;

--
-- Final view structure for view `memory_by_thread_by_current_bytes`
--

/*!50001 DROP VIEW IF EXISTS `memory_by_thread_by_current_bytes`*/;
/*!50001 SET @saved_cs_client          = @@character_set_client */;
/*!50001 SET @saved_cs_results         = @@character_set_results */;
/*!50001 SET @saved_col_connection     = @@collation_connection */;
/*!50001 SET character_set_client      = utf8mb4 */;
/*!50001 SET character_set_results     = utf8mb4 */;
/*!50001 SET collation_connection      = utf8mb4_0900_ai_ci */;
/*!50001 CREATE ALGORITHM=TEMPTABLE */
/*!50013 DEFINER=`mysql.sys`@`localhost` SQL SECURITY INVOKER */
/*!50001 VIEW `memory_by_thread_by_current_bytes` (`thread_id`,`user`,`current_count_used`,`current_allocated`,`current_avg_alloc`,`current_max_alloc`,`total_allocated`) AS select `mt`.`THREAD_ID` AS `thread_id`,if((`t`.`NAME` = 'thread/sql/one_connection'),concat(`t`.`PROCESSLIST_USER`,'@',convert(`t`.`PROCESSLIST_HOST` using utf8mb4)),replace(`t`.`NAME`,'thread/','')) AS `user`,sum(`mt`.`CURRENT_COUNT_USED`) AS `current_count_used`,`sys`.`format_bytes`(sum(`mt`.`CURRENT_NUMBER_OF_BYTES_USED`)) AS `current_allocated`,`sys`.`format_bytes`(ifnull((sum(`mt`.`CURRENT_NUMBER_OF_BYTES_USED`) / nullif(sum(`mt`.`CURRENT_COUNT_USED`),0)),0)) AS `current_avg_alloc`,`sys`.`format_bytes`(max(`mt`.`CURRENT_NUMBER_OF_BYTES_USED`)) AS `current_max_alloc`,`sys`.`format_bytes`(sum(`mt`.`SUM_NUMBER_OF_BYTES_ALLOC`)) AS `total_allocated` from (`performance_schema`.`memory_summary_by_thread_by_event_name` `mt` join `performance_schema`.`threads` `t` on((`mt`.`THREAD_ID` = `t`.`THREAD_ID`))) group by `mt`.`THREAD_ID`,if((`t`.`NAME` = 'thread/sql/one_connection'),concat(`t`.`PROCESSLIST_USER`,'@',convert(`t`.`PROCESSLIST_HOST` using utf8mb4)),replace(`t`.`NAME`,'thread/','')) order by sum(`mt`.`CURRENT_NUMBER_OF_BYTES_USED`) desc */;
/*!50001 SET character_set_client      = @saved_cs_client */;
/*!50001 SET character_set_results     = @saved_cs_results */;
/*!50001 SET collation_connection      = @saved_col_connection */;

--
-- Final view structure for view `memory_by_user_by_current_bytes`
--

/*!50001 DROP VIEW IF EXISTS `memory_by_user_by_current_bytes`*/;
/*!50001 SET @saved_cs_client          = @@character_set_client */;
/*!50001 SET @saved_cs_results         = @@character_set_results */;
/*!50001 SET @saved_col_connection     = @@collation_connection */;
/*!50001 SET character_set_client      = utf8mb4 */;
/*!50001 SET character_set_results     = utf8mb4 */;
/*!50001 SET collation_connection      = utf8mb4_0900_ai_ci */;
/*!50001 CREATE ALGORITHM=TEMPTABLE */
/*!50013 DEFINER=`mysql.sys`@`localhost` SQL SECURITY INVOKER */
/*!50001 VIEW `memory_by_user_by_current_bytes` (`user`,`current_count_used`,`current_allocated`,`current_avg_alloc`,`current_max_alloc`,`total_allocated`) AS select if((`performance_schema`.`memory_summary_by_user_by_event_name`.`USER` is null),'background',`performance_schema`.`memory_summary_by_user_by_event_name`.`USER`) AS `user`,sum(`performance_schema`.`memory_summary_by_user_by_event_name`.`CURRENT_COUNT_USED`) AS `current_count_used`,`sys`.`format_bytes`(sum(`performance_schema`.`memory_summary_by_user_by_event_name`.`CURRENT_NUMBER_OF_BYTES_USED`)) AS `current_allocated`,`sys`.`format_bytes`(ifnull((sum(`performance_schema`.`memory_summary_by_user_by_event_name`.`CURRENT_NUMBER_OF_BYTES_USED`) / nullif(sum(`performance_schema`.`memory_summary_by_user_by_event_name`.`CURRENT_COUNT_USED`),0)),0)) AS `current_avg_alloc`,`sys`.`format_bytes`(max(`performance_schema`.`memory_summary_by_user_by_event_name`.`CURRENT_NUMBER_OF_BYTES_USED`)) AS `current_max_alloc`,`sys`.`format_bytes`(sum(`performance_schema`.`memory_summary_by_user_by_event_name`.`SUM_NUMBER_OF_BYTES_ALLOC`)) AS `total_allocated` from `performance_schema`.`memory_summary_by_user_by_event_name` group by if((`performance_schema`.`memory_summary_by_user_by_event_name`.`USER` is null),'background',`performance_schema`.`memory_summary_by_user_by_event_name`.`USER`) order by sum(`performance_schema`.`memory_summary_by_user_by_event_name`.`CURRENT_NUMBER_OF_BYTES_USED`) desc */;
/*!50001 SET character_set_client      = @saved_cs_client */;
/*!50001 SET character_set_results     = @saved_cs_results */;
/*!50001 SET collation_connection      = @saved_col_connection */;

--
-- Final view structure for view `memory_global_by_current_bytes`
--

/*!50001 DROP VIEW IF EXISTS `memory_global_by_current_bytes`*/;
/*!50001 SET @saved_cs_client          = @@character_set_client */;
/*!50001 SET @saved_cs_results         = @@character_set_results */;
/*!50001 SET @saved_col_connection     = @@collation_connection */;
/*!50001 SET character_set_client      = utf8mb4 */;
/*!50001 SET character_set_results     = utf8mb4 */;
/*!50001 SET collation_connection      = utf8mb4_0900_ai_ci */;
/*!50001 CREATE ALGORITHM=MERGE */
/*!50013 DEFINER=`mysql.sys`@`localhost` SQL SECURITY INVOKER */
/*!50001 VIEW `memory_global_by_current_bytes` (`event_name`,`current_count`,`current_alloc`,`current_avg_alloc`,`high_count`,`high_alloc`,`high_avg_alloc`) AS select `performance_schema`.`memory_summary_global_by_event_name`.`EVENT_NAME` AS `event_name`,`performance_schema`.`memory_summary_global_by_event_name`.`CURRENT_COUNT_USED` AS `current_count`,`sys`.`format_bytes`(`performance_schema`.`memory_summary_global_by_event_name`.`CURRENT_NUMBER_OF_BYTES_USED`) AS `current_alloc`,`sys`.`format_bytes`(ifnull((`performance_schema`.`memory_summary_global_by_event_name`.`CURRENT_NUMBER_OF_BYTES_USED` / nullif(`performance_schema`.`memory_summary_global_by_event_name`.`CURRENT_COUNT_USED`,0)),0)) AS `current_avg_alloc`,`performance_schema`.`memory_summary_global_by_event_name`.`HIGH_COUNT_USED` AS `high_count`,`sys`.`format_bytes`(`performance_schema`.`memory_summary_global_by_event_name`.`HIGH_NUMBER_OF_BYTES_USED`) AS `high_alloc`,`sys`.`format_bytes`(ifnull((`performance_schema`.`memory_summary_global_by_event_name`.`HIGH_NUMBER_OF_BYTES_USED` / nullif(`performance_schema`.`memory_summary_global_by_event_name`.`HIGH_COUNT_USED`,0)),0)) AS `high_avg_alloc` from `performance_schema`.`memory_summary_global_by_event_name` where (`performance_schema`.`memory_summary_global_by_event_name`.`CURRENT_NUMBER_OF_BYTES_USED` > 0) order by `performance_schema`.`memory_summary_global_by_event_name`.`CURRENT_NUMBER_OF_BYTES_USED` desc */;
/*!50001 SET character_set_client      = @saved_cs_client */;
/*!50001 SET character_set_results     = @saved_cs_results */;
/*!50001 SET collation_connection      = @saved_col_connection */;

--
-- Final view structure for view `memory_global_total`
--

/*!50001 DROP VIEW IF EXISTS `memory_global_total`*/;
/*!50001 SET @saved_cs_client          = @@character_set_client */;
/*!50001 SET @saved_cs_results         = @@character_set_results */;
/*!50001 SET @saved_col_connection     = @@collation_connection */;
/*!50001 SET character_set_client      = utf8mb4 */;
/*!50001 SET character_set_results     = utf8mb4 */;
/*!50001 SET collation_connection      = utf8mb4_0900_ai_ci */;
/*!50001 CREATE ALGORITHM=TEMPTABLE */
/*!50013 DEFINER=`mysql.sys`@`localhost` SQL SECURITY INVOKER */
/*!50001 VIEW `memory_global_total` (`total_allocated`) AS select `sys`.`format_bytes`(sum(`performance_schema`.`memory_summary_global_by_event_name`.`CURRENT_NUMBER_OF_BYTES_USED`)) AS `total_allocated` from `performance_schema`.`memory_summary_global_by_event_name` */;
/*!50001 SET character_set_client      = @saved_cs_client */;
/*!50001 SET character_set_results     = @saved_cs_results */;
/*!50001 SET collation_connection      = @saved_col_connection */;

--
-- Final view structure for view `metrics`
--

/*!50001 DROP VIEW IF EXISTS `metrics`*/;
/*!50001 SET @saved_cs_client          = @@character_set_client */;
/*!50001 SET @saved_cs_results         = @@character_set_results */;
/*!50001 SET @saved_col_connection     = @@collation_connection */;
/*!50001 SET character_set_client      = utf8mb4 */;
/*!50001 SET character_set_results     = utf8mb4 */;
/*!50001 SET collation_connection      = utf8mb4_0900_ai_ci */;
/*!50001 CREATE ALGORITHM=TEMPTABLE */
/*!50013 DEFINER=`mysql.sys`@`localhost` SQL SECURITY INVOKER */
/*!50001 VIEW `metrics` (`Variable_name`,`Variable_value`,`Type`,`Enabled`) AS select lower(`performance_schema`.`global_status`.`VARIABLE_NAME`) AS `Variable_name`,`performance_schema`.`global_status`.`VARIABLE_VALUE` AS `Variable_value`,'Global Status' AS `Type`,'YES' AS `Enabled` from `performance_schema`.`global_status` union all select `information_schema`.`innodb_metrics`.`NAME` AS `Variable_name`,`information_schema`.`innodb_metrics`.`COUNT` AS `Variable_value`,concat('InnoDB Metrics - ',`information_schema`.`innodb_metrics`.`SUBSYSTEM`) AS `Type`,if((`information_schema`.`innodb_metrics`.`STATUS` = 'enabled'),'YES','NO') AS `Enabled` from `information_schema`.`INNODB_METRICS` where (`information_schema`.`innodb_metrics`.`NAME` not in ('lock_row_lock_time','lock_row_lock_time_avg','lock_row_lock_time_max','lock_row_lock_waits','buffer_pool_reads','buffer_pool_read_requests','buffer_pool_write_requests','buffer_pool_wait_free','buffer_pool_read_ahead','buffer_pool_read_ahead_evicted','buffer_pool_pages_total','buffer_pool_pages_misc','buffer_pool_pages_data','buffer_pool_bytes_data','buffer_pool_pages_dirty','buffer_pool_bytes_dirty','buffer_pool_pages_free','buffer_pages_created','buffer_pages_written','buffer_pages_read','buffer_data_reads','buffer_data_written','file_num_open_files','os_log_bytes_written','os_log_fsyncs','os_log_pending_fsyncs','os_log_pending_writes','log_waits','log_write_requests','log_writes','innodb_dblwr_writes','innodb_dblwr_pages_written','innodb_page_size')) union all select 'memory_current_allocated' AS `Variable_name`,sum(`performance_schema`.`memory_summary_global_by_event_name`.`CURRENT_NUMBER_OF_BYTES_USED`) AS `Variable_value`,'Performance Schema' AS `Type`,if(((select count(0) from `performance_schema`.`setup_instruments` where ((`performance_schema`.`setup_instruments`.`NAME` like 'memory/%') and (`performance_schema`.`setup_instruments`.`ENABLED` = 'YES'))) = 0),'NO',if(((select count(0) from `performance_schema`.`setup_instruments` where ((`performance_schema`.`setup_instruments`.`NAME` like 'memory/%') and (`performance_schema`.`setup_instruments`.`ENABLED` = 'YES'))) = (select count(0) from `performance_schema`.`setup_instruments` where (`performance_schema`.`setup_instruments`.`NAME` like 'memory/%'))),'YES','PARTIAL')) AS `Enabled` from `performance_schema`.`memory_summary_global_by_event_name` union all select 'memory_total_allocated' AS `Variable_name`,sum(`performance_schema`.`memory_summary_global_by_event_name`.`SUM_NUMBER_OF_BYTES_ALLOC`) AS `Variable_value`,'Performance Schema' AS `Type`,if(((select count(0) from `performance_schema`.`setup_instruments` where ((`performance_schema`.`setup_instruments`.`NAME` like 'memory/%') and (`performance_schema`.`setup_instruments`.`ENABLED` = 'YES'))) = 0),'NO',if(((select count(0) from `performance_schema`.`setup_instruments` where ((`performance_schema`.`setup_instruments`.`NAME` like 'memory/%') and (`performance_schema`.`setup_instruments`.`ENABLED` = 'YES'))) = (select count(0) from `performance_schema`.`setup_instruments` where (`performance_schema`.`setup_instruments`.`NAME` like 'memory/%'))),'YES','PARTIAL')) AS `Enabled` from `performance_schema`.`memory_summary_global_by_event_name` union all select 'NOW()' AS `Variable_name`,now(3) AS `Variable_value`,'System Time' AS `Type`,'YES' AS `Enabled` union all select 'UNIX_TIMESTAMP()' AS `Variable_name`,round(unix_timestamp(now(3)),3) AS `Variable_value`,'System Time' AS `Type`,'YES' AS `Enabled` order by `Type`,`Variable_name` */;
/*!50001 SET character_set_client      = @saved_cs_client */;
/*!50001 SET character_set_results     = @saved_cs_results */;
/*!50001 SET collation_connection      = @saved_col_connection */;

--
-- Final view structure for view `processlist`
--

/*!50001 DROP VIEW IF EXISTS `processlist`*/;
/*!50001 SET @saved_cs_client          = @@character_set_client */;
/*!50001 SET @saved_cs_results         = @@character_set_results */;
/*!50001 SET @saved_col_connection     = @@collation_connection */;
/*!50001 SET character_set_client      = utf8mb4 */;
/*!50001 SET character_set_results     = utf8mb4 */;
/*!50001 SET collation_connection      = utf8mb4_0900_ai_ci */;
/*!50001 CREATE ALGORITHM=TEMPTABLE */
/*!50013 DEFINER=`mysql.sys`@`localhost` SQL SECURITY INVOKER */
/*!50001 VIEW `processlist` (`thd_id`,`conn_id`,`user`,`db`,`command`,`state`,`time`,`current_statement`,`statement_latency`,`progress`,`lock_latency`,`rows_examined`,`rows_sent`,`rows_affected`,`tmp_tables`,`tmp_disk_tables`,`full_scan`,`last_statement`,`last_statement_latency`,`current_memory`,`last_wait`,`last_wait_latency`,`source`,`trx_latency`,`trx_state`,`trx_autocommit`,`pid`,`program_name`) AS select `pps`.`THREAD_ID` AS `thd_id`,`pps`.`PROCESSLIST_ID` AS `conn_id`,if((`pps`.`NAME` in ('thread/sql/one_connection','thread/thread_pool/tp_one_connection')),concat(`pps`.`PROCESSLIST_USER`,'@',convert(`pps`.`PROCESSLIST_HOST` using utf8mb4)),replace(`pps`.`NAME`,'thread/','')) AS `user`,`pps`.`PROCESSLIST_DB` AS `db`,`pps`.`PROCESSLIST_COMMAND` AS `command`,`pps`.`PROCESSLIST_STATE` AS `state`,`pps`.`PROCESSLIST_TIME` AS `time`,`sys`.`format_statement`(`pps`.`PROCESSLIST_INFO`) AS `current_statement`,if((`esc`.`END_EVENT_ID` is null),`sys`.`format_time`(`esc`.`TIMER_WAIT`),NULL) AS `statement_latency`,if((`esc`.`END_EVENT_ID` is null),round((100 * (`estc`.`WORK_COMPLETED` / `estc`.`WORK_ESTIMATED`)),2),NULL) AS `progress`,`sys`.`format_time`(`esc`.`LOCK_TIME`) AS `lock_latency`,`esc`.`ROWS_EXAMINED` AS `rows_examined`,`esc`.`ROWS_SENT` AS `rows_sent`,`esc`.`ROWS_AFFECTED` AS `rows_affected`,`esc`.`CREATED_TMP_TABLES` AS `tmp_tables`,`esc`.`CREATED_TMP_DISK_TABLES` AS `tmp_disk_tables`,if(((`esc`.`NO_GOOD_INDEX_USED` > 0) or (`esc`.`NO_INDEX_USED` > 0)),'YES','NO') AS `full_scan`,if((`esc`.`END_EVENT_ID` is not null),`sys`.`format_statement`(`esc`.`SQL_TEXT`),NULL) AS `last_statement`,if((`esc`.`END_EVENT_ID` is not null),`sys`.`format_time`(`esc`.`TIMER_WAIT`),NULL) AS `last_statement_latency`,`sys`.`format_bytes`(`mem`.`current_allocated`) AS `current_memory`,`ewc`.`EVENT_NAME` AS `last_wait`,if(((`ewc`.`END_EVENT_ID` is null) and (`ewc`.`EVENT_NAME` is not null)),'Still Waiting',`sys`.`format_time`(`ewc`.`TIMER_WAIT`)) AS `last_wait_latency`,`ewc`.`SOURCE` AS `source`,`sys`.`format_time`(`etc`.`TIMER_WAIT`) AS `trx_latency`,`etc`.`STATE` AS `trx_state`,`etc`.`AUTOCOMMIT` AS `trx_autocommit`,`conattr_pid`.`ATTR_VALUE` AS `pid`,`conattr_progname`.`ATTR_VALUE` AS `program_name` from (((((((`performance_schema`.`threads` `pps` left join `performance_schema`.`events_waits_current` `ewc` on((`pps`.`THREAD_ID` = `ewc`.`THREAD_ID`))) left join `performance_schema`.`events_stages_current` `estc` on((`pps`.`THREAD_ID` = `estc`.`THREAD_ID`))) left join `performance_schema`.`events_statements_current` `esc` on((`pps`.`THREAD_ID` = `esc`.`THREAD_ID`))) left join `performance_schema`.`events_transactions_current` `etc` on((`pps`.`THREAD_ID` = `etc`.`THREAD_ID`))) left join `x$memory_by_thread_by_current_bytes` `mem` on((`pps`.`THREAD_ID` = `mem`.`thread_id`))) left join `performance_schema`.`session_connect_attrs` `conattr_pid` on(((`conattr_pid`.`PROCESSLIST_ID` = `pps`.`PROCESSLIST_ID`) and (`conattr_pid`.`ATTR_NAME` = '_pid')))) left join `performance_schema`.`session_connect_attrs` `conattr_progname` on(((`conattr_progname`.`PROCESSLIST_ID` = `pps`.`PROCESSLIST_ID`) and (`conattr_progname`.`ATTR_NAME` = 'program_name')))) order by `pps`.`PROCESSLIST_TIME` desc,`last_wait_latency` desc */;
/*!50001 SET character_set_client      = @saved_cs_client */;
/*!50001 SET character_set_results     = @saved_cs_results */;
/*!50001 SET collation_connection      = @saved_col_connection */;

--
-- Final view structure for view `ps_check_lost_instrumentation`
--

/*!50001 DROP VIEW IF EXISTS `ps_check_lost_instrumentation`*/;
/*!50001 SET @saved_cs_client          = @@character_set_client */;
/*!50001 SET @saved_cs_results         = @@character_set_results */;
/*!50001 SET @saved_col_connection     = @@collation_connection */;
/*!50001 SET character_set_client      = utf8mb4 */;
/*!50001 SET character_set_results     = utf8mb4 */;
/*!50001 SET collation_connection      = utf8mb4_0900_ai_ci */;
/*!50001 CREATE ALGORITHM=MERGE */
/*!50013 DEFINER=`mysql.sys`@`localhost` SQL SECURITY INVOKER */
/*!50001 VIEW `ps_check_lost_instrumentation` (`variable_name`,`variable_value`) AS select `performance_schema`.`global_status`.`VARIABLE_NAME` AS `variable_name`,`performance_schema`.`global_status`.`VARIABLE_VALUE` AS `variable_value` from `performance_schema`.`global_status` where ((`performance_schema`.`global_status`.`VARIABLE_NAME` like 'perf%lost') and (`performance_schema`.`global_status`.`VARIABLE_VALUE` > 0)) */;
/*!50001 SET character_set_client      = @saved_cs_client */;
/*!50001 SET character_set_results     = @saved_cs_results */;
/*!50001 SET collation_connection      = @saved_col_connection */;

--
-- Final view structure for view `schema_auto_increment_columns`
--

/*!50001 DROP VIEW IF EXISTS `schema_auto_increment_columns`*/;
/*!50001 SET @saved_cs_client          = @@character_set_client */;
/*!50001 SET @saved_cs_results         = @@character_set_results */;
/*!50001 SET @saved_col_connection     = @@collation_connection */;
/*!50001 SET character_set_client      = utf8mb4 */;
/*!50001 SET character_set_results     = utf8mb4 */;
/*!50001 SET collation_connection      = utf8mb4_0900_ai_ci */;
/*!50001 CREATE ALGORITHM=MERGE */
/*!50013 DEFINER=`mysql.sys`@`localhost` SQL SECURITY INVOKER */
/*!50001 VIEW `schema_auto_increment_columns` (`table_schema`,`table_name`,`column_name`,`data_type`,`column_type`,`is_signed`,`is_unsigned`,`max_value`,`auto_increment`,`auto_increment_ratio`) AS select `columns`.`TABLE_SCHEMA` AS `TABLE_SCHEMA`,`columns`.`TABLE_NAME` AS `TABLE_NAME`,`columns`.`COLUMN_NAME` AS `COLUMN_NAME`,`columns`.`DATA_TYPE` AS `DATA_TYPE`,`columns`.`COLUMN_TYPE` AS `COLUMN_TYPE`,(locate('unsigned',`columns`.`COLUMN_TYPE`) = 0) AS `is_signed`,(locate('unsigned',`columns`.`COLUMN_TYPE`) > 0) AS `is_unsigned`,((case `columns`.`DATA_TYPE` when 'tinyint' then 255 when 'smallint' then 65535 when 'mediumint' then 16777215 when 'int' then 4294967295 when 'bigint' then 18446744073709551615 end) >> if((locate('unsigned',`columns`.`COLUMN_TYPE`) > 0),0,1)) AS `max_value`,`tables`.`AUTO_INCREMENT` AS `AUTO_INCREMENT`,(`tables`.`AUTO_INCREMENT` / ((case `columns`.`DATA_TYPE` when 'tinyint' then 255 when 'smallint' then 65535 when 'mediumint' then 16777215 when 'int' then 4294967295 when 'bigint' then 18446744073709551615 end) >> if((locate('unsigned',`columns`.`COLUMN_TYPE`) > 0),0,1))) AS `auto_increment_ratio` from (`information_schema`.`COLUMNS` join `information_schema`.`TABLES` on(((`columns`.`TABLE_SCHEMA` = `tables`.`TABLE_SCHEMA`) and (`columns`.`TABLE_NAME` = `tables`.`TABLE_NAME`)))) where ((`columns`.`TABLE_SCHEMA` not in ('mysql','sys','INFORMATION_SCHEMA','performance_schema')) and (`tables`.`TABLE_TYPE` = 'BASE TABLE') and (`columns`.`EXTRA` = 'auto_increment')) order by (`tables`.`AUTO_INCREMENT` / ((case `columns`.`DATA_TYPE` when 'tinyint' then 255 when 'smallint' then 65535 when 'mediumint' then 16777215 when 'int' then 4294967295 when 'bigint' then 18446744073709551615 end) >> if((locate('unsigned',`columns`.`COLUMN_TYPE`) > 0),0,1))) desc,((case `columns`.`DATA_TYPE` when 'tinyint' then 255 when 'smallint' then 65535 when 'mediumint' then 16777215 when 'int' then 4294967295 when 'bigint' then 18446744073709551615 end) >> if((locate('unsigned',`columns`.`COLUMN_TYPE`) > 0),0,1)) */;
/*!50001 SET character_set_client      = @saved_cs_client */;
/*!50001 SET character_set_results     = @saved_cs_results */;
/*!50001 SET collation_connection      = @saved_col_connection */;

--
-- Final view structure for view `schema_index_statistics`
--

/*!50001 DROP VIEW IF EXISTS `schema_index_statistics`*/;
/*!50001 SET @saved_cs_client          = @@character_set_client */;
/*!50001 SET @saved_cs_results         = @@character_set_results */;
/*!50001 SET @saved_col_connection     = @@collation_connection */;
/*!50001 SET character_set_client      = utf8mb4 */;
/*!50001 SET character_set_results     = utf8mb4 */;
/*!50001 SET collation_connection      = utf8mb4_0900_ai_ci */;
/*!50001 CREATE ALGORITHM=MERGE */
/*!50013 DEFINER=`mysql.sys`@`localhost` SQL SECURITY INVOKER */
/*!50001 VIEW `schema_index_statistics` (`table_schema`,`table_name`,`index_name`,`rows_selected`,`select_latency`,`rows_inserted`,`insert_latency`,`rows_updated`,`update_latency`,`rows_deleted`,`delete_latency`) AS select `performance_schema`.`table_io_waits_summary_by_index_usage`.`OBJECT_SCHEMA` AS `table_schema`,`performance_schema`.`table_io_waits_summary_by_index_usage`.`OBJECT_NAME` AS `table_name`,`performance_schema`.`table_io_waits_summary_by_index_usage`.`INDEX_NAME` AS `index_name`,`performance_schema`.`table_io_waits_summary_by_index_usage`.`COUNT_FETCH` AS `rows_selected`,`sys`.`format_time`(`performance_schema`.`table_io_waits_summary_by_index_usage`.`SUM_TIMER_FETCH`) AS `select_latency`,`performance_schema`.`table_io_waits_summary_by_index_usage`.`COUNT_INSERT` AS `rows_inserted`,`sys`.`format_time`(`performance_schema`.`table_io_waits_summary_by_index_usage`.`SUM_TIMER_INSERT`) AS `insert_latency`,`performance_schema`.`table_io_waits_summary_by_index_usage`.`COUNT_UPDATE` AS `rows_updated`,`sys`.`format_time`(`performance_schema`.`table_io_waits_summary_by_index_usage`.`SUM_TIMER_UPDATE`) AS `update_latency`,`performance_schema`.`table_io_waits_summary_by_index_usage`.`COUNT_DELETE` AS `rows_deleted`,`sys`.`format_time`(`performance_schema`.`table_io_waits_summary_by_index_usage`.`SUM_TIMER_DELETE`) AS `delete_latency` from `performance_schema`.`table_io_waits_summary_by_index_usage` where (`performance_schema`.`table_io_waits_summary_by_index_usage`.`INDEX_NAME` is not null) order by `performance_schema`.`table_io_waits_summary_by_index_usage`.`SUM_TIMER_WAIT` desc */;
/*!50001 SET character_set_client      = @saved_cs_client */;
/*!50001 SET character_set_results     = @saved_cs_results */;
/*!50001 SET collation_connection      = @saved_col_connection */;

--
-- Final view structure for view `schema_object_overview`
--

/*!50001 DROP VIEW IF EXISTS `schema_object_overview`*/;
/*!50001 SET @saved_cs_client          = @@character_set_client */;
/*!50001 SET @saved_cs_results         = @@character_set_results */;
/*!50001 SET @saved_col_connection     = @@collation_connection */;
/*!50001 SET character_set_client      = utf8mb4 */;
/*!50001 SET character_set_results     = utf8mb4 */;
/*!50001 SET collation_connection      = utf8mb4_0900_ai_ci */;
/*!50001 CREATE ALGORITHM=TEMPTABLE */
/*!50013 DEFINER=`mysql.sys`@`localhost` SQL SECURITY INVOKER */
/*!50001 VIEW `schema_object_overview` (`db`,`object_type`,`count`) AS select `routines`.`ROUTINE_SCHEMA` AS `db`,`routines`.`ROUTINE_TYPE` AS `object_type`,count(0) AS `count` from `information_schema`.`ROUTINES` group by `routines`.`ROUTINE_SCHEMA`,`routines`.`ROUTINE_TYPE` union select `tables`.`TABLE_SCHEMA` AS `TABLE_SCHEMA`,`tables`.`TABLE_TYPE` AS `TABLE_TYPE`,count(0) AS `COUNT(*)` from `information_schema`.`TABLES` group by `tables`.`TABLE_SCHEMA`,`tables`.`TABLE_TYPE` union select `statistics`.`TABLE_SCHEMA` AS `TABLE_SCHEMA`,concat('INDEX (',`statistics`.`INDEX_TYPE`,')') AS `CONCAT('INDEX (', INDEX_TYPE, ')')`,count(0) AS `COUNT(*)` from `information_schema`.`STATISTICS` group by `statistics`.`TABLE_SCHEMA`,`statistics`.`INDEX_TYPE` union select `triggers`.`TRIGGER_SCHEMA` AS `TRIGGER_SCHEMA`,'TRIGGER' AS `TRIGGER`,count(0) AS `COUNT(*)` from `information_schema`.`TRIGGERS` group by `triggers`.`TRIGGER_SCHEMA` union select `events`.`EVENT_SCHEMA` AS `EVENT_SCHEMA`,'EVENT' AS `EVENT`,count(0) AS `COUNT(*)` from `information_schema`.`EVENTS` group by `events`.`EVENT_SCHEMA` order by `db`,`object_type` */;
/*!50001 SET character_set_client      = @saved_cs_client */;
/*!50001 SET character_set_results     = @saved_cs_results */;
/*!50001 SET collation_connection      = @saved_col_connection */;

--
-- Final view structure for view `schema_redundant_indexes`
--

/*!50001 DROP VIEW IF EXISTS `schema_redundant_indexes`*/;
/*!50001 SET @saved_cs_client          = @@character_set_client */;
/*!50001 SET @saved_cs_results         = @@character_set_results */;
/*!50001 SET @saved_col_connection     = @@collation_connection */;
/*!50001 SET character_set_client      = utf8mb4 */;
/*!50001 SET character_set_results     = utf8mb4 */;
/*!50001 SET collation_connection      = utf8mb4_0900_ai_ci */;
/*!50001 CREATE ALGORITHM=TEMPTABLE */
/*!50013 DEFINER=`mysql.sys`@`localhost` SQL SECURITY INVOKER */
/*!50001 VIEW `schema_redundant_indexes` (`table_schema`,`table_name`,`redundant_index_name`,`redundant_index_columns`,`redundant_index_non_unique`,`dominant_index_name`,`dominant_index_columns`,`dominant_index_non_unique`,`subpart_exists`,`sql_drop_index`) AS select `redundant_keys`.`table_schema` AS `table_schema`,`redundant_keys`.`table_name` AS `table_name`,`redundant_keys`.`index_name` AS `redundant_index_name`,`redundant_keys`.`index_columns` AS `redundant_index_columns`,`redundant_keys`.`non_unique` AS `redundant_index_non_unique`,`dominant_keys`.`index_name` AS `dominant_index_name`,`dominant_keys`.`index_columns` AS `dominant_index_columns`,`dominant_keys`.`non_unique` AS `dominant_index_non_unique`,if(((0 <> `redundant_keys`.`subpart_exists`) or (0 <> `dominant_keys`.`subpart_exists`)),1,0) AS `subpart_exists`,concat('ALTER TABLE `',`redundant_keys`.`table_schema`,'`.`',`redundant_keys`.`table_name`,'` DROP INDEX `',`redundant_keys`.`index_name`,'`') AS `sql_drop_index` from (`x$schema_flattened_keys` `redundant_keys` join `x$schema_flattened_keys` `dominant_keys` on(((`redundant_keys`.`table_schema` = `dominant_keys`.`table_schema`) and (`redundant_keys`.`table_name` = `dominant_keys`.`table_name`)))) where ((`redundant_keys`.`index_name` <> `dominant_keys`.`index_name`) and (((`redundant_keys`.`index_columns` = `dominant_keys`.`index_columns`) and ((`redundant_keys`.`non_unique` > `dominant_keys`.`non_unique`) or ((`redundant_keys`.`non_unique` = `dominant_keys`.`non_unique`) and (if((`redundant_keys`.`index_name` = 'PRIMARY'),'',`redundant_keys`.`index_name`) > if((`dominant_keys`.`index_name` = 'PRIMARY'),'',`dominant_keys`.`index_name`))))) or ((locate(concat(`redundant_keys`.`index_columns`,','),`dominant_keys`.`index_columns`) = 1) and (`redundant_keys`.`non_unique` = 1)) or ((locate(concat(`dominant_keys`.`index_columns`,','),`redundant_keys`.`index_columns`) = 1) and (`dominant_keys`.`non_unique` = 0)))) */;
/*!50001 SET character_set_client      = @saved_cs_client */;
/*!50001 SET character_set_results     = @saved_cs_results */;
/*!50001 SET collation_connection      = @saved_col_connection */;

--
-- Final view structure for view `schema_table_lock_waits`
--

/*!50001 DROP VIEW IF EXISTS `schema_table_lock_waits`*/;
/*!50001 SET @saved_cs_client          = @@character_set_client */;
/*!50001 SET @saved_cs_results         = @@character_set_results */;
/*!50001 SET @saved_col_connection     = @@collation_connection */;
/*!50001 SET character_set_client      = utf8mb4 */;
/*!50001 SET character_set_results     = utf8mb4 */;
/*!50001 SET collation_connection      = utf8mb4_0900_ai_ci */;
/*!50001 CREATE ALGORITHM=TEMPTABLE */
/*!50013 DEFINER=`mysql.sys`@`localhost` SQL SECURITY INVOKER */
/*!50001 VIEW `schema_table_lock_waits` (`object_schema`,`object_name`,`waiting_thread_id`,`waiting_pid`,`waiting_account`,`waiting_lock_type`,`waiting_lock_duration`,`waiting_query`,`waiting_query_secs`,`waiting_query_rows_affected`,`waiting_query_rows_examined`,`blocking_thread_id`,`blocking_pid`,`blocking_account`,`blocking_lock_type`,`blocking_lock_duration`,`sql_kill_blocking_query`,`sql_kill_blocking_connection`) AS select `g`.`OBJECT_SCHEMA` AS `object_schema`,`g`.`OBJECT_NAME` AS `object_name`,`pt`.`THREAD_ID` AS `waiting_thread_id`,`pt`.`PROCESSLIST_ID` AS `waiting_pid`,`sys`.`ps_thread_account`(`p`.`OWNER_THREAD_ID`) AS `waiting_account`,`p`.`LOCK_TYPE` AS `waiting_lock_type`,`p`.`LOCK_DURATION` AS `waiting_lock_duration`,`sys`.`format_statement`(`pt`.`PROCESSLIST_INFO`) AS `waiting_query`,`pt`.`PROCESSLIST_TIME` AS `waiting_query_secs`,`ps`.`ROWS_AFFECTED` AS `waiting_query_rows_affected`,`ps`.`ROWS_EXAMINED` AS `waiting_query_rows_examined`,`gt`.`THREAD_ID` AS `blocking_thread_id`,`gt`.`PROCESSLIST_ID` AS `blocking_pid`,`sys`.`ps_thread_account`(`g`.`OWNER_THREAD_ID`) AS `blocking_account`,`g`.`LOCK_TYPE` AS `blocking_lock_type`,`g`.`LOCK_DURATION` AS `blocking_lock_duration`,concat('KILL QUERY ',`gt`.`PROCESSLIST_ID`) AS `sql_kill_blocking_query`,concat('KILL ',`gt`.`PROCESSLIST_ID`) AS `sql_kill_blocking_connection` from (((((`performance_schema`.`metadata_locks` `g` join `performance_schema`.`metadata_locks` `p` on(((`g`.`OBJECT_TYPE` = `p`.`OBJECT_TYPE`) and (`g`.`OBJECT_SCHEMA` = `p`.`OBJECT_SCHEMA`) and (`g`.`OBJECT_NAME` = `p`.`OBJECT_NAME`) and (`g`.`LOCK_STATUS` = 'GRANTED') and (`p`.`LOCK_STATUS` = 'PENDING')))) join `performance_schema`.`threads` `gt` on((`g`.`OWNER_THREAD_ID` = `gt`.`THREAD_ID`))) join `performance_schema`.`threads` `pt` on((`p`.`OWNER_THREAD_ID` = `pt`.`THREAD_ID`))) left join `performance_schema`.`events_statements_current` `gs` on((`g`.`OWNER_THREAD_ID` = `gs`.`THREAD_ID`))) left join `performance_schema`.`events_statements_current` `ps` on((`p`.`OWNER_THREAD_ID` = `ps`.`THREAD_ID`))) where (`g`.`OBJECT_TYPE` = 'TABLE') */;
/*!50001 SET character_set_client      = @saved_cs_client */;
/*!50001 SET character_set_results     = @saved_cs_results */;
/*!50001 SET collation_connection      = @saved_col_connection */;

--
-- Final view structure for view `schema_table_statistics`
--

/*!50001 DROP VIEW IF EXISTS `schema_table_statistics`*/;
/*!50001 SET @saved_cs_client          = @@character_set_client */;
/*!50001 SET @saved_cs_results         = @@character_set_results */;
/*!50001 SET @saved_col_connection     = @@collation_connection */;
/*!50001 SET character_set_client      = utf8mb4 */;
/*!50001 SET character_set_results     = utf8mb4 */;
/*!50001 SET collation_connection      = utf8mb4_0900_ai_ci */;
/*!50001 CREATE ALGORITHM=TEMPTABLE */
/*!50013 DEFINER=`mysql.sys`@`localhost` SQL SECURITY INVOKER */
/*!50001 VIEW `schema_table_statistics` (`table_schema`,`table_name`,`total_latency`,`rows_fetched`,`fetch_latency`,`rows_inserted`,`insert_latency`,`rows_updated`,`update_latency`,`rows_deleted`,`delete_latency`,`io_read_requests`,`io_read`,`io_read_latency`,`io_write_requests`,`io_write`,`io_write_latency`,`io_misc_requests`,`io_misc_latency`) AS select `pst`.`OBJECT_SCHEMA` AS `table_schema`,`pst`.`OBJECT_NAME` AS `table_name`,`sys`.`format_time`(`pst`.`SUM_TIMER_WAIT`) AS `total_latency`,`pst`.`COUNT_FETCH` AS `rows_fetched`,`sys`.`format_time`(`pst`.`SUM_TIMER_FETCH`) AS `fetch_latency`,`pst`.`COUNT_INSERT` AS `rows_inserted`,`sys`.`format_time`(`pst`.`SUM_TIMER_INSERT`) AS `insert_latency`,`pst`.`COUNT_UPDATE` AS `rows_updated`,`sys`.`format_time`(`pst`.`SUM_TIMER_UPDATE`) AS `update_latency`,`pst`.`COUNT_DELETE` AS `rows_deleted`,`sys`.`format_time`(`pst`.`SUM_TIMER_DELETE`) AS `delete_latency`,`fsbi`.`count_read` AS `io_read_requests`,`sys`.`format_bytes`(`fsbi`.`sum_number_of_bytes_read`) AS `io_read`,`sys`.`format_time`(`fsbi`.`sum_timer_read`) AS `io_read_latency`,`fsbi`.`count_write` AS `io_write_requests`,`sys`.`format_bytes`(`fsbi`.`sum_number_of_bytes_write`) AS `io_write`,`sys`.`format_time`(`fsbi`.`sum_timer_write`) AS `io_write_latency`,`fsbi`.`count_misc` AS `io_misc_requests`,`sys`.`format_time`(`fsbi`.`sum_timer_misc`) AS `io_misc_latency` from (`performance_schema`.`table_io_waits_summary_by_table` `pst` left join `x$ps_schema_table_statistics_io` `fsbi` on(((`pst`.`OBJECT_SCHEMA` = `fsbi`.`table_schema`) and (`pst`.`OBJECT_NAME` = `fsbi`.`table_name`)))) order by `pst`.`SUM_TIMER_WAIT` desc */;
/*!50001 SET character_set_client      = @saved_cs_client */;
/*!50001 SET character_set_results     = @saved_cs_results */;
/*!50001 SET collation_connection      = @saved_col_connection */;

--
-- Final view structure for view `schema_table_statistics_with_buffer`
--

/*!50001 DROP VIEW IF EXISTS `schema_table_statistics_with_buffer`*/;
/*!50001 SET @saved_cs_client          = @@character_set_client */;
/*!50001 SET @saved_cs_results         = @@character_set_results */;
/*!50001 SET @saved_col_connection     = @@collation_connection */;
/*!50001 SET character_set_client      = utf8mb4 */;
/*!50001 SET character_set_results     = utf8mb4 */;
/*!50001 SET collation_connection      = utf8mb4_0900_ai_ci */;
/*!50001 CREATE ALGORITHM=TEMPTABLE */
/*!50013 DEFINER=`mysql.sys`@`localhost` SQL SECURITY INVOKER */
/*!50001 VIEW `schema_table_statistics_with_buffer` (`table_schema`,`table_name`,`rows_fetched`,`fetch_latency`,`rows_inserted`,`insert_latency`,`rows_updated`,`update_latency`,`rows_deleted`,`delete_latency`,`io_read_requests`,`io_read`,`io_read_latency`,`io_write_requests`,`io_write`,`io_write_latency`,`io_misc_requests`,`io_misc_latency`,`innodb_buffer_allocated`,`innodb_buffer_data`,`innodb_buffer_free`,`innodb_buffer_pages`,`innodb_buffer_pages_hashed`,`innodb_buffer_pages_old`,`innodb_buffer_rows_cached`) AS select `pst`.`OBJECT_SCHEMA` AS `table_schema`,`pst`.`OBJECT_NAME` AS `table_name`,`pst`.`COUNT_FETCH` AS `rows_fetched`,`sys`.`format_time`(`pst`.`SUM_TIMER_FETCH`) AS `fetch_latency`,`pst`.`COUNT_INSERT` AS `rows_inserted`,`sys`.`format_time`(`pst`.`SUM_TIMER_INSERT`) AS `insert_latency`,`pst`.`COUNT_UPDATE` AS `rows_updated`,`sys`.`format_time`(`pst`.`SUM_TIMER_UPDATE`) AS `update_latency`,`pst`.`COUNT_DELETE` AS `rows_deleted`,`sys`.`format_time`(`pst`.`SUM_TIMER_DELETE`) AS `delete_latency`,`fsbi`.`count_read` AS `io_read_requests`,`sys`.`format_bytes`(`fsbi`.`sum_number_of_bytes_read`) AS `io_read`,`sys`.`format_time`(`fsbi`.`sum_timer_read`) AS `io_read_latency`,`fsbi`.`count_write` AS `io_write_requests`,`sys`.`format_bytes`(`fsbi`.`sum_number_of_bytes_write`) AS `io_write`,`sys`.`format_time`(`fsbi`.`sum_timer_write`) AS `io_write_latency`,`fsbi`.`count_misc` AS `io_misc_requests`,`sys`.`format_time`(`fsbi`.`sum_timer_misc`) AS `io_misc_latency`,`sys`.`format_bytes`(`ibp`.`allocated`) AS `innodb_buffer_allocated`,`sys`.`format_bytes`(`ibp`.`data`) AS `innodb_buffer_data`,`sys`.`format_bytes`((`ibp`.`allocated` - `ibp`.`data`)) AS `innodb_buffer_free`,`ibp`.`pages` AS `innodb_buffer_pages`,`ibp`.`pages_hashed` AS `innodb_buffer_pages_hashed`,`ibp`.`pages_old` AS `innodb_buffer_pages_old`,`ibp`.`rows_cached` AS `innodb_buffer_rows_cached` from ((`performance_schema`.`table_io_waits_summary_by_table` `pst` left join `x$ps_schema_table_statistics_io` `fsbi` on(((`pst`.`OBJECT_SCHEMA` = `fsbi`.`table_schema`) and (`pst`.`OBJECT_NAME` = `fsbi`.`table_name`)))) left join `x$innodb_buffer_stats_by_table` `ibp` on(((`pst`.`OBJECT_SCHEMA` = convert(`ibp`.`object_schema` using utf8mb4)) and (`pst`.`OBJECT_NAME` = convert(`ibp`.`object_name` using utf8mb4))))) order by `pst`.`SUM_TIMER_WAIT` desc */;
/*!50001 SET character_set_client      = @saved_cs_client */;
/*!50001 SET character_set_results     = @saved_cs_results */;
/*!50001 SET collation_connection      = @saved_col_connection */;

--
-- Final view structure for view `schema_tables_with_full_table_scans`
--

/*!50001 DROP VIEW IF EXISTS `schema_tables_with_full_table_scans`*/;
/*!50001 SET @saved_cs_client          = @@character_set_client */;
/*!50001 SET @saved_cs_results         = @@character_set_results */;
/*!50001 SET @saved_col_connection     = @@collation_connection */;
/*!50001 SET character_set_client      = utf8mb4 */;
/*!50001 SET character_set_results     = utf8mb4 */;
/*!50001 SET collation_connection      = utf8mb4_0900_ai_ci */;
/*!50001 CREATE ALGORITHM=MERGE */
/*!50013 DEFINER=`mysql.sys`@`localhost` SQL SECURITY INVOKER */
/*!50001 VIEW `schema_tables_with_full_table_scans` (`object_schema`,`object_name`,`rows_full_scanned`,`latency`) AS select `performance_schema`.`table_io_waits_summary_by_index_usage`.`OBJECT_SCHEMA` AS `object_schema`,`performance_schema`.`table_io_waits_summary_by_index_usage`.`OBJECT_NAME` AS `object_name`,`performance_schema`.`table_io_waits_summary_by_index_usage`.`COUNT_READ` AS `rows_full_scanned`,`sys`.`format_time`(`performance_schema`.`table_io_waits_summary_by_index_usage`.`SUM_TIMER_WAIT`) AS `latency` from `performance_schema`.`table_io_waits_summary_by_index_usage` where ((`performance_schema`.`table_io_waits_summary_by_index_usage`.`INDEX_NAME` is null) and (`performance_schema`.`table_io_waits_summary_by_index_usage`.`COUNT_READ` > 0)) order by `performance_schema`.`table_io_waits_summary_by_index_usage`.`COUNT_READ` desc */;
/*!50001 SET character_set_client      = @saved_cs_client */;
/*!50001 SET character_set_results     = @saved_cs_results */;
/*!50001 SET collation_connection      = @saved_col_connection */;

--
-- Final view structure for view `schema_unused_indexes`
--

/*!50001 DROP VIEW IF EXISTS `schema_unused_indexes`*/;
/*!50001 SET @saved_cs_client          = @@character_set_client */;
/*!50001 SET @saved_cs_results         = @@character_set_results */;
/*!50001 SET @saved_col_connection     = @@collation_connection */;
/*!50001 SET character_set_client      = utf8mb4 */;
/*!50001 SET character_set_results     = utf8mb4 */;
/*!50001 SET collation_connection      = utf8mb4_0900_ai_ci */;
/*!50001 CREATE ALGORITHM=MERGE */
/*!50013 DEFINER=`mysql.sys`@`localhost` SQL SECURITY INVOKER */
/*!50001 VIEW `schema_unused_indexes` (`object_schema`,`object_name`,`index_name`) AS select `t`.`OBJECT_SCHEMA` AS `object_schema`,`t`.`OBJECT_NAME` AS `object_name`,`t`.`INDEX_NAME` AS `index_name` from (`performance_schema`.`table_io_waits_summary_by_index_usage` `t` join `information_schema`.`STATISTICS` `s` on(((convert(`t`.`OBJECT_SCHEMA` using utf8) = `s`.`TABLE_SCHEMA`) and (convert(`t`.`OBJECT_NAME` using utf8) = `s`.`TABLE_NAME`) and (convert(`t`.`INDEX_NAME` using utf8) = `s`.`INDEX_NAME`)))) where ((`t`.`INDEX_NAME` is not null) and (`t`.`COUNT_STAR` = 0) and (`t`.`OBJECT_SCHEMA` <> 'mysql') and (`t`.`INDEX_NAME` <> 'PRIMARY') and (`s`.`NON_UNIQUE` = 1) and (`s`.`SEQ_IN_INDEX` = 1)) order by `t`.`OBJECT_SCHEMA`,`t`.`OBJECT_NAME` */;
/*!50001 SET character_set_client      = @saved_cs_client */;
/*!50001 SET character_set_results     = @saved_cs_results */;
/*!50001 SET collation_connection      = @saved_col_connection */;

--
-- Final view structure for view `session`
--

/*!50001 DROP VIEW IF EXISTS `session`*/;
/*!50001 SET @saved_cs_client          = @@character_set_client */;
/*!50001 SET @saved_cs_results         = @@character_set_results */;
/*!50001 SET @saved_col_connection     = @@collation_connection */;
/*!50001 SET character_set_client      = utf8mb4 */;
/*!50001 SET character_set_results     = utf8mb4 */;
/*!50001 SET collation_connection      = utf8mb4_0900_ai_ci */;
/*!50001 CREATE ALGORITHM=UNDEFINED */
/*!50013 DEFINER=`mysql.sys`@`localhost` SQL SECURITY INVOKER */
/*!50001 VIEW `session` AS select `processlist`.`thd_id` AS `thd_id`,`processlist`.`conn_id` AS `conn_id`,`processlist`.`user` AS `user`,`processlist`.`db` AS `db`,`processlist`.`command` AS `command`,`processlist`.`state` AS `state`,`processlist`.`time` AS `time`,`processlist`.`current_statement` AS `current_statement`,`processlist`.`statement_latency` AS `statement_latency`,`processlist`.`progress` AS `progress`,`processlist`.`lock_latency` AS `lock_latency`,`processlist`.`rows_examined` AS `rows_examined`,`processlist`.`rows_sent` AS `rows_sent`,`processlist`.`rows_affected` AS `rows_affected`,`processlist`.`tmp_tables` AS `tmp_tables`,`processlist`.`tmp_disk_tables` AS `tmp_disk_tables`,`processlist`.`full_scan` AS `full_scan`,`processlist`.`last_statement` AS `last_statement`,`processlist`.`last_statement_latency` AS `last_statement_latency`,`processlist`.`current_memory` AS `current_memory`,`processlist`.`last_wait` AS `last_wait`,`processlist`.`last_wait_latency` AS `last_wait_latency`,`processlist`.`source` AS `source`,`processlist`.`trx_latency` AS `trx_latency`,`processlist`.`trx_state` AS `trx_state`,`processlist`.`trx_autocommit` AS `trx_autocommit`,`processlist`.`pid` AS `pid`,`processlist`.`program_name` AS `program_name` from `processlist` where ((`processlist`.`conn_id` is not null) and (`processlist`.`command` <> 'Daemon')) */;
/*!50001 SET character_set_client      = @saved_cs_client */;
/*!50001 SET character_set_results     = @saved_cs_results */;
/*!50001 SET collation_connection      = @saved_col_connection */;

--
-- Final view structure for view `session_ssl_status`
--

/*!50001 DROP VIEW IF EXISTS `session_ssl_status`*/;
/*!50001 SET @saved_cs_client          = @@character_set_client */;
/*!50001 SET @saved_cs_results         = @@character_set_results */;
/*!50001 SET @saved_col_connection     = @@collation_connection */;
/*!50001 SET character_set_client      = utf8mb4 */;
/*!50001 SET character_set_results     = utf8mb4 */;
/*!50001 SET collation_connection      = utf8mb4_0900_ai_ci */;
/*!50001 CREATE ALGORITHM=MERGE */
/*!50013 DEFINER=`mysql.sys`@`localhost` SQL SECURITY INVOKER */
/*!50001 VIEW `session_ssl_status` (`thread_id`,`ssl_version`,`ssl_cipher`,`ssl_sessions_reused`) AS select `sslver`.`THREAD_ID` AS `thread_id`,`sslver`.`VARIABLE_VALUE` AS `ssl_version`,`sslcip`.`VARIABLE_VALUE` AS `ssl_cipher`,`sslreuse`.`VARIABLE_VALUE` AS `ssl_sessions_reused` from ((`performance_schema`.`status_by_thread` `sslver` left join `performance_schema`.`status_by_thread` `sslcip` on(((`sslcip`.`THREAD_ID` = `sslver`.`THREAD_ID`) and (`sslcip`.`VARIABLE_NAME` = 'Ssl_cipher')))) left join `performance_schema`.`status_by_thread` `sslreuse` on(((`sslreuse`.`THREAD_ID` = `sslver`.`THREAD_ID`) and (`sslreuse`.`VARIABLE_NAME` = 'Ssl_sessions_reused')))) where (`sslver`.`VARIABLE_NAME` = 'Ssl_version') */;
/*!50001 SET character_set_client      = @saved_cs_client */;
/*!50001 SET character_set_results     = @saved_cs_results */;
/*!50001 SET collation_connection      = @saved_col_connection */;

--
-- Final view structure for view `statement_analysis`
--

/*!50001 DROP VIEW IF EXISTS `statement_analysis`*/;
/*!50001 SET @saved_cs_client          = @@character_set_client */;
/*!50001 SET @saved_cs_results         = @@character_set_results */;
/*!50001 SET @saved_col_connection     = @@collation_connection */;
/*!50001 SET character_set_client      = utf8mb4 */;
/*!50001 SET character_set_results     = utf8mb4 */;
/*!50001 SET collation_connection      = utf8mb4_0900_ai_ci */;
/*!50001 CREATE ALGORITHM=MERGE */
/*!50013 DEFINER=`mysql.sys`@`localhost` SQL SECURITY INVOKER */
/*!50001 VIEW `statement_analysis` (`query`,`db`,`full_scan`,`exec_count`,`err_count`,`warn_count`,`total_latency`,`max_latency`,`avg_latency`,`lock_latency`,`rows_sent`,`rows_sent_avg`,`rows_examined`,`rows_examined_avg`,`rows_affected`,`rows_affected_avg`,`tmp_tables`,`tmp_disk_tables`,`rows_sorted`,`sort_merge_passes`,`digest`,`first_seen`,`last_seen`) AS select `sys`.`format_statement`(`performance_schema`.`events_statements_summary_by_digest`.`DIGEST_TEXT`) AS `query`,`performance_schema`.`events_statements_summary_by_digest`.`SCHEMA_NAME` AS `db`,if(((`performance_schema`.`events_statements_summary_by_digest`.`SUM_NO_GOOD_INDEX_USED` > 0) or (`performance_schema`.`events_statements_summary_by_digest`.`SUM_NO_INDEX_USED` > 0)),'*','') AS `full_scan`,`performance_schema`.`events_statements_summary_by_digest`.`COUNT_STAR` AS `exec_count`,`performance_schema`.`events_statements_summary_by_digest`.`SUM_ERRORS` AS `err_count`,`performance_schema`.`events_statements_summary_by_digest`.`SUM_WARNINGS` AS `warn_count`,`sys`.`format_time`(`performance_schema`.`events_statements_summary_by_digest`.`SUM_TIMER_WAIT`) AS `total_latency`,`sys`.`format_time`(`performance_schema`.`events_statements_summary_by_digest`.`MAX_TIMER_WAIT`) AS `max_latency`,`sys`.`format_time`(`performance_schema`.`events_statements_summary_by_digest`.`AVG_TIMER_WAIT`) AS `avg_latency`,`sys`.`format_time`(`performance_schema`.`events_statements_summary_by_digest`.`SUM_LOCK_TIME`) AS `lock_latency`,`performance_schema`.`events_statements_summary_by_digest`.`SUM_ROWS_SENT` AS `rows_sent`,round(ifnull((`performance_schema`.`events_statements_summary_by_digest`.`SUM_ROWS_SENT` / nullif(`performance_schema`.`events_statements_summary_by_digest`.`COUNT_STAR`,0)),0),0) AS `rows_sent_avg`,`performance_schema`.`events_statements_summary_by_digest`.`SUM_ROWS_EXAMINED` AS `rows_examined`,round(ifnull((`performance_schema`.`events_statements_summary_by_digest`.`SUM_ROWS_EXAMINED` / nullif(`performance_schema`.`events_statements_summary_by_digest`.`COUNT_STAR`,0)),0),0) AS `rows_examined_avg`,`performance_schema`.`events_statements_summary_by_digest`.`SUM_ROWS_AFFECTED` AS `rows_affected`,round(ifnull((`performance_schema`.`events_statements_summary_by_digest`.`SUM_ROWS_AFFECTED` / nullif(`performance_schema`.`events_statements_summary_by_digest`.`COUNT_STAR`,0)),0),0) AS `rows_affected_avg`,`performance_schema`.`events_statements_summary_by_digest`.`SUM_CREATED_TMP_TABLES` AS `tmp_tables`,`performance_schema`.`events_statements_summary_by_digest`.`SUM_CREATED_TMP_DISK_TABLES` AS `tmp_disk_tables`,`performance_schema`.`events_statements_summary_by_digest`.`SUM_SORT_ROWS` AS `rows_sorted`,`performance_schema`.`events_statements_summary_by_digest`.`SUM_SORT_MERGE_PASSES` AS `sort_merge_passes`,`performance_schema`.`events_statements_summary_by_digest`.`DIGEST` AS `digest`,`performance_schema`.`events_statements_summary_by_digest`.`FIRST_SEEN` AS `first_seen`,`performance_schema`.`events_statements_summary_by_digest`.`LAST_SEEN` AS `last_seen` from `performance_schema`.`events_statements_summary_by_digest` order by `performance_schema`.`events_statements_summary_by_digest`.`SUM_TIMER_WAIT` desc */;
/*!50001 SET character_set_client      = @saved_cs_client */;
/*!50001 SET character_set_results     = @saved_cs_results */;
/*!50001 SET collation_connection      = @saved_col_connection */;

--
-- Final view structure for view `statements_with_errors_or_warnings`
--

/*!50001 DROP VIEW IF EXISTS `statements_with_errors_or_warnings`*/;
/*!50001 SET @saved_cs_client          = @@character_set_client */;
/*!50001 SET @saved_cs_results         = @@character_set_results */;
/*!50001 SET @saved_col_connection     = @@collation_connection */;
/*!50001 SET character_set_client      = utf8mb4 */;
/*!50001 SET character_set_results     = utf8mb4 */;
/*!50001 SET collation_connection      = utf8mb4_0900_ai_ci */;
/*!50001 CREATE ALGORITHM=MERGE */
/*!50013 DEFINER=`mysql.sys`@`localhost` SQL SECURITY INVOKER */
/*!50001 VIEW `statements_with_errors_or_warnings` (`query`,`db`,`exec_count`,`errors`,`error_pct`,`warnings`,`warning_pct`,`first_seen`,`last_seen`,`digest`) AS select `sys`.`format_statement`(`performance_schema`.`events_statements_summary_by_digest`.`DIGEST_TEXT`) AS `query`,`performance_schema`.`events_statements_summary_by_digest`.`SCHEMA_NAME` AS `db`,`performance_schema`.`events_statements_summary_by_digest`.`COUNT_STAR` AS `exec_count`,`performance_schema`.`events_statements_summary_by_digest`.`SUM_ERRORS` AS `errors`,(ifnull((`performance_schema`.`events_statements_summary_by_digest`.`SUM_ERRORS` / nullif(`performance_schema`.`events_statements_summary_by_digest`.`COUNT_STAR`,0)),0) * 100) AS `error_pct`,`performance_schema`.`events_statements_summary_by_digest`.`SUM_WARNINGS` AS `warnings`,(ifnull((`performance_schema`.`events_statements_summary_by_digest`.`SUM_WARNINGS` / nullif(`performance_schema`.`events_statements_summary_by_digest`.`COUNT_STAR`,0)),0) * 100) AS `warning_pct`,`performance_schema`.`events_statements_summary_by_digest`.`FIRST_SEEN` AS `first_seen`,`performance_schema`.`events_statements_summary_by_digest`.`LAST_SEEN` AS `last_seen`,`performance_schema`.`events_statements_summary_by_digest`.`DIGEST` AS `digest` from `performance_schema`.`events_statements_summary_by_digest` where ((`performance_schema`.`events_statements_summary_by_digest`.`SUM_ERRORS` > 0) or (`performance_schema`.`events_statements_summary_by_digest`.`SUM_WARNINGS` > 0)) order by `performance_schema`.`events_statements_summary_by_digest`.`SUM_ERRORS` desc,`performance_schema`.`events_statements_summary_by_digest`.`SUM_WARNINGS` desc */;
/*!50001 SET character_set_client      = @saved_cs_client */;
/*!50001 SET character_set_results     = @saved_cs_results */;
/*!50001 SET collation_connection      = @saved_col_connection */;

--
-- Final view structure for view `statements_with_full_table_scans`
--

/*!50001 DROP VIEW IF EXISTS `statements_with_full_table_scans`*/;
/*!50001 SET @saved_cs_client          = @@character_set_client */;
/*!50001 SET @saved_cs_results         = @@character_set_results */;
/*!50001 SET @saved_col_connection     = @@collation_connection */;
/*!50001 SET character_set_client      = utf8mb4 */;
/*!50001 SET character_set_results     = utf8mb4 */;
/*!50001 SET collation_connection      = utf8mb4_0900_ai_ci */;
/*!50001 CREATE ALGORITHM=MERGE */
/*!50013 DEFINER=`mysql.sys`@`localhost` SQL SECURITY INVOKER */
/*!50001 VIEW `statements_with_full_table_scans` (`query`,`db`,`exec_count`,`total_latency`,`no_index_used_count`,`no_good_index_used_count`,`no_index_used_pct`,`rows_sent`,`rows_examined`,`rows_sent_avg`,`rows_examined_avg`,`first_seen`,`last_seen`,`digest`) AS select `sys`.`format_statement`(`performance_schema`.`events_statements_summary_by_digest`.`DIGEST_TEXT`) AS `query`,`performance_schema`.`events_statements_summary_by_digest`.`SCHEMA_NAME` AS `db`,`performance_schema`.`events_statements_summary_by_digest`.`COUNT_STAR` AS `exec_count`,`sys`.`format_time`(`performance_schema`.`events_statements_summary_by_digest`.`SUM_TIMER_WAIT`) AS `total_latency`,`performance_schema`.`events_statements_summary_by_digest`.`SUM_NO_INDEX_USED` AS `no_index_used_count`,`performance_schema`.`events_statements_summary_by_digest`.`SUM_NO_GOOD_INDEX_USED` AS `no_good_index_used_count`,round((ifnull((`performance_schema`.`events_statements_summary_by_digest`.`SUM_NO_INDEX_USED` / nullif(`performance_schema`.`events_statements_summary_by_digest`.`COUNT_STAR`,0)),0) * 100),0) AS `no_index_used_pct`,`performance_schema`.`events_statements_summary_by_digest`.`SUM_ROWS_SENT` AS `rows_sent`,`performance_schema`.`events_statements_summary_by_digest`.`SUM_ROWS_EXAMINED` AS `rows_examined`,round((`performance_schema`.`events_statements_summary_by_digest`.`SUM_ROWS_SENT` / `performance_schema`.`events_statements_summary_by_digest`.`COUNT_STAR`),0) AS `rows_sent_avg`,round((`performance_schema`.`events_statements_summary_by_digest`.`SUM_ROWS_EXAMINED` / `performance_schema`.`events_statements_summary_by_digest`.`COUNT_STAR`),0) AS `rows_examined_avg`,`performance_schema`.`events_statements_summary_by_digest`.`FIRST_SEEN` AS `first_seen`,`performance_schema`.`events_statements_summary_by_digest`.`LAST_SEEN` AS `last_seen`,`performance_schema`.`events_statements_summary_by_digest`.`DIGEST` AS `digest` from `performance_schema`.`events_statements_summary_by_digest` where (((`performance_schema`.`events_statements_summary_by_digest`.`SUM_NO_INDEX_USED` > 0) or (`performance_schema`.`events_statements_summary_by_digest`.`SUM_NO_GOOD_INDEX_USED` > 0)) and (not((`performance_schema`.`events_statements_summary_by_digest`.`DIGEST_TEXT` like 'SHOW%')))) order by round((ifnull((`performance_schema`.`events_statements_summary_by_digest`.`SUM_NO_INDEX_USED` / nullif(`performance_schema`.`events_statements_summary_by_digest`.`COUNT_STAR`,0)),0) * 100),0) desc,`sys`.`format_time`(`performance_schema`.`events_statements_summary_by_digest`.`SUM_TIMER_WAIT`) desc */;
/*!50001 SET character_set_client      = @saved_cs_client */;
/*!50001 SET character_set_results     = @saved_cs_results */;
/*!50001 SET collation_connection      = @saved_col_connection */;

--
-- Final view structure for view `statements_with_runtimes_in_95th_percentile`
--

/*!50001 DROP VIEW IF EXISTS `statements_with_runtimes_in_95th_percentile`*/;
/*!50001 SET @saved_cs_client          = @@character_set_client */;
/*!50001 SET @saved_cs_results         = @@character_set_results */;
/*!50001 SET @saved_col_connection     = @@collation_connection */;
/*!50001 SET character_set_client      = utf8mb4 */;
/*!50001 SET character_set_results     = utf8mb4 */;
/*!50001 SET collation_connection      = utf8mb4_0900_ai_ci */;
/*!50001 CREATE ALGORITHM=MERGE */
/*!50013 DEFINER=`mysql.sys`@`localhost` SQL SECURITY INVOKER */
/*!50001 VIEW `statements_with_runtimes_in_95th_percentile` (`query`,`db`,`full_scan`,`exec_count`,`err_count`,`warn_count`,`total_latency`,`max_latency`,`avg_latency`,`rows_sent`,`rows_sent_avg`,`rows_examined`,`rows_examined_avg`,`first_seen`,`last_seen`,`digest`) AS select `sys`.`format_statement`(`stmts`.`DIGEST_TEXT`) AS `query`,`stmts`.`SCHEMA_NAME` AS `db`,if(((`stmts`.`SUM_NO_GOOD_INDEX_USED` > 0) or (`stmts`.`SUM_NO_INDEX_USED` > 0)),'*','') AS `full_scan`,`stmts`.`COUNT_STAR` AS `exec_count`,`stmts`.`SUM_ERRORS` AS `err_count`,`stmts`.`SUM_WARNINGS` AS `warn_count`,`sys`.`format_time`(`stmts`.`SUM_TIMER_WAIT`) AS `total_latency`,`sys`.`format_time`(`stmts`.`MAX_TIMER_WAIT`) AS `max_latency`,`sys`.`format_time`(`stmts`.`AVG_TIMER_WAIT`) AS `avg_latency`,`stmts`.`SUM_ROWS_SENT` AS `rows_sent`,round(ifnull((`stmts`.`SUM_ROWS_SENT` / nullif(`stmts`.`COUNT_STAR`,0)),0),0) AS `rows_sent_avg`,`stmts`.`SUM_ROWS_EXAMINED` AS `rows_examined`,round(ifnull((`stmts`.`SUM_ROWS_EXAMINED` / nullif(`stmts`.`COUNT_STAR`,0)),0),0) AS `rows_examined_avg`,`stmts`.`FIRST_SEEN` AS `first_seen`,`stmts`.`LAST_SEEN` AS `last_seen`,`stmts`.`DIGEST` AS `digest` from (`performance_schema`.`events_statements_summary_by_digest` `stmts` join `x$ps_digest_95th_percentile_by_avg_us` `top_percentile` on((round((`stmts`.`AVG_TIMER_WAIT` / 1000000),0) >= `top_percentile`.`avg_us`))) order by `stmts`.`AVG_TIMER_WAIT` desc */;
/*!50001 SET character_set_client      = @saved_cs_client */;
/*!50001 SET character_set_results     = @saved_cs_results */;
/*!50001 SET collation_connection      = @saved_col_connection */;

--
-- Final view structure for view `statements_with_sorting`
--

/*!50001 DROP VIEW IF EXISTS `statements_with_sorting`*/;
/*!50001 SET @saved_cs_client          = @@character_set_client */;
/*!50001 SET @saved_cs_results         = @@character_set_results */;
/*!50001 SET @saved_col_connection     = @@collation_connection */;
/*!50001 SET character_set_client      = utf8mb4 */;
/*!50001 SET character_set_results     = utf8mb4 */;
/*!50001 SET collation_connection      = utf8mb4_0900_ai_ci */;
/*!50001 CREATE ALGORITHM=MERGE */
/*!50013 DEFINER=`mysql.sys`@`localhost` SQL SECURITY INVOKER */
/*!50001 VIEW `statements_with_sorting` (`query`,`db`,`exec_count`,`total_latency`,`sort_merge_passes`,`avg_sort_merges`,`sorts_using_scans`,`sort_using_range`,`rows_sorted`,`avg_rows_sorted`,`first_seen`,`last_seen`,`digest`) AS select `sys`.`format_statement`(`performance_schema`.`events_statements_summary_by_digest`.`DIGEST_TEXT`) AS `query`,`performance_schema`.`events_statements_summary_by_digest`.`SCHEMA_NAME` AS `db`,`performance_schema`.`events_statements_summary_by_digest`.`COUNT_STAR` AS `exec_count`,`sys`.`format_time`(`performance_schema`.`events_statements_summary_by_digest`.`SUM_TIMER_WAIT`) AS `total_latency`,`performance_schema`.`events_statements_summary_by_digest`.`SUM_SORT_MERGE_PASSES` AS `sort_merge_passes`,round(ifnull((`performance_schema`.`events_statements_summary_by_digest`.`SUM_SORT_MERGE_PASSES` / nullif(`performance_schema`.`events_statements_summary_by_digest`.`COUNT_STAR`,0)),0),0) AS `avg_sort_merges`,`performance_schema`.`events_statements_summary_by_digest`.`SUM_SORT_SCAN` AS `sorts_using_scans`,`performance_schema`.`events_statements_summary_by_digest`.`SUM_SORT_RANGE` AS `sort_using_range`,`performance_schema`.`events_statements_summary_by_digest`.`SUM_SORT_ROWS` AS `rows_sorted`,round(ifnull((`performance_schema`.`events_statements_summary_by_digest`.`SUM_SORT_ROWS` / nullif(`performance_schema`.`events_statements_summary_by_digest`.`COUNT_STAR`,0)),0),0) AS `avg_rows_sorted`,`performance_schema`.`events_statements_summary_by_digest`.`FIRST_SEEN` AS `first_seen`,`performance_schema`.`events_statements_summary_by_digest`.`LAST_SEEN` AS `last_seen`,`performance_schema`.`events_statements_summary_by_digest`.`DIGEST` AS `digest` from `performance_schema`.`events_statements_summary_by_digest` where (`performance_schema`.`events_statements_summary_by_digest`.`SUM_SORT_ROWS` > 0) order by `performance_schema`.`events_statements_summary_by_digest`.`SUM_TIMER_WAIT` desc */;
/*!50001 SET character_set_client      = @saved_cs_client */;
/*!50001 SET character_set_results     = @saved_cs_results */;
/*!50001 SET collation_connection      = @saved_col_connection */;

--
-- Final view structure for view `statements_with_temp_tables`
--

/*!50001 DROP VIEW IF EXISTS `statements_with_temp_tables`*/;
/*!50001 SET @saved_cs_client          = @@character_set_client */;
/*!50001 SET @saved_cs_results         = @@character_set_results */;
/*!50001 SET @saved_col_connection     = @@collation_connection */;
/*!50001 SET character_set_client      = utf8mb4 */;
/*!50001 SET character_set_results     = utf8mb4 */;
/*!50001 SET collation_connection      = utf8mb4_0900_ai_ci */;
/*!50001 CREATE ALGORITHM=MERGE */
/*!50013 DEFINER=`mysql.sys`@`localhost` SQL SECURITY INVOKER */
/*!50001 VIEW `statements_with_temp_tables` (`query`,`db`,`exec_count`,`total_latency`,`memory_tmp_tables`,`disk_tmp_tables`,`avg_tmp_tables_per_query`,`tmp_tables_to_disk_pct`,`first_seen`,`last_seen`,`digest`) AS select `sys`.`format_statement`(`performance_schema`.`events_statements_summary_by_digest`.`DIGEST_TEXT`) AS `query`,`performance_schema`.`events_statements_summary_by_digest`.`SCHEMA_NAME` AS `db`,`performance_schema`.`events_statements_summary_by_digest`.`COUNT_STAR` AS `exec_count`,`sys`.`format_time`(`performance_schema`.`events_statements_summary_by_digest`.`SUM_TIMER_WAIT`) AS `total_latency`,`performance_schema`.`events_statements_summary_by_digest`.`SUM_CREATED_TMP_TABLES` AS `memory_tmp_tables`,`performance_schema`.`events_statements_summary_by_digest`.`SUM_CREATED_TMP_DISK_TABLES` AS `disk_tmp_tables`,round(ifnull((`performance_schema`.`events_statements_summary_by_digest`.`SUM_CREATED_TMP_TABLES` / nullif(`performance_schema`.`events_statements_summary_by_digest`.`COUNT_STAR`,0)),0),0) AS `avg_tmp_tables_per_query`,round((ifnull((`performance_schema`.`events_statements_summary_by_digest`.`SUM_CREATED_TMP_DISK_TABLES` / nullif(`performance_schema`.`events_statements_summary_by_digest`.`SUM_CREATED_TMP_TABLES`,0)),0) * 100),0) AS `tmp_tables_to_disk_pct`,`performance_schema`.`events_statements_summary_by_digest`.`FIRST_SEEN` AS `first_seen`,`performance_schema`.`events_statements_summary_by_digest`.`LAST_SEEN` AS `last_seen`,`performance_schema`.`events_statements_summary_by_digest`.`DIGEST` AS `digest` from `performance_schema`.`events_statements_summary_by_digest` where (`performance_schema`.`events_statements_summary_by_digest`.`SUM_CREATED_TMP_TABLES` > 0) order by `performance_schema`.`events_statements_summary_by_digest`.`SUM_CREATED_TMP_DISK_TABLES` desc,`performance_schema`.`events_statements_summary_by_digest`.`SUM_CREATED_TMP_TABLES` desc */;
/*!50001 SET character_set_client      = @saved_cs_client */;
/*!50001 SET character_set_results     = @saved_cs_results */;
/*!50001 SET collation_connection      = @saved_col_connection */;

--
-- Final view structure for view `user_summary`
--

/*!50001 DROP VIEW IF EXISTS `user_summary`*/;
/*!50001 SET @saved_cs_client          = @@character_set_client */;
/*!50001 SET @saved_cs_results         = @@character_set_results */;
/*!50001 SET @saved_col_connection     = @@collation_connection */;
/*!50001 SET character_set_client      = utf8mb4 */;
/*!50001 SET character_set_results     = utf8mb4 */;
/*!50001 SET collation_connection      = utf8mb4_0900_ai_ci */;
/*!50001 CREATE ALGORITHM=TEMPTABLE */
/*!50013 DEFINER=`mysql.sys`@`localhost` SQL SECURITY INVOKER */
/*!50001 VIEW `user_summary` (`user`,`statements`,`statement_latency`,`statement_avg_latency`,`table_scans`,`file_ios`,`file_io_latency`,`current_connections`,`total_connections`,`unique_hosts`,`current_memory`,`total_memory_allocated`) AS select if((`performance_schema`.`accounts`.`USER` is null),'background',`performance_schema`.`accounts`.`USER`) AS `user`,sum(`stmt`.`total`) AS `statements`,`sys`.`format_time`(sum(`stmt`.`total_latency`)) AS `statement_latency`,`sys`.`format_time`(ifnull((sum(`stmt`.`total_latency`) / nullif(sum(`stmt`.`total`),0)),0)) AS `statement_avg_latency`,sum(`stmt`.`full_scans`) AS `table_scans`,sum(`io`.`ios`) AS `file_ios`,`sys`.`format_time`(sum(`io`.`io_latency`)) AS `file_io_latency`,sum(`performance_schema`.`accounts`.`CURRENT_CONNECTIONS`) AS `current_connections`,sum(`performance_schema`.`accounts`.`TOTAL_CONNECTIONS`) AS `total_connections`,count(distinct `performance_schema`.`accounts`.`HOST`) AS `unique_hosts`,`sys`.`format_bytes`(sum(`mem`.`current_allocated`)) AS `current_memory`,`sys`.`format_bytes`(sum(`mem`.`total_allocated`)) AS `total_memory_allocated` from (((`performance_schema`.`accounts` left join `x$user_summary_by_statement_latency` `stmt` on((if((`performance_schema`.`accounts`.`USER` is null),'background',`performance_schema`.`accounts`.`USER`) = `stmt`.`user`))) left join `x$user_summary_by_file_io` `io` on((if((`performance_schema`.`accounts`.`USER` is null),'background',`performance_schema`.`accounts`.`USER`) = `io`.`user`))) left join `x$memory_by_user_by_current_bytes` `mem` on((if((`performance_schema`.`accounts`.`USER` is null),'background',`performance_schema`.`accounts`.`USER`) = `mem`.`user`))) group by if((`performance_schema`.`accounts`.`USER` is null),'background',`performance_schema`.`accounts`.`USER`) order by sum(`stmt`.`total_latency`) desc */;
/*!50001 SET character_set_client      = @saved_cs_client */;
/*!50001 SET character_set_results     = @saved_cs_results */;
/*!50001 SET collation_connection      = @saved_col_connection */;

--
-- Final view structure for view `user_summary_by_file_io`
--

/*!50001 DROP VIEW IF EXISTS `user_summary_by_file_io`*/;
/*!50001 SET @saved_cs_client          = @@character_set_client */;
/*!50001 SET @saved_cs_results         = @@character_set_results */;
/*!50001 SET @saved_col_connection     = @@collation_connection */;
/*!50001 SET character_set_client      = utf8mb4 */;
/*!50001 SET character_set_results     = utf8mb4 */;
/*!50001 SET collation_connection      = utf8mb4_0900_ai_ci */;
/*!50001 CREATE ALGORITHM=TEMPTABLE */
/*!50013 DEFINER=`mysql.sys`@`localhost` SQL SECURITY INVOKER */
/*!50001 VIEW `user_summary_by_file_io` (`user`,`ios`,`io_latency`) AS select if((`performance_schema`.`events_waits_summary_by_user_by_event_name`.`USER` is null),'background',`performance_schema`.`events_waits_summary_by_user_by_event_name`.`USER`) AS `user`,sum(`performance_schema`.`events_waits_summary_by_user_by_event_name`.`COUNT_STAR`) AS `ios`,`sys`.`format_time`(sum(`performance_schema`.`events_waits_summary_by_user_by_event_name`.`SUM_TIMER_WAIT`)) AS `io_latency` from `performance_schema`.`events_waits_summary_by_user_by_event_name` where (`performance_schema`.`events_waits_summary_by_user_by_event_name`.`EVENT_NAME` like 'wait/io/file/%') group by if((`performance_schema`.`events_waits_summary_by_user_by_event_name`.`USER` is null),'background',`performance_schema`.`events_waits_summary_by_user_by_event_name`.`USER`) order by sum(`performance_schema`.`events_waits_summary_by_user_by_event_name`.`SUM_TIMER_WAIT`) desc */;
/*!50001 SET character_set_client      = @saved_cs_client */;
/*!50001 SET character_set_results     = @saved_cs_results */;
/*!50001 SET collation_connection      = @saved_col_connection */;

--
-- Final view structure for view `user_summary_by_file_io_type`
--

/*!50001 DROP VIEW IF EXISTS `user_summary_by_file_io_type`*/;
/*!50001 SET @saved_cs_client          = @@character_set_client */;
/*!50001 SET @saved_cs_results         = @@character_set_results */;
/*!50001 SET @saved_col_connection     = @@collation_connection */;
/*!50001 SET character_set_client      = utf8mb4 */;
/*!50001 SET character_set_results     = utf8mb4 */;
/*!50001 SET collation_connection      = utf8mb4_0900_ai_ci */;
/*!50001 CREATE ALGORITHM=MERGE */
/*!50013 DEFINER=`mysql.sys`@`localhost` SQL SECURITY INVOKER */
/*!50001 VIEW `user_summary_by_file_io_type` (`user`,`event_name`,`total`,`latency`,`max_latency`) AS select if((`performance_schema`.`events_waits_summary_by_user_by_event_name`.`USER` is null),'background',`performance_schema`.`events_waits_summary_by_user_by_event_name`.`USER`) AS `user`,`performance_schema`.`events_waits_summary_by_user_by_event_name`.`EVENT_NAME` AS `event_name`,`performance_schema`.`events_waits_summary_by_user_by_event_name`.`COUNT_STAR` AS `total`,`sys`.`format_time`(`performance_schema`.`events_waits_summary_by_user_by_event_name`.`SUM_TIMER_WAIT`) AS `latency`,`sys`.`format_time`(`performance_schema`.`events_waits_summary_by_user_by_event_name`.`MAX_TIMER_WAIT`) AS `max_latency` from `performance_schema`.`events_waits_summary_by_user_by_event_name` where ((`performance_schema`.`events_waits_summary_by_user_by_event_name`.`EVENT_NAME` like 'wait/io/file%') and (`performance_schema`.`events_waits_summary_by_user_by_event_name`.`COUNT_STAR` > 0)) order by if((`performance_schema`.`events_waits_summary_by_user_by_event_name`.`USER` is null),'background',`performance_schema`.`events_waits_summary_by_user_by_event_name`.`USER`),`performance_schema`.`events_waits_summary_by_user_by_event_name`.`SUM_TIMER_WAIT` desc */;
/*!50001 SET character_set_client      = @saved_cs_client */;
/*!50001 SET character_set_results     = @saved_cs_results */;
/*!50001 SET collation_connection      = @saved_col_connection */;

--
-- Final view structure for view `user_summary_by_stages`
--

/*!50001 DROP VIEW IF EXISTS `user_summary_by_stages`*/;
/*!50001 SET @saved_cs_client          = @@character_set_client */;
/*!50001 SET @saved_cs_results         = @@character_set_results */;
/*!50001 SET @saved_col_connection     = @@collation_connection */;
/*!50001 SET character_set_client      = utf8mb4 */;
/*!50001 SET character_set_results     = utf8mb4 */;
/*!50001 SET collation_connection      = utf8mb4_0900_ai_ci */;
/*!50001 CREATE ALGORITHM=MERGE */
/*!50013 DEFINER=`mysql.sys`@`localhost` SQL SECURITY INVOKER */
/*!50001 VIEW `user_summary_by_stages` (`user`,`event_name`,`total`,`total_latency`,`avg_latency`) AS select if((`performance_schema`.`events_stages_summary_by_user_by_event_name`.`USER` is null),'background',`performance_schema`.`events_stages_summary_by_user_by_event_name`.`USER`) AS `user`,`performance_schema`.`events_stages_summary_by_user_by_event_name`.`EVENT_NAME` AS `event_name`,`performance_schema`.`events_stages_summary_by_user_by_event_name`.`COUNT_STAR` AS `total`,`sys`.`format_time`(`performance_schema`.`events_stages_summary_by_user_by_event_name`.`SUM_TIMER_WAIT`) AS `total_latency`,`sys`.`format_time`(`performance_schema`.`events_stages_summary_by_user_by_event_name`.`AVG_TIMER_WAIT`) AS `avg_latency` from `performance_schema`.`events_stages_summary_by_user_by_event_name` where (`performance_schema`.`events_stages_summary_by_user_by_event_name`.`SUM_TIMER_WAIT` <> 0) order by if((`performance_schema`.`events_stages_summary_by_user_by_event_name`.`USER` is null),'background',`performance_schema`.`events_stages_summary_by_user_by_event_name`.`USER`),`performance_schema`.`events_stages_summary_by_user_by_event_name`.`SUM_TIMER_WAIT` desc */;
/*!50001 SET character_set_client      = @saved_cs_client */;
/*!50001 SET character_set_results     = @saved_cs_results */;
/*!50001 SET collation_connection      = @saved_col_connection */;

--
-- Final view structure for view `user_summary_by_statement_latency`
--

/*!50001 DROP VIEW IF EXISTS `user_summary_by_statement_latency`*/;
/*!50001 SET @saved_cs_client          = @@character_set_client */;
/*!50001 SET @saved_cs_results         = @@character_set_results */;
/*!50001 SET @saved_col_connection     = @@collation_connection */;
/*!50001 SET character_set_client      = utf8mb4 */;
/*!50001 SET character_set_results     = utf8mb4 */;
/*!50001 SET collation_connection      = utf8mb4_0900_ai_ci */;
/*!50001 CREATE ALGORITHM=TEMPTABLE */
/*!50013 DEFINER=`mysql.sys`@`localhost` SQL SECURITY INVOKER */
/*!50001 VIEW `user_summary_by_statement_latency` (`user`,`total`,`total_latency`,`max_latency`,`lock_latency`,`rows_sent`,`rows_examined`,`rows_affected`,`full_scans`) AS select if((`performance_schema`.`events_statements_summary_by_user_by_event_name`.`USER` is null),'background',`performance_schema`.`events_statements_summary_by_user_by_event_name`.`USER`) AS `user`,sum(`performance_schema`.`events_statements_summary_by_user_by_event_name`.`COUNT_STAR`) AS `total`,`sys`.`format_time`(sum(`performance_schema`.`events_statements_summary_by_user_by_event_name`.`SUM_TIMER_WAIT`)) AS `total_latency`,`sys`.`format_time`(sum(`performance_schema`.`events_statements_summary_by_user_by_event_name`.`MAX_TIMER_WAIT`)) AS `max_latency`,`sys`.`format_time`(sum(`performance_schema`.`events_statements_summary_by_user_by_event_name`.`SUM_LOCK_TIME`)) AS `lock_latency`,sum(`performance_schema`.`events_statements_summary_by_user_by_event_name`.`SUM_ROWS_SENT`) AS `rows_sent`,sum(`performance_schema`.`events_statements_summary_by_user_by_event_name`.`SUM_ROWS_EXAMINED`) AS `rows_examined`,sum(`performance_schema`.`events_statements_summary_by_user_by_event_name`.`SUM_ROWS_AFFECTED`) AS `rows_affected`,(sum(`performance_schema`.`events_statements_summary_by_user_by_event_name`.`SUM_NO_INDEX_USED`) + sum(`performance_schema`.`events_statements_summary_by_user_by_event_name`.`SUM_NO_GOOD_INDEX_USED`)) AS `full_scans` from `performance_schema`.`events_statements_summary_by_user_by_event_name` group by if((`performance_schema`.`events_statements_summary_by_user_by_event_name`.`USER` is null),'background',`performance_schema`.`events_statements_summary_by_user_by_event_name`.`USER`) order by sum(`performance_schema`.`events_statements_summary_by_user_by_event_name`.`SUM_TIMER_WAIT`) desc */;
/*!50001 SET character_set_client      = @saved_cs_client */;
/*!50001 SET character_set_results     = @saved_cs_results */;
/*!50001 SET collation_connection      = @saved_col_connection */;

--
-- Final view structure for view `user_summary_by_statement_type`
--

/*!50001 DROP VIEW IF EXISTS `user_summary_by_statement_type`*/;
/*!50001 SET @saved_cs_client          = @@character_set_client */;
/*!50001 SET @saved_cs_results         = @@character_set_results */;
/*!50001 SET @saved_col_connection     = @@collation_connection */;
/*!50001 SET character_set_client      = utf8mb4 */;
/*!50001 SET character_set_results     = utf8mb4 */;
/*!50001 SET collation_connection      = utf8mb4_0900_ai_ci */;
/*!50001 CREATE ALGORITHM=MERGE */
/*!50013 DEFINER=`mysql.sys`@`localhost` SQL SECURITY INVOKER */
/*!50001 VIEW `user_summary_by_statement_type` (`user`,`statement`,`total`,`total_latency`,`max_latency`,`lock_latency`,`rows_sent`,`rows_examined`,`rows_affected`,`full_scans`) AS select if((`performance_schema`.`events_statements_summary_by_user_by_event_name`.`USER` is null),'background',`performance_schema`.`events_statements_summary_by_user_by_event_name`.`USER`) AS `user`,substring_index(`performance_schema`.`events_statements_summary_by_user_by_event_name`.`EVENT_NAME`,'/',-(1)) AS `statement`,`performance_schema`.`events_statements_summary_by_user_by_event_name`.`COUNT_STAR` AS `total`,`sys`.`format_time`(`performance_schema`.`events_statements_summary_by_user_by_event_name`.`SUM_TIMER_WAIT`) AS `total_latency`,`sys`.`format_time`(`performance_schema`.`events_statements_summary_by_user_by_event_name`.`MAX_TIMER_WAIT`) AS `max_latency`,`sys`.`format_time`(`performance_schema`.`events_statements_summary_by_user_by_event_name`.`SUM_LOCK_TIME`) AS `lock_latency`,`performance_schema`.`events_statements_summary_by_user_by_event_name`.`SUM_ROWS_SENT` AS `rows_sent`,`performance_schema`.`events_statements_summary_by_user_by_event_name`.`SUM_ROWS_EXAMINED` AS `rows_examined`,`performance_schema`.`events_statements_summary_by_user_by_event_name`.`SUM_ROWS_AFFECTED` AS `rows_affected`,(`performance_schema`.`events_statements_summary_by_user_by_event_name`.`SUM_NO_INDEX_USED` + `performance_schema`.`events_statements_summary_by_user_by_event_name`.`SUM_NO_GOOD_INDEX_USED`) AS `full_scans` from `performance_schema`.`events_statements_summary_by_user_by_event_name` where (`performance_schema`.`events_statements_summary_by_user_by_event_name`.`SUM_TIMER_WAIT` <> 0) order by if((`performance_schema`.`events_statements_summary_by_user_by_event_name`.`USER` is null),'background',`performance_schema`.`events_statements_summary_by_user_by_event_name`.`USER`),`performance_schema`.`events_statements_summary_by_user_by_event_name`.`SUM_TIMER_WAIT` desc */;
/*!50001 SET character_set_client      = @saved_cs_client */;
/*!50001 SET character_set_results     = @saved_cs_results */;
/*!50001 SET collation_connection      = @saved_col_connection */;

--
-- Final view structure for view `version`
--

/*!50001 DROP VIEW IF EXISTS `version`*/;
/*!50001 SET @saved_cs_client          = @@character_set_client */;
/*!50001 SET @saved_cs_results         = @@character_set_results */;
/*!50001 SET @saved_col_connection     = @@collation_connection */;
/*!50001 SET character_set_client      = utf8mb4 */;
/*!50001 SET character_set_results     = utf8mb4 */;
/*!50001 SET collation_connection      = utf8mb4_0900_ai_ci */;
/*!50001 CREATE ALGORITHM=UNDEFINED */
/*!50013 DEFINER=`mysql.sys`@`localhost` SQL SECURITY INVOKER */
/*!50001 VIEW `version` (`sys_version`,`mysql_version`) AS select '2.1.1' AS `sys_version`,version() AS `mysql_version` */;
/*!50001 SET character_set_client      = @saved_cs_client */;
/*!50001 SET character_set_results     = @saved_cs_results */;
/*!50001 SET collation_connection      = @saved_col_connection */;

--
-- Final view structure for view `wait_classes_global_by_avg_latency`
--

/*!50001 DROP VIEW IF EXISTS `wait_classes_global_by_avg_latency`*/;
/*!50001 SET @saved_cs_client          = @@character_set_client */;
/*!50001 SET @saved_cs_results         = @@character_set_results */;
/*!50001 SET @saved_col_connection     = @@collation_connection */;
/*!50001 SET character_set_client      = utf8mb4 */;
/*!50001 SET character_set_results     = utf8mb4 */;
/*!50001 SET collation_connection      = utf8mb4_0900_ai_ci */;
/*!50001 CREATE ALGORITHM=TEMPTABLE */
/*!50013 DEFINER=`mysql.sys`@`localhost` SQL SECURITY INVOKER */
/*!50001 VIEW `wait_classes_global_by_avg_latency` (`event_class`,`total`,`total_latency`,`min_latency`,`avg_latency`,`max_latency`) AS select substring_index(`performance_schema`.`events_waits_summary_global_by_event_name`.`EVENT_NAME`,'/',3) AS `event_class`,sum(`performance_schema`.`events_waits_summary_global_by_event_name`.`COUNT_STAR`) AS `total`,`sys`.`format_time`(cast(sum(`performance_schema`.`events_waits_summary_global_by_event_name`.`SUM_TIMER_WAIT`) as unsigned)) AS `total_latency`,`sys`.`format_time`(min(`performance_schema`.`events_waits_summary_global_by_event_name`.`MIN_TIMER_WAIT`)) AS `min_latency`,`sys`.`format_time`(ifnull((sum(`performance_schema`.`events_waits_summary_global_by_event_name`.`SUM_TIMER_WAIT`) / nullif(sum(`performance_schema`.`events_waits_summary_global_by_event_name`.`COUNT_STAR`),0)),0)) AS `avg_latency`,`sys`.`format_time`(cast(max(`performance_schema`.`events_waits_summary_global_by_event_name`.`MAX_TIMER_WAIT`) as unsigned)) AS `max_latency` from `performance_schema`.`events_waits_summary_global_by_event_name` where ((`performance_schema`.`events_waits_summary_global_by_event_name`.`SUM_TIMER_WAIT` > 0) and (`performance_schema`.`events_waits_summary_global_by_event_name`.`EVENT_NAME` <> 'idle')) group by `event_class` order by ifnull((sum(`performance_schema`.`events_waits_summary_global_by_event_name`.`SUM_TIMER_WAIT`) / nullif(sum(`performance_schema`.`events_waits_summary_global_by_event_name`.`COUNT_STAR`),0)),0) desc */;
/*!50001 SET character_set_client      = @saved_cs_client */;
/*!50001 SET character_set_results     = @saved_cs_results */;
/*!50001 SET collation_connection      = @saved_col_connection */;

--
-- Final view structure for view `wait_classes_global_by_latency`
--

/*!50001 DROP VIEW IF EXISTS `wait_classes_global_by_latency`*/;
/*!50001 SET @saved_cs_client          = @@character_set_client */;
/*!50001 SET @saved_cs_results         = @@character_set_results */;
/*!50001 SET @saved_col_connection     = @@collation_connection */;
/*!50001 SET character_set_client      = utf8mb4 */;
/*!50001 SET character_set_results     = utf8mb4 */;
/*!50001 SET collation_connection      = utf8mb4_0900_ai_ci */;
/*!50001 CREATE ALGORITHM=TEMPTABLE */
/*!50013 DEFINER=`mysql.sys`@`localhost` SQL SECURITY INVOKER */
/*!50001 VIEW `wait_classes_global_by_latency` (`event_class`,`total`,`total_latency`,`min_latency`,`avg_latency`,`max_latency`) AS select substring_index(`performance_schema`.`events_waits_summary_global_by_event_name`.`EVENT_NAME`,'/',3) AS `event_class`,sum(`performance_schema`.`events_waits_summary_global_by_event_name`.`COUNT_STAR`) AS `total`,`sys`.`format_time`(sum(`performance_schema`.`events_waits_summary_global_by_event_name`.`SUM_TIMER_WAIT`)) AS `total_latency`,`sys`.`format_time`(min(`performance_schema`.`events_waits_summary_global_by_event_name`.`MIN_TIMER_WAIT`)) AS `min_latency`,`sys`.`format_time`(ifnull((sum(`performance_schema`.`events_waits_summary_global_by_event_name`.`SUM_TIMER_WAIT`) / nullif(sum(`performance_schema`.`events_waits_summary_global_by_event_name`.`COUNT_STAR`),0)),0)) AS `avg_latency`,`sys`.`format_time`(max(`performance_schema`.`events_waits_summary_global_by_event_name`.`MAX_TIMER_WAIT`)) AS `max_latency` from `performance_schema`.`events_waits_summary_global_by_event_name` where ((`performance_schema`.`events_waits_summary_global_by_event_name`.`SUM_TIMER_WAIT` > 0) and (`performance_schema`.`events_waits_summary_global_by_event_name`.`EVENT_NAME` <> 'idle')) group by substring_index(`performance_schema`.`events_waits_summary_global_by_event_name`.`EVENT_NAME`,'/',3) order by sum(`performance_schema`.`events_waits_summary_global_by_event_name`.`SUM_TIMER_WAIT`) desc */;
/*!50001 SET character_set_client      = @saved_cs_client */;
/*!50001 SET character_set_results     = @saved_cs_results */;
/*!50001 SET collation_connection      = @saved_col_connection */;

--
-- Final view structure for view `waits_by_host_by_latency`
--

/*!50001 DROP VIEW IF EXISTS `waits_by_host_by_latency`*/;
/*!50001 SET @saved_cs_client          = @@character_set_client */;
/*!50001 SET @saved_cs_results         = @@character_set_results */;
/*!50001 SET @saved_col_connection     = @@collation_connection */;
/*!50001 SET character_set_client      = utf8mb4 */;
/*!50001 SET character_set_results     = utf8mb4 */;
/*!50001 SET collation_connection      = utf8mb4_0900_ai_ci */;
/*!50001 CREATE ALGORITHM=MERGE */
/*!50013 DEFINER=`mysql.sys`@`localhost` SQL SECURITY INVOKER */
/*!50001 VIEW `waits_by_host_by_latency` (`host`,`event`,`total`,`total_latency`,`avg_latency`,`max_latency`) AS select if((`performance_schema`.`events_waits_summary_by_host_by_event_name`.`HOST` is null),'background',`performance_schema`.`events_waits_summary_by_host_by_event_name`.`HOST`) AS `host`,`performance_schema`.`events_waits_summary_by_host_by_event_name`.`EVENT_NAME` AS `event`,`performance_schema`.`events_waits_summary_by_host_by_event_name`.`COUNT_STAR` AS `total`,`sys`.`format_time`(`performance_schema`.`events_waits_summary_by_host_by_event_name`.`SUM_TIMER_WAIT`) AS `total_latency`,`sys`.`format_time`(`performance_schema`.`events_waits_summary_by_host_by_event_name`.`AVG_TIMER_WAIT`) AS `avg_latency`,`sys`.`format_time`(`performance_schema`.`events_waits_summary_by_host_by_event_name`.`MAX_TIMER_WAIT`) AS `max_latency` from `performance_schema`.`events_waits_summary_by_host_by_event_name` where ((`performance_schema`.`events_waits_summary_by_host_by_event_name`.`EVENT_NAME` <> 'idle') and (`performance_schema`.`events_waits_summary_by_host_by_event_name`.`SUM_TIMER_WAIT` > 0)) order by if((`performance_schema`.`events_waits_summary_by_host_by_event_name`.`HOST` is null),'background',`performance_schema`.`events_waits_summary_by_host_by_event_name`.`HOST`),`performance_schema`.`events_waits_summary_by_host_by_event_name`.`SUM_TIMER_WAIT` desc */;
/*!50001 SET character_set_client      = @saved_cs_client */;
/*!50001 SET character_set_results     = @saved_cs_results */;
/*!50001 SET collation_connection      = @saved_col_connection */;

--
-- Final view structure for view `waits_by_user_by_latency`
--

/*!50001 DROP VIEW IF EXISTS `waits_by_user_by_latency`*/;
/*!50001 SET @saved_cs_client          = @@character_set_client */;
/*!50001 SET @saved_cs_results         = @@character_set_results */;
/*!50001 SET @saved_col_connection     = @@collation_connection */;
/*!50001 SET character_set_client      = utf8mb4 */;
/*!50001 SET character_set_results     = utf8mb4 */;
/*!50001 SET collation_connection      = utf8mb4_0900_ai_ci */;
/*!50001 CREATE ALGORITHM=MERGE */
/*!50013 DEFINER=`mysql.sys`@`localhost` SQL SECURITY INVOKER */
/*!50001 VIEW `waits_by_user_by_latency` (`user`,`event`,`total`,`total_latency`,`avg_latency`,`max_latency`) AS select if((`performance_schema`.`events_waits_summary_by_user_by_event_name`.`USER` is null),'background',`performance_schema`.`events_waits_summary_by_user_by_event_name`.`USER`) AS `user`,`performance_schema`.`events_waits_summary_by_user_by_event_name`.`EVENT_NAME` AS `event`,`performance_schema`.`events_waits_summary_by_user_by_event_name`.`COUNT_STAR` AS `total`,`sys`.`format_time`(`performance_schema`.`events_waits_summary_by_user_by_event_name`.`SUM_TIMER_WAIT`) AS `total_latency`,`sys`.`format_time`(`performance_schema`.`events_waits_summary_by_user_by_event_name`.`AVG_TIMER_WAIT`) AS `avg_latency`,`sys`.`format_time`(`performance_schema`.`events_waits_summary_by_user_by_event_name`.`MAX_TIMER_WAIT`) AS `max_latency` from `performance_schema`.`events_waits_summary_by_user_by_event_name` where ((`performance_schema`.`events_waits_summary_by_user_by_event_name`.`EVENT_NAME` <> 'idle') and (`performance_schema`.`events_waits_summary_by_user_by_event_name`.`USER` is not null) and (`performance_schema`.`events_waits_summary_by_user_by_event_name`.`SUM_TIMER_WAIT` > 0)) order by if((`performance_schema`.`events_waits_summary_by_user_by_event_name`.`USER` is null),'background',`performance_schema`.`events_waits_summary_by_user_by_event_name`.`USER`),`performance_schema`.`events_waits_summary_by_user_by_event_name`.`SUM_TIMER_WAIT` desc */;
/*!50001 SET character_set_client      = @saved_cs_client */;
/*!50001 SET character_set_results     = @saved_cs_results */;
/*!50001 SET collation_connection      = @saved_col_connection */;

--
-- Final view structure for view `waits_global_by_latency`
--

/*!50001 DROP VIEW IF EXISTS `waits_global_by_latency`*/;
/*!50001 SET @saved_cs_client          = @@character_set_client */;
/*!50001 SET @saved_cs_results         = @@character_set_results */;
/*!50001 SET @saved_col_connection     = @@collation_connection */;
/*!50001 SET character_set_client      = utf8mb4 */;
/*!50001 SET character_set_results     = utf8mb4 */;
/*!50001 SET collation_connection      = utf8mb4_0900_ai_ci */;
/*!50001 CREATE ALGORITHM=MERGE */
/*!50013 DEFINER=`mysql.sys`@`localhost` SQL SECURITY INVOKER */
/*!50001 VIEW `waits_global_by_latency` (`events`,`total`,`total_latency`,`avg_latency`,`max_latency`) AS select `performance_schema`.`events_waits_summary_global_by_event_name`.`EVENT_NAME` AS `event`,`performance_schema`.`events_waits_summary_global_by_event_name`.`COUNT_STAR` AS `total`,`sys`.`format_time`(`performance_schema`.`events_waits_summary_global_by_event_name`.`SUM_TIMER_WAIT`) AS `total_latency`,`sys`.`format_time`(`performance_schema`.`events_waits_summary_global_by_event_name`.`AVG_TIMER_WAIT`) AS `avg_latency`,`sys`.`format_time`(`performance_schema`.`events_waits_summary_global_by_event_name`.`MAX_TIMER_WAIT`) AS `max_latency` from `performance_schema`.`events_waits_summary_global_by_event_name` where ((`performance_schema`.`events_waits_summary_global_by_event_name`.`EVENT_NAME` <> 'idle') and (`performance_schema`.`events_waits_summary_global_by_event_name`.`SUM_TIMER_WAIT` > 0)) order by `performance_schema`.`events_waits_summary_global_by_event_name`.`SUM_TIMER_WAIT` desc */;
/*!50001 SET character_set_client      = @saved_cs_client */;
/*!50001 SET character_set_results     = @saved_cs_results */;
/*!50001 SET collation_connection      = @saved_col_connection */;

--
-- Final view structure for view `x$host_summary`
--

/*!50001 DROP VIEW IF EXISTS `x$host_summary`*/;
/*!50001 SET @saved_cs_client          = @@character_set_client */;
/*!50001 SET @saved_cs_results         = @@character_set_results */;
/*!50001 SET @saved_col_connection     = @@collation_connection */;
/*!50001 SET character_set_client      = utf8mb4 */;
/*!50001 SET character_set_results     = utf8mb4 */;
/*!50001 SET collation_connection      = utf8mb4_0900_ai_ci */;
/*!50001 CREATE ALGORITHM=TEMPTABLE */
/*!50013 DEFINER=`mysql.sys`@`localhost` SQL SECURITY INVOKER */
/*!50001 VIEW `x$host_summary` (`host`,`statements`,`statement_latency`,`statement_avg_latency`,`table_scans`,`file_ios`,`file_io_latency`,`current_connections`,`total_connections`,`unique_users`,`current_memory`,`total_memory_allocated`) AS select if((`performance_schema`.`accounts`.`HOST` is null),'background',`performance_schema`.`accounts`.`HOST`) AS `host`,sum(`stmt`.`total`) AS `statements`,sum(`stmt`.`total_latency`) AS `statement_latency`,(sum(`stmt`.`total_latency`) / sum(`stmt`.`total`)) AS `statement_avg_latency`,sum(`stmt`.`full_scans`) AS `table_scans`,sum(`io`.`ios`) AS `file_ios`,sum(`io`.`io_latency`) AS `file_io_latency`,sum(`performance_schema`.`accounts`.`CURRENT_CONNECTIONS`) AS `current_connections`,sum(`performance_schema`.`accounts`.`TOTAL_CONNECTIONS`) AS `total_connections`,count(distinct `performance_schema`.`accounts`.`USER`) AS `unique_users`,sum(`mem`.`current_allocated`) AS `current_memory`,sum(`mem`.`total_allocated`) AS `total_memory_allocated` from (((`performance_schema`.`accounts` join `x$host_summary_by_statement_latency` `stmt` on((`performance_schema`.`accounts`.`HOST` = `stmt`.`host`))) join `x$host_summary_by_file_io` `io` on((`performance_schema`.`accounts`.`HOST` = `io`.`host`))) join `x$memory_by_host_by_current_bytes` `mem` on((`performance_schema`.`accounts`.`HOST` = `mem`.`host`))) group by if((`performance_schema`.`accounts`.`HOST` is null),'background',`performance_schema`.`accounts`.`HOST`) */;
/*!50001 SET character_set_client      = @saved_cs_client */;
/*!50001 SET character_set_results     = @saved_cs_results */;
/*!50001 SET collation_connection      = @saved_col_connection */;

--
-- Final view structure for view `x$host_summary_by_file_io`
--

/*!50001 DROP VIEW IF EXISTS `x$host_summary_by_file_io`*/;
/*!50001 SET @saved_cs_client          = @@character_set_client */;
/*!50001 SET @saved_cs_results         = @@character_set_results */;
/*!50001 SET @saved_col_connection     = @@collation_connection */;
/*!50001 SET character_set_client      = utf8mb4 */;
/*!50001 SET character_set_results     = utf8mb4 */;
/*!50001 SET collation_connection      = utf8mb4_0900_ai_ci */;
/*!50001 CREATE ALGORITHM=TEMPTABLE */
/*!50013 DEFINER=`mysql.sys`@`localhost` SQL SECURITY INVOKER */
/*!50001 VIEW `x$host_summary_by_file_io` (`host`,`ios`,`io_latency`) AS select if((`performance_schema`.`events_waits_summary_by_host_by_event_name`.`HOST` is null),'background',`performance_schema`.`events_waits_summary_by_host_by_event_name`.`HOST`) AS `host`,sum(`performance_schema`.`events_waits_summary_by_host_by_event_name`.`COUNT_STAR`) AS `ios`,sum(`performance_schema`.`events_waits_summary_by_host_by_event_name`.`SUM_TIMER_WAIT`) AS `io_latency` from `performance_schema`.`events_waits_summary_by_host_by_event_name` where (`performance_schema`.`events_waits_summary_by_host_by_event_name`.`EVENT_NAME` like 'wait/io/file/%') group by if((`performance_schema`.`events_waits_summary_by_host_by_event_name`.`HOST` is null),'background',`performance_schema`.`events_waits_summary_by_host_by_event_name`.`HOST`) order by sum(`performance_schema`.`events_waits_summary_by_host_by_event_name`.`SUM_TIMER_WAIT`) desc */;
/*!50001 SET character_set_client      = @saved_cs_client */;
/*!50001 SET character_set_results     = @saved_cs_results */;
/*!50001 SET collation_connection      = @saved_col_connection */;

--
-- Final view structure for view `x$host_summary_by_file_io_type`
--

/*!50001 DROP VIEW IF EXISTS `x$host_summary_by_file_io_type`*/;
/*!50001 SET @saved_cs_client          = @@character_set_client */;
/*!50001 SET @saved_cs_results         = @@character_set_results */;
/*!50001 SET @saved_col_connection     = @@collation_connection */;
/*!50001 SET character_set_client      = utf8mb4 */;
/*!50001 SET character_set_results     = utf8mb4 */;
/*!50001 SET collation_connection      = utf8mb4_0900_ai_ci */;
/*!50001 CREATE ALGORITHM=MERGE */
/*!50013 DEFINER=`mysql.sys`@`localhost` SQL SECURITY INVOKER */
/*!50001 VIEW `x$host_summary_by_file_io_type` (`host`,`event_name`,`total`,`total_latency`,`max_latency`) AS select if((`performance_schema`.`events_waits_summary_by_host_by_event_name`.`HOST` is null),'background',`performance_schema`.`events_waits_summary_by_host_by_event_name`.`HOST`) AS `host`,`performance_schema`.`events_waits_summary_by_host_by_event_name`.`EVENT_NAME` AS `event_name`,`performance_schema`.`events_waits_summary_by_host_by_event_name`.`COUNT_STAR` AS `total`,`performance_schema`.`events_waits_summary_by_host_by_event_name`.`SUM_TIMER_WAIT` AS `total_latency`,`performance_schema`.`events_waits_summary_by_host_by_event_name`.`MAX_TIMER_WAIT` AS `max_latency` from `performance_schema`.`events_waits_summary_by_host_by_event_name` where ((`performance_schema`.`events_waits_summary_by_host_by_event_name`.`EVENT_NAME` like 'wait/io/file%') and (`performance_schema`.`events_waits_summary_by_host_by_event_name`.`COUNT_STAR` > 0)) order by if((`performance_schema`.`events_waits_summary_by_host_by_event_name`.`HOST` is null),'background',`performance_schema`.`events_waits_summary_by_host_by_event_name`.`HOST`),`performance_schema`.`events_waits_summary_by_host_by_event_name`.`SUM_TIMER_WAIT` desc */;
/*!50001 SET character_set_client      = @saved_cs_client */;
/*!50001 SET character_set_results     = @saved_cs_results */;
/*!50001 SET collation_connection      = @saved_col_connection */;

--
-- Final view structure for view `x$host_summary_by_stages`
--

/*!50001 DROP VIEW IF EXISTS `x$host_summary_by_stages`*/;
/*!50001 SET @saved_cs_client          = @@character_set_client */;
/*!50001 SET @saved_cs_results         = @@character_set_results */;
/*!50001 SET @saved_col_connection     = @@collation_connection */;
/*!50001 SET character_set_client      = utf8mb4 */;
/*!50001 SET character_set_results     = utf8mb4 */;
/*!50001 SET collation_connection      = utf8mb4_0900_ai_ci */;
/*!50001 CREATE ALGORITHM=MERGE */
/*!50013 DEFINER=`mysql.sys`@`localhost` SQL SECURITY INVOKER */
/*!50001 VIEW `x$host_summary_by_stages` (`host`,`event_name`,`total`,`total_latency`,`avg_latency`) AS select if((`performance_schema`.`events_stages_summary_by_host_by_event_name`.`HOST` is null),'background',`performance_schema`.`events_stages_summary_by_host_by_event_name`.`HOST`) AS `host`,`performance_schema`.`events_stages_summary_by_host_by_event_name`.`EVENT_NAME` AS `event_name`,`performance_schema`.`events_stages_summary_by_host_by_event_name`.`COUNT_STAR` AS `total`,`performance_schema`.`events_stages_summary_by_host_by_event_name`.`SUM_TIMER_WAIT` AS `total_latency`,`performance_schema`.`events_stages_summary_by_host_by_event_name`.`AVG_TIMER_WAIT` AS `avg_latency` from `performance_schema`.`events_stages_summary_by_host_by_event_name` where (`performance_schema`.`events_stages_summary_by_host_by_event_name`.`SUM_TIMER_WAIT` <> 0) order by if((`performance_schema`.`events_stages_summary_by_host_by_event_name`.`HOST` is null),'background',`performance_schema`.`events_stages_summary_by_host_by_event_name`.`HOST`),`performance_schema`.`events_stages_summary_by_host_by_event_name`.`SUM_TIMER_WAIT` desc */;
/*!50001 SET character_set_client      = @saved_cs_client */;
/*!50001 SET character_set_results     = @saved_cs_results */;
/*!50001 SET collation_connection      = @saved_col_connection */;

--
-- Final view structure for view `x$host_summary_by_statement_latency`
--

/*!50001 DROP VIEW IF EXISTS `x$host_summary_by_statement_latency`*/;
/*!50001 SET @saved_cs_client          = @@character_set_client */;
/*!50001 SET @saved_cs_results         = @@character_set_results */;
/*!50001 SET @saved_col_connection     = @@collation_connection */;
/*!50001 SET character_set_client      = utf8mb4 */;
/*!50001 SET character_set_results     = utf8mb4 */;
/*!50001 SET collation_connection      = utf8mb4_0900_ai_ci */;
/*!50001 CREATE ALGORITHM=TEMPTABLE */
/*!50013 DEFINER=`mysql.sys`@`localhost` SQL SECURITY INVOKER */
/*!50001 VIEW `x$host_summary_by_statement_latency` (`host`,`total`,`total_latency`,`max_latency`,`lock_latency`,`rows_sent`,`rows_examined`,`rows_affected`,`full_scans`) AS select if((`performance_schema`.`events_statements_summary_by_host_by_event_name`.`HOST` is null),'background',`performance_schema`.`events_statements_summary_by_host_by_event_name`.`HOST`) AS `host`,sum(`performance_schema`.`events_statements_summary_by_host_by_event_name`.`COUNT_STAR`) AS `total`,sum(`performance_schema`.`events_statements_summary_by_host_by_event_name`.`SUM_TIMER_WAIT`) AS `total_latency`,max(`performance_schema`.`events_statements_summary_by_host_by_event_name`.`MAX_TIMER_WAIT`) AS `max_latency`,sum(`performance_schema`.`events_statements_summary_by_host_by_event_name`.`SUM_LOCK_TIME`) AS `lock_latency`,sum(`performance_schema`.`events_statements_summary_by_host_by_event_name`.`SUM_ROWS_SENT`) AS `rows_sent`,sum(`performance_schema`.`events_statements_summary_by_host_by_event_name`.`SUM_ROWS_EXAMINED`) AS `rows_examined`,sum(`performance_schema`.`events_statements_summary_by_host_by_event_name`.`SUM_ROWS_AFFECTED`) AS `rows_affected`,(sum(`performance_schema`.`events_statements_summary_by_host_by_event_name`.`SUM_NO_INDEX_USED`) + sum(`performance_schema`.`events_statements_summary_by_host_by_event_name`.`SUM_NO_GOOD_INDEX_USED`)) AS `full_scans` from `performance_schema`.`events_statements_summary_by_host_by_event_name` group by if((`performance_schema`.`events_statements_summary_by_host_by_event_name`.`HOST` is null),'background',`performance_schema`.`events_statements_summary_by_host_by_event_name`.`HOST`) order by sum(`performance_schema`.`events_statements_summary_by_host_by_event_name`.`SUM_TIMER_WAIT`) desc */;
/*!50001 SET character_set_client      = @saved_cs_client */;
/*!50001 SET character_set_results     = @saved_cs_results */;
/*!50001 SET collation_connection      = @saved_col_connection */;

--
-- Final view structure for view `x$host_summary_by_statement_type`
--

/*!50001 DROP VIEW IF EXISTS `x$host_summary_by_statement_type`*/;
/*!50001 SET @saved_cs_client          = @@character_set_client */;
/*!50001 SET @saved_cs_results         = @@character_set_results */;
/*!50001 SET @saved_col_connection     = @@collation_connection */;
/*!50001 SET character_set_client      = utf8mb4 */;
/*!50001 SET character_set_results     = utf8mb4 */;
/*!50001 SET collation_connection      = utf8mb4_0900_ai_ci */;
/*!50001 CREATE ALGORITHM=MERGE */
/*!50013 DEFINER=`mysql.sys`@`localhost` SQL SECURITY INVOKER */
/*!50001 VIEW `x$host_summary_by_statement_type` (`host`,`statement`,`total`,`total_latency`,`max_latency`,`lock_latency`,`rows_sent`,`rows_examined`,`rows_affected`,`full_scans`) AS select if((`performance_schema`.`events_statements_summary_by_host_by_event_name`.`HOST` is null),'background',`performance_schema`.`events_statements_summary_by_host_by_event_name`.`HOST`) AS `host`,substring_index(`performance_schema`.`events_statements_summary_by_host_by_event_name`.`EVENT_NAME`,'/',-(1)) AS `statement`,`performance_schema`.`events_statements_summary_by_host_by_event_name`.`COUNT_STAR` AS `total`,`performance_schema`.`events_statements_summary_by_host_by_event_name`.`SUM_TIMER_WAIT` AS `total_latency`,`performance_schema`.`events_statements_summary_by_host_by_event_name`.`MAX_TIMER_WAIT` AS `max_latency`,`performance_schema`.`events_statements_summary_by_host_by_event_name`.`SUM_LOCK_TIME` AS `lock_latency`,`performance_schema`.`events_statements_summary_by_host_by_event_name`.`SUM_ROWS_SENT` AS `rows_sent`,`performance_schema`.`events_statements_summary_by_host_by_event_name`.`SUM_ROWS_EXAMINED` AS `rows_examined`,`performance_schema`.`events_statements_summary_by_host_by_event_name`.`SUM_ROWS_AFFECTED` AS `rows_affected`,(`performance_schema`.`events_statements_summary_by_host_by_event_name`.`SUM_NO_INDEX_USED` + `performance_schema`.`events_statements_summary_by_host_by_event_name`.`SUM_NO_GOOD_INDEX_USED`) AS `full_scans` from `performance_schema`.`events_statements_summary_by_host_by_event_name` where (`performance_schema`.`events_statements_summary_by_host_by_event_name`.`SUM_TIMER_WAIT` <> 0) order by if((`performance_schema`.`events_statements_summary_by_host_by_event_name`.`HOST` is null),'background',`performance_schema`.`events_statements_summary_by_host_by_event_name`.`HOST`),`performance_schema`.`events_statements_summary_by_host_by_event_name`.`SUM_TIMER_WAIT` desc */;
/*!50001 SET character_set_client      = @saved_cs_client */;
/*!50001 SET character_set_results     = @saved_cs_results */;
/*!50001 SET collation_connection      = @saved_col_connection */;

--
-- Final view structure for view `x$innodb_buffer_stats_by_schema`
--

/*!50001 DROP VIEW IF EXISTS `x$innodb_buffer_stats_by_schema`*/;
/*!50001 SET @saved_cs_client          = @@character_set_client */;
/*!50001 SET @saved_cs_results         = @@character_set_results */;
/*!50001 SET @saved_col_connection     = @@collation_connection */;
/*!50001 SET character_set_client      = utf8mb4 */;
/*!50001 SET character_set_results     = utf8mb4 */;
/*!50001 SET collation_connection      = utf8mb4_0900_ai_ci */;
/*!50001 CREATE ALGORITHM=TEMPTABLE */
/*!50013 DEFINER=`mysql.sys`@`localhost` SQL SECURITY INVOKER */
/*!50001 VIEW `x$innodb_buffer_stats_by_schema` (`object_schema`,`allocated`,`data`,`pages`,`pages_hashed`,`pages_old`,`rows_cached`) AS select if((locate('.',`ibp`.`TABLE_NAME`) = 0),'InnoDB System',replace(substring_index(`ibp`.`TABLE_NAME`,'.',1),'`','')) AS `object_schema`,sum(if((`ibp`.`COMPRESSED_SIZE` = 0),16384,`ibp`.`COMPRESSED_SIZE`)) AS `allocated`,sum(`ibp`.`DATA_SIZE`) AS `data`,count(`ibp`.`PAGE_NUMBER`) AS `pages`,count(if((`ibp`.`IS_HASHED` = 'YES'),1,NULL)) AS `pages_hashed`,count(if((`ibp`.`IS_OLD` = 'YES'),1,NULL)) AS `pages_old`,round(ifnull((sum(`ibp`.`NUMBER_RECORDS`) / nullif(count(distinct `ibp`.`INDEX_NAME`),0)),0),0) AS `rows_cached` from `information_schema`.`INNODB_BUFFER_PAGE` `ibp` where (`ibp`.`TABLE_NAME` is not null) group by `object_schema` order by sum(if((`ibp`.`COMPRESSED_SIZE` = 0),16384,`ibp`.`COMPRESSED_SIZE`)) desc */;
/*!50001 SET character_set_client      = @saved_cs_client */;
/*!50001 SET character_set_results     = @saved_cs_results */;
/*!50001 SET collation_connection      = @saved_col_connection */;

--
-- Final view structure for view `x$innodb_buffer_stats_by_table`
--

/*!50001 DROP VIEW IF EXISTS `x$innodb_buffer_stats_by_table`*/;
/*!50001 SET @saved_cs_client          = @@character_set_client */;
/*!50001 SET @saved_cs_results         = @@character_set_results */;
/*!50001 SET @saved_col_connection     = @@collation_connection */;
/*!50001 SET character_set_client      = utf8mb4 */;
/*!50001 SET character_set_results     = utf8mb4 */;
/*!50001 SET collation_connection      = utf8mb4_0900_ai_ci */;
/*!50001 CREATE ALGORITHM=TEMPTABLE */
/*!50013 DEFINER=`mysql.sys`@`localhost` SQL SECURITY INVOKER */
/*!50001 VIEW `x$innodb_buffer_stats_by_table` (`object_schema`,`object_name`,`allocated`,`data`,`pages`,`pages_hashed`,`pages_old`,`rows_cached`) AS select if((locate('.',`ibp`.`TABLE_NAME`) = 0),'InnoDB System',replace(substring_index(`ibp`.`TABLE_NAME`,'.',1),'`','')) AS `object_schema`,replace(substring_index(`ibp`.`TABLE_NAME`,'.',-(1)),'`','') AS `object_name`,sum(if((`ibp`.`COMPRESSED_SIZE` = 0),16384,`ibp`.`COMPRESSED_SIZE`)) AS `allocated`,sum(`ibp`.`DATA_SIZE`) AS `data`,count(`ibp`.`PAGE_NUMBER`) AS `pages`,count(if((`ibp`.`IS_HASHED` = 'YES'),1,NULL)) AS `pages_hashed`,count(if((`ibp`.`IS_OLD` = 'YES'),1,NULL)) AS `pages_old`,round(ifnull((sum(`ibp`.`NUMBER_RECORDS`) / nullif(count(distinct `ibp`.`INDEX_NAME`),0)),0),0) AS `rows_cached` from `information_schema`.`INNODB_BUFFER_PAGE` `ibp` where (`ibp`.`TABLE_NAME` is not null) group by `object_schema`,`object_name` order by sum(if((`ibp`.`COMPRESSED_SIZE` = 0),16384,`ibp`.`COMPRESSED_SIZE`)) desc */;
/*!50001 SET character_set_client      = @saved_cs_client */;
/*!50001 SET character_set_results     = @saved_cs_results */;
/*!50001 SET collation_connection      = @saved_col_connection */;

--
-- Final view structure for view `x$innodb_lock_waits`
--

/*!50001 DROP VIEW IF EXISTS `x$innodb_lock_waits`*/;
/*!50001 SET @saved_cs_client          = @@character_set_client */;
/*!50001 SET @saved_cs_results         = @@character_set_results */;
/*!50001 SET @saved_col_connection     = @@collation_connection */;
/*!50001 SET character_set_client      = utf8mb4 */;
/*!50001 SET character_set_results     = utf8mb4 */;
/*!50001 SET collation_connection      = utf8mb4_0900_ai_ci */;
/*!50001 CREATE ALGORITHM=TEMPTABLE */
/*!50013 DEFINER=`mysql.sys`@`localhost` SQL SECURITY INVOKER */
/*!50001 VIEW `x$innodb_lock_waits` (`wait_started`,`wait_age`,`wait_age_secs`,`locked_table`,`locked_table_schema`,`locked_table_name`,`locked_table_partition`,`locked_table_subpartition`,`locked_index`,`locked_type`,`waiting_trx_id`,`waiting_trx_started`,`waiting_trx_age`,`waiting_trx_rows_locked`,`waiting_trx_rows_modified`,`waiting_pid`,`waiting_query`,`waiting_lock_id`,`waiting_lock_mode`,`blocking_trx_id`,`blocking_pid`,`blocking_query`,`blocking_lock_id`,`blocking_lock_mode`,`blocking_trx_started`,`blocking_trx_age`,`blocking_trx_rows_locked`,`blocking_trx_rows_modified`,`sql_kill_blocking_query`,`sql_kill_blocking_connection`) AS select `r`.`trx_wait_started` AS `wait_started`,timediff(now(),`r`.`trx_wait_started`) AS `wait_age`,timestampdiff(SECOND,`r`.`trx_wait_started`,now()) AS `wait_age_secs`,concat(`sys`.`quote_identifier`(`rl`.`OBJECT_SCHEMA`),'.',`sys`.`quote_identifier`(`rl`.`OBJECT_NAME`)) AS `locked_table`,`rl`.`OBJECT_SCHEMA` AS `locked_table_schema`,`rl`.`OBJECT_NAME` AS `locked_table_name`,`rl`.`PARTITION_NAME` AS `locked_table_partition`,`rl`.`SUBPARTITION_NAME` AS `locked_table_subpartition`,`rl`.`INDEX_NAME` AS `locked_index`,`rl`.`LOCK_TYPE` AS `locked_type`,`r`.`trx_id` AS `waiting_trx_id`,`r`.`trx_started` AS `waiting_trx_started`,timediff(now(),`r`.`trx_started`) AS `waiting_trx_age`,`r`.`trx_rows_locked` AS `waiting_trx_rows_locked`,`r`.`trx_rows_modified` AS `waiting_trx_rows_modified`,`r`.`trx_mysql_thread_id` AS `waiting_pid`,`r`.`trx_query` AS `waiting_query`,`rl`.`ENGINE_LOCK_ID` AS `waiting_lock_id`,`rl`.`LOCK_MODE` AS `waiting_lock_mode`,`b`.`trx_id` AS `blocking_trx_id`,`b`.`trx_mysql_thread_id` AS `blocking_pid`,`b`.`trx_query` AS `blocking_query`,`bl`.`ENGINE_LOCK_ID` AS `blocking_lock_id`,`bl`.`LOCK_MODE` AS `blocking_lock_mode`,`b`.`trx_started` AS `blocking_trx_started`,timediff(now(),`b`.`trx_started`) AS `blocking_trx_age`,`b`.`trx_rows_locked` AS `blocking_trx_rows_locked`,`b`.`trx_rows_modified` AS `blocking_trx_rows_modified`,concat('KILL QUERY ',`b`.`trx_mysql_thread_id`) AS `sql_kill_blocking_query`,concat('KILL ',`b`.`trx_mysql_thread_id`) AS `sql_kill_blocking_connection` from ((((`performance_schema`.`data_lock_waits` `w` join `information_schema`.`INNODB_TRX` `b` on((convert(`b`.`trx_id` using utf8mb4) = cast(`w`.`BLOCKING_ENGINE_TRANSACTION_ID` as char charset utf8mb4)))) join `information_schema`.`INNODB_TRX` `r` on((convert(`r`.`trx_id` using utf8mb4) = cast(`w`.`REQUESTING_ENGINE_TRANSACTION_ID` as char charset utf8mb4)))) join `performance_schema`.`data_locks` `bl` on((`bl`.`ENGINE_LOCK_ID` = `w`.`BLOCKING_ENGINE_LOCK_ID`))) join `performance_schema`.`data_locks` `rl` on((`rl`.`ENGINE_LOCK_ID` = `w`.`REQUESTING_ENGINE_LOCK_ID`))) order by `r`.`trx_wait_started` */;
/*!50001 SET character_set_client      = @saved_cs_client */;
/*!50001 SET character_set_results     = @saved_cs_results */;
/*!50001 SET collation_connection      = @saved_col_connection */;

--
-- Final view structure for view `x$io_by_thread_by_latency`
--

/*!50001 DROP VIEW IF EXISTS `x$io_by_thread_by_latency`*/;
/*!50001 SET @saved_cs_client          = @@character_set_client */;
/*!50001 SET @saved_cs_results         = @@character_set_results */;
/*!50001 SET @saved_col_connection     = @@collation_connection */;
/*!50001 SET character_set_client      = utf8mb4 */;
/*!50001 SET character_set_results     = utf8mb4 */;
/*!50001 SET collation_connection      = utf8mb4_0900_ai_ci */;
/*!50001 CREATE ALGORITHM=TEMPTABLE */
/*!50013 DEFINER=`mysql.sys`@`localhost` SQL SECURITY INVOKER */
/*!50001 VIEW `x$io_by_thread_by_latency` (`user`,`total`,`total_latency`,`min_latency`,`avg_latency`,`max_latency`,`thread_id`,`processlist_id`) AS select if((`performance_schema`.`threads`.`PROCESSLIST_ID` is null),substring_index(`performance_schema`.`threads`.`NAME`,'/',-(1)),concat(`performance_schema`.`threads`.`PROCESSLIST_USER`,'@',convert(`performance_schema`.`threads`.`PROCESSLIST_HOST` using utf8mb4))) AS `user`,sum(`performance_schema`.`events_waits_summary_by_thread_by_event_name`.`COUNT_STAR`) AS `total`,sum(`performance_schema`.`events_waits_summary_by_thread_by_event_name`.`SUM_TIMER_WAIT`) AS `total_latency`,min(`performance_schema`.`events_waits_summary_by_thread_by_event_name`.`MIN_TIMER_WAIT`) AS `min_latency`,avg(`performance_schema`.`events_waits_summary_by_thread_by_event_name`.`AVG_TIMER_WAIT`) AS `avg_latency`,max(`performance_schema`.`events_waits_summary_by_thread_by_event_name`.`MAX_TIMER_WAIT`) AS `max_latency`,`performance_schema`.`events_waits_summary_by_thread_by_event_name`.`THREAD_ID` AS `thread_id`,`performance_schema`.`threads`.`PROCESSLIST_ID` AS `processlist_id` from (`performance_schema`.`events_waits_summary_by_thread_by_event_name` left join `performance_schema`.`threads` on((`performance_schema`.`events_waits_summary_by_thread_by_event_name`.`THREAD_ID` = `performance_schema`.`threads`.`THREAD_ID`))) where ((`performance_schema`.`events_waits_summary_by_thread_by_event_name`.`EVENT_NAME` like 'wait/io/file/%') and (`performance_schema`.`events_waits_summary_by_thread_by_event_name`.`SUM_TIMER_WAIT` > 0)) group by `performance_schema`.`events_waits_summary_by_thread_by_event_name`.`THREAD_ID`,`performance_schema`.`threads`.`PROCESSLIST_ID`,`user` order by sum(`performance_schema`.`events_waits_summary_by_thread_by_event_name`.`SUM_TIMER_WAIT`) desc */;
/*!50001 SET character_set_client      = @saved_cs_client */;
/*!50001 SET character_set_results     = @saved_cs_results */;
/*!50001 SET collation_connection      = @saved_col_connection */;

--
-- Final view structure for view `x$io_global_by_file_by_bytes`
--

/*!50001 DROP VIEW IF EXISTS `x$io_global_by_file_by_bytes`*/;
/*!50001 SET @saved_cs_client          = @@character_set_client */;
/*!50001 SET @saved_cs_results         = @@character_set_results */;
/*!50001 SET @saved_col_connection     = @@collation_connection */;
/*!50001 SET character_set_client      = utf8mb4 */;
/*!50001 SET character_set_results     = utf8mb4 */;
/*!50001 SET collation_connection      = utf8mb4_0900_ai_ci */;
/*!50001 CREATE ALGORITHM=MERGE */
/*!50013 DEFINER=`mysql.sys`@`localhost` SQL SECURITY INVOKER */
/*!50001 VIEW `x$io_global_by_file_by_bytes` (`file`,`count_read`,`total_read`,`avg_read`,`count_write`,`total_written`,`avg_write`,`total`,`write_pct`) AS select `performance_schema`.`file_summary_by_instance`.`FILE_NAME` AS `file`,`performance_schema`.`file_summary_by_instance`.`COUNT_READ` AS `count_read`,`performance_schema`.`file_summary_by_instance`.`SUM_NUMBER_OF_BYTES_READ` AS `total_read`,ifnull((`performance_schema`.`file_summary_by_instance`.`SUM_NUMBER_OF_BYTES_READ` / nullif(`performance_schema`.`file_summary_by_instance`.`COUNT_READ`,0)),0) AS `avg_read`,`performance_schema`.`file_summary_by_instance`.`COUNT_WRITE` AS `count_write`,`performance_schema`.`file_summary_by_instance`.`SUM_NUMBER_OF_BYTES_WRITE` AS `total_written`,ifnull((`performance_schema`.`file_summary_by_instance`.`SUM_NUMBER_OF_BYTES_WRITE` / nullif(`performance_schema`.`file_summary_by_instance`.`COUNT_WRITE`,0)),0.00) AS `avg_write`,(`performance_schema`.`file_summary_by_instance`.`SUM_NUMBER_OF_BYTES_READ` + `performance_schema`.`file_summary_by_instance`.`SUM_NUMBER_OF_BYTES_WRITE`) AS `total`,ifnull(round((100 - ((`performance_schema`.`file_summary_by_instance`.`SUM_NUMBER_OF_BYTES_READ` / nullif((`performance_schema`.`file_summary_by_instance`.`SUM_NUMBER_OF_BYTES_READ` + `performance_schema`.`file_summary_by_instance`.`SUM_NUMBER_OF_BYTES_WRITE`),0)) * 100)),2),0.00) AS `write_pct` from `performance_schema`.`file_summary_by_instance` order by (`performance_schema`.`file_summary_by_instance`.`SUM_NUMBER_OF_BYTES_READ` + `performance_schema`.`file_summary_by_instance`.`SUM_NUMBER_OF_BYTES_WRITE`) desc */;
/*!50001 SET character_set_client      = @saved_cs_client */;
/*!50001 SET character_set_results     = @saved_cs_results */;
/*!50001 SET collation_connection      = @saved_col_connection */;

--
-- Final view structure for view `x$io_global_by_file_by_latency`
--

/*!50001 DROP VIEW IF EXISTS `x$io_global_by_file_by_latency`*/;
/*!50001 SET @saved_cs_client          = @@character_set_client */;
/*!50001 SET @saved_cs_results         = @@character_set_results */;
/*!50001 SET @saved_col_connection     = @@collation_connection */;
/*!50001 SET character_set_client      = utf8mb4 */;
/*!50001 SET character_set_results     = utf8mb4 */;
/*!50001 SET collation_connection      = utf8mb4_0900_ai_ci */;
/*!50001 CREATE ALGORITHM=MERGE */
/*!50013 DEFINER=`mysql.sys`@`localhost` SQL SECURITY INVOKER */
/*!50001 VIEW `x$io_global_by_file_by_latency` (`file`,`total`,`total_latency`,`count_read`,`read_latency`,`count_write`,`write_latency`,`count_misc`,`misc_latency`) AS select `performance_schema`.`file_summary_by_instance`.`FILE_NAME` AS `file`,`performance_schema`.`file_summary_by_instance`.`COUNT_STAR` AS `total`,`performance_schema`.`file_summary_by_instance`.`SUM_TIMER_WAIT` AS `total_latency`,`performance_schema`.`file_summary_by_instance`.`COUNT_READ` AS `count_read`,`performance_schema`.`file_summary_by_instance`.`SUM_TIMER_READ` AS `read_latency`,`performance_schema`.`file_summary_by_instance`.`COUNT_WRITE` AS `count_write`,`performance_schema`.`file_summary_by_instance`.`SUM_TIMER_WRITE` AS `write_latency`,`performance_schema`.`file_summary_by_instance`.`COUNT_MISC` AS `count_misc`,`performance_schema`.`file_summary_by_instance`.`SUM_TIMER_MISC` AS `misc_latency` from `performance_schema`.`file_summary_by_instance` order by `performance_schema`.`file_summary_by_instance`.`SUM_TIMER_WAIT` desc */;
/*!50001 SET character_set_client      = @saved_cs_client */;
/*!50001 SET character_set_results     = @saved_cs_results */;
/*!50001 SET collation_connection      = @saved_col_connection */;

--
-- Final view structure for view `x$io_global_by_wait_by_bytes`
--

/*!50001 DROP VIEW IF EXISTS `x$io_global_by_wait_by_bytes`*/;
/*!50001 SET @saved_cs_client          = @@character_set_client */;
/*!50001 SET @saved_cs_results         = @@character_set_results */;
/*!50001 SET @saved_col_connection     = @@collation_connection */;
/*!50001 SET character_set_client      = utf8mb4 */;
/*!50001 SET character_set_results     = utf8mb4 */;
/*!50001 SET collation_connection      = utf8mb4_0900_ai_ci */;
/*!50001 CREATE ALGORITHM=MERGE */
/*!50013 DEFINER=`mysql.sys`@`localhost` SQL SECURITY INVOKER */
/*!50001 VIEW `x$io_global_by_wait_by_bytes` (`event_name`,`total`,`total_latency`,`min_latency`,`avg_latency`,`max_latency`,`count_read`,`total_read`,`avg_read`,`count_write`,`total_written`,`avg_written`,`total_requested`) AS select substring_index(`performance_schema`.`file_summary_by_event_name`.`EVENT_NAME`,'/',-(2)) AS `event_name`,`performance_schema`.`file_summary_by_event_name`.`COUNT_STAR` AS `total`,`performance_schema`.`file_summary_by_event_name`.`SUM_TIMER_WAIT` AS `total_latency`,`performance_schema`.`file_summary_by_event_name`.`MIN_TIMER_WAIT` AS `min_latency`,`performance_schema`.`file_summary_by_event_name`.`AVG_TIMER_WAIT` AS `avg_latency`,`performance_schema`.`file_summary_by_event_name`.`MAX_TIMER_WAIT` AS `max_latency`,`performance_schema`.`file_summary_by_event_name`.`COUNT_READ` AS `count_read`,`performance_schema`.`file_summary_by_event_name`.`SUM_NUMBER_OF_BYTES_READ` AS `total_read`,ifnull((`performance_schema`.`file_summary_by_event_name`.`SUM_NUMBER_OF_BYTES_READ` / nullif(`performance_schema`.`file_summary_by_event_name`.`COUNT_READ`,0)),0) AS `avg_read`,`performance_schema`.`file_summary_by_event_name`.`COUNT_WRITE` AS `count_write`,`performance_schema`.`file_summary_by_event_name`.`SUM_NUMBER_OF_BYTES_WRITE` AS `total_written`,ifnull((`performance_schema`.`file_summary_by_event_name`.`SUM_NUMBER_OF_BYTES_WRITE` / nullif(`performance_schema`.`file_summary_by_event_name`.`COUNT_WRITE`,0)),0) AS `avg_written`,(`performance_schema`.`file_summary_by_event_name`.`SUM_NUMBER_OF_BYTES_WRITE` + `performance_schema`.`file_summary_by_event_name`.`SUM_NUMBER_OF_BYTES_READ`) AS `total_requested` from `performance_schema`.`file_summary_by_event_name` where ((`performance_schema`.`file_summary_by_event_name`.`EVENT_NAME` like 'wait/io/file/%') and (`performance_schema`.`file_summary_by_event_name`.`COUNT_STAR` > 0)) order by (`performance_schema`.`file_summary_by_event_name`.`SUM_NUMBER_OF_BYTES_WRITE` + `performance_schema`.`file_summary_by_event_name`.`SUM_NUMBER_OF_BYTES_READ`) desc */;
/*!50001 SET character_set_client      = @saved_cs_client */;
/*!50001 SET character_set_results     = @saved_cs_results */;
/*!50001 SET collation_connection      = @saved_col_connection */;

--
-- Final view structure for view `x$io_global_by_wait_by_latency`
--

/*!50001 DROP VIEW IF EXISTS `x$io_global_by_wait_by_latency`*/;
/*!50001 SET @saved_cs_client          = @@character_set_client */;
/*!50001 SET @saved_cs_results         = @@character_set_results */;
/*!50001 SET @saved_col_connection     = @@collation_connection */;
/*!50001 SET character_set_client      = utf8mb4 */;
/*!50001 SET character_set_results     = utf8mb4 */;
/*!50001 SET collation_connection      = utf8mb4_0900_ai_ci */;
/*!50001 CREATE ALGORITHM=MERGE */
/*!50013 DEFINER=`mysql.sys`@`localhost` SQL SECURITY INVOKER */
/*!50001 VIEW `x$io_global_by_wait_by_latency` (`event_name`,`total`,`total_latency`,`avg_latency`,`max_latency`,`read_latency`,`write_latency`,`misc_latency`,`count_read`,`total_read`,`avg_read`,`count_write`,`total_written`,`avg_written`) AS select substring_index(`performance_schema`.`file_summary_by_event_name`.`EVENT_NAME`,'/',-(2)) AS `event_name`,`performance_schema`.`file_summary_by_event_name`.`COUNT_STAR` AS `total`,`performance_schema`.`file_summary_by_event_name`.`SUM_TIMER_WAIT` AS `total_latency`,`performance_schema`.`file_summary_by_event_name`.`AVG_TIMER_WAIT` AS `avg_latency`,`performance_schema`.`file_summary_by_event_name`.`MAX_TIMER_WAIT` AS `max_latency`,`performance_schema`.`file_summary_by_event_name`.`SUM_TIMER_READ` AS `read_latency`,`performance_schema`.`file_summary_by_event_name`.`SUM_TIMER_WRITE` AS `write_latency`,`performance_schema`.`file_summary_by_event_name`.`SUM_TIMER_MISC` AS `misc_latency`,`performance_schema`.`file_summary_by_event_name`.`COUNT_READ` AS `count_read`,`performance_schema`.`file_summary_by_event_name`.`SUM_NUMBER_OF_BYTES_READ` AS `total_read`,ifnull((`performance_schema`.`file_summary_by_event_name`.`SUM_NUMBER_OF_BYTES_READ` / nullif(`performance_schema`.`file_summary_by_event_name`.`COUNT_READ`,0)),0) AS `avg_read`,`performance_schema`.`file_summary_by_event_name`.`COUNT_WRITE` AS `count_write`,`performance_schema`.`file_summary_by_event_name`.`SUM_NUMBER_OF_BYTES_WRITE` AS `total_written`,ifnull((`performance_schema`.`file_summary_by_event_name`.`SUM_NUMBER_OF_BYTES_WRITE` / nullif(`performance_schema`.`file_summary_by_event_name`.`COUNT_WRITE`,0)),0) AS `avg_written` from `performance_schema`.`file_summary_by_event_name` where ((`performance_schema`.`file_summary_by_event_name`.`EVENT_NAME` like 'wait/io/file/%') and (`performance_schema`.`file_summary_by_event_name`.`COUNT_STAR` > 0)) order by `performance_schema`.`file_summary_by_event_name`.`SUM_TIMER_WAIT` desc */;
/*!50001 SET character_set_client      = @saved_cs_client */;
/*!50001 SET character_set_results     = @saved_cs_results */;
/*!50001 SET collation_connection      = @saved_col_connection */;

--
-- Final view structure for view `x$latest_file_io`
--

/*!50001 DROP VIEW IF EXISTS `x$latest_file_io`*/;
/*!50001 SET @saved_cs_client          = @@character_set_client */;
/*!50001 SET @saved_cs_results         = @@character_set_results */;
/*!50001 SET @saved_col_connection     = @@collation_connection */;
/*!50001 SET character_set_client      = utf8mb4 */;
/*!50001 SET character_set_results     = utf8mb4 */;
/*!50001 SET collation_connection      = utf8mb4_0900_ai_ci */;
/*!50001 CREATE ALGORITHM=MERGE */
/*!50013 DEFINER=`mysql.sys`@`localhost` SQL SECURITY INVOKER */
/*!50001 VIEW `x$latest_file_io` (`thread`,`file`,`latency`,`operation`,`requested`) AS select if((`information_schema`.`processlist`.`ID` is null),concat(substring_index(`performance_schema`.`threads`.`NAME`,'/',-(1)),':',`performance_schema`.`events_waits_history_long`.`THREAD_ID`),convert(concat(`information_schema`.`processlist`.`USER`,'@',`information_schema`.`processlist`.`HOST`,':',`information_schema`.`processlist`.`ID`) using utf8mb4)) AS `thread`,`performance_schema`.`events_waits_history_long`.`OBJECT_NAME` AS `file`,`performance_schema`.`events_waits_history_long`.`TIMER_WAIT` AS `latency`,`performance_schema`.`events_waits_history_long`.`OPERATION` AS `operation`,`performance_schema`.`events_waits_history_long`.`NUMBER_OF_BYTES` AS `requested` from ((`performance_schema`.`events_waits_history_long` join `performance_schema`.`threads` on((`performance_schema`.`events_waits_history_long`.`THREAD_ID` = `performance_schema`.`threads`.`THREAD_ID`))) left join `information_schema`.`PROCESSLIST` on((`performance_schema`.`threads`.`PROCESSLIST_ID` = `information_schema`.`processlist`.`ID`))) where ((`performance_schema`.`events_waits_history_long`.`OBJECT_NAME` is not null) and (`performance_schema`.`events_waits_history_long`.`EVENT_NAME` like 'wait/io/file/%')) order by `performance_schema`.`events_waits_history_long`.`TIMER_START` */;
/*!50001 SET character_set_client      = @saved_cs_client */;
/*!50001 SET character_set_results     = @saved_cs_results */;
/*!50001 SET collation_connection      = @saved_col_connection */;

--
-- Final view structure for view `x$memory_by_host_by_current_bytes`
--

/*!50001 DROP VIEW IF EXISTS `x$memory_by_host_by_current_bytes`*/;
/*!50001 SET @saved_cs_client          = @@character_set_client */;
/*!50001 SET @saved_cs_results         = @@character_set_results */;
/*!50001 SET @saved_col_connection     = @@collation_connection */;
/*!50001 SET character_set_client      = utf8mb4 */;
/*!50001 SET character_set_results     = utf8mb4 */;
/*!50001 SET collation_connection      = utf8mb4_0900_ai_ci */;
/*!50001 CREATE ALGORITHM=TEMPTABLE */
/*!50013 DEFINER=`mysql.sys`@`localhost` SQL SECURITY INVOKER */
/*!50001 VIEW `x$memory_by_host_by_current_bytes` (`host`,`current_count_used`,`current_allocated`,`current_avg_alloc`,`current_max_alloc`,`total_allocated`) AS select if((`performance_schema`.`memory_summary_by_host_by_event_name`.`HOST` is null),'background',`performance_schema`.`memory_summary_by_host_by_event_name`.`HOST`) AS `host`,sum(`performance_schema`.`memory_summary_by_host_by_event_name`.`CURRENT_COUNT_USED`) AS `current_count_used`,sum(`performance_schema`.`memory_summary_by_host_by_event_name`.`CURRENT_NUMBER_OF_BYTES_USED`) AS `current_allocated`,ifnull((sum(`performance_schema`.`memory_summary_by_host_by_event_name`.`CURRENT_NUMBER_OF_BYTES_USED`) / nullif(sum(`performance_schema`.`memory_summary_by_host_by_event_name`.`CURRENT_COUNT_USED`),0)),0) AS `current_avg_alloc`,max(`performance_schema`.`memory_summary_by_host_by_event_name`.`CURRENT_NUMBER_OF_BYTES_USED`) AS `current_max_alloc`,sum(`performance_schema`.`memory_summary_by_host_by_event_name`.`SUM_NUMBER_OF_BYTES_ALLOC`) AS `total_allocated` from `performance_schema`.`memory_summary_by_host_by_event_name` group by if((`performance_schema`.`memory_summary_by_host_by_event_name`.`HOST` is null),'background',`performance_schema`.`memory_summary_by_host_by_event_name`.`HOST`) order by sum(`performance_schema`.`memory_summary_by_host_by_event_name`.`CURRENT_NUMBER_OF_BYTES_USED`) desc */;
/*!50001 SET character_set_client      = @saved_cs_client */;
/*!50001 SET character_set_results     = @saved_cs_results */;
/*!50001 SET collation_connection      = @saved_col_connection */;

--
-- Final view structure for view `x$memory_by_thread_by_current_bytes`
--

/*!50001 DROP VIEW IF EXISTS `x$memory_by_thread_by_current_bytes`*/;
/*!50001 SET @saved_cs_client          = @@character_set_client */;
/*!50001 SET @saved_cs_results         = @@character_set_results */;
/*!50001 SET @saved_col_connection     = @@collation_connection */;
/*!50001 SET character_set_client      = utf8mb4 */;
/*!50001 SET character_set_results     = utf8mb4 */;
/*!50001 SET collation_connection      = utf8mb4_0900_ai_ci */;
/*!50001 CREATE ALGORITHM=TEMPTABLE */
/*!50013 DEFINER=`mysql.sys`@`localhost` SQL SECURITY INVOKER */
/*!50001 VIEW `x$memory_by_thread_by_current_bytes` (`thread_id`,`user`,`current_count_used`,`current_allocated`,`current_avg_alloc`,`current_max_alloc`,`total_allocated`) AS select `t`.`THREAD_ID` AS `thread_id`,if((`t`.`NAME` = 'thread/sql/one_connection'),concat(`t`.`PROCESSLIST_USER`,'@',convert(`t`.`PROCESSLIST_HOST` using utf8mb4)),replace(`t`.`NAME`,'thread/','')) AS `user`,sum(`mt`.`CURRENT_COUNT_USED`) AS `current_count_used`,sum(`mt`.`CURRENT_NUMBER_OF_BYTES_USED`) AS `current_allocated`,ifnull((sum(`mt`.`CURRENT_NUMBER_OF_BYTES_USED`) / nullif(sum(`mt`.`CURRENT_COUNT_USED`),0)),0) AS `current_avg_alloc`,max(`mt`.`CURRENT_NUMBER_OF_BYTES_USED`) AS `current_max_alloc`,sum(`mt`.`SUM_NUMBER_OF_BYTES_ALLOC`) AS `total_allocated` from (`performance_schema`.`memory_summary_by_thread_by_event_name` `mt` join `performance_schema`.`threads` `t` on((`mt`.`THREAD_ID` = `t`.`THREAD_ID`))) group by `t`.`THREAD_ID`,if((`t`.`NAME` = 'thread/sql/one_connection'),concat(`t`.`PROCESSLIST_USER`,'@',convert(`t`.`PROCESSLIST_HOST` using utf8mb4)),replace(`t`.`NAME`,'thread/','')) order by sum(`mt`.`CURRENT_NUMBER_OF_BYTES_USED`) desc */;
/*!50001 SET character_set_client      = @saved_cs_client */;
/*!50001 SET character_set_results     = @saved_cs_results */;
/*!50001 SET collation_connection      = @saved_col_connection */;

--
-- Final view structure for view `x$memory_by_user_by_current_bytes`
--

/*!50001 DROP VIEW IF EXISTS `x$memory_by_user_by_current_bytes`*/;
/*!50001 SET @saved_cs_client          = @@character_set_client */;
/*!50001 SET @saved_cs_results         = @@character_set_results */;
/*!50001 SET @saved_col_connection     = @@collation_connection */;
/*!50001 SET character_set_client      = utf8mb4 */;
/*!50001 SET character_set_results     = utf8mb4 */;
/*!50001 SET collation_connection      = utf8mb4_0900_ai_ci */;
/*!50001 CREATE ALGORITHM=TEMPTABLE */
/*!50013 DEFINER=`mysql.sys`@`localhost` SQL SECURITY INVOKER */
/*!50001 VIEW `x$memory_by_user_by_current_bytes` (`user`,`current_count_used`,`current_allocated`,`current_avg_alloc`,`current_max_alloc`,`total_allocated`) AS select if((`performance_schema`.`memory_summary_by_user_by_event_name`.`USER` is null),'background',`performance_schema`.`memory_summary_by_user_by_event_name`.`USER`) AS `user`,sum(`performance_schema`.`memory_summary_by_user_by_event_name`.`CURRENT_COUNT_USED`) AS `current_count_used`,sum(`performance_schema`.`memory_summary_by_user_by_event_name`.`CURRENT_NUMBER_OF_BYTES_USED`) AS `current_allocated`,ifnull((sum(`performance_schema`.`memory_summary_by_user_by_event_name`.`CURRENT_NUMBER_OF_BYTES_USED`) / nullif(sum(`performance_schema`.`memory_summary_by_user_by_event_name`.`CURRENT_COUNT_USED`),0)),0) AS `current_avg_alloc`,max(`performance_schema`.`memory_summary_by_user_by_event_name`.`CURRENT_NUMBER_OF_BYTES_USED`) AS `current_max_alloc`,sum(`performance_schema`.`memory_summary_by_user_by_event_name`.`SUM_NUMBER_OF_BYTES_ALLOC`) AS `total_allocated` from `performance_schema`.`memory_summary_by_user_by_event_name` group by if((`performance_schema`.`memory_summary_by_user_by_event_name`.`USER` is null),'background',`performance_schema`.`memory_summary_by_user_by_event_name`.`USER`) order by sum(`performance_schema`.`memory_summary_by_user_by_event_name`.`CURRENT_NUMBER_OF_BYTES_USED`) desc */;
/*!50001 SET character_set_client      = @saved_cs_client */;
/*!50001 SET character_set_results     = @saved_cs_results */;
/*!50001 SET collation_connection      = @saved_col_connection */;

--
-- Final view structure for view `x$memory_global_by_current_bytes`
--

/*!50001 DROP VIEW IF EXISTS `x$memory_global_by_current_bytes`*/;
/*!50001 SET @saved_cs_client          = @@character_set_client */;
/*!50001 SET @saved_cs_results         = @@character_set_results */;
/*!50001 SET @saved_col_connection     = @@collation_connection */;
/*!50001 SET character_set_client      = utf8mb4 */;
/*!50001 SET character_set_results     = utf8mb4 */;
/*!50001 SET collation_connection      = utf8mb4_0900_ai_ci */;
/*!50001 CREATE ALGORITHM=MERGE */
/*!50013 DEFINER=`mysql.sys`@`localhost` SQL SECURITY INVOKER */
/*!50001 VIEW `x$memory_global_by_current_bytes` (`event_name`,`current_count`,`current_alloc`,`current_avg_alloc`,`high_count`,`high_alloc`,`high_avg_alloc`) AS select `performance_schema`.`memory_summary_global_by_event_name`.`EVENT_NAME` AS `event_name`,`performance_schema`.`memory_summary_global_by_event_name`.`CURRENT_COUNT_USED` AS `current_count`,`performance_schema`.`memory_summary_global_by_event_name`.`CURRENT_NUMBER_OF_BYTES_USED` AS `current_alloc`,ifnull((`performance_schema`.`memory_summary_global_by_event_name`.`CURRENT_NUMBER_OF_BYTES_USED` / nullif(`performance_schema`.`memory_summary_global_by_event_name`.`CURRENT_COUNT_USED`,0)),0) AS `current_avg_alloc`,`performance_schema`.`memory_summary_global_by_event_name`.`HIGH_COUNT_USED` AS `high_count`,`performance_schema`.`memory_summary_global_by_event_name`.`HIGH_NUMBER_OF_BYTES_USED` AS `high_alloc`,ifnull((`performance_schema`.`memory_summary_global_by_event_name`.`HIGH_NUMBER_OF_BYTES_USED` / nullif(`performance_schema`.`memory_summary_global_by_event_name`.`HIGH_COUNT_USED`,0)),0) AS `high_avg_alloc` from `performance_schema`.`memory_summary_global_by_event_name` where (`performance_schema`.`memory_summary_global_by_event_name`.`CURRENT_NUMBER_OF_BYTES_USED` > 0) order by `performance_schema`.`memory_summary_global_by_event_name`.`CURRENT_NUMBER_OF_BYTES_USED` desc */;
/*!50001 SET character_set_client      = @saved_cs_client */;
/*!50001 SET character_set_results     = @saved_cs_results */;
/*!50001 SET collation_connection      = @saved_col_connection */;

--
-- Final view structure for view `x$memory_global_total`
--

/*!50001 DROP VIEW IF EXISTS `x$memory_global_total`*/;
/*!50001 SET @saved_cs_client          = @@character_set_client */;
/*!50001 SET @saved_cs_results         = @@character_set_results */;
/*!50001 SET @saved_col_connection     = @@collation_connection */;
/*!50001 SET character_set_client      = utf8mb4 */;
/*!50001 SET character_set_results     = utf8mb4 */;
/*!50001 SET collation_connection      = utf8mb4_0900_ai_ci */;
/*!50001 CREATE ALGORITHM=TEMPTABLE */
/*!50013 DEFINER=`mysql.sys`@`localhost` SQL SECURITY INVOKER */
/*!50001 VIEW `x$memory_global_total` (`total_allocated`) AS select sum(`performance_schema`.`memory_summary_global_by_event_name`.`CURRENT_NUMBER_OF_BYTES_USED`) AS `total_allocated` from `performance_schema`.`memory_summary_global_by_event_name` */;
/*!50001 SET character_set_client      = @saved_cs_client */;
/*!50001 SET character_set_results     = @saved_cs_results */;
/*!50001 SET collation_connection      = @saved_col_connection */;

--
-- Final view structure for view `x$processlist`
--

/*!50001 DROP VIEW IF EXISTS `x$processlist`*/;
/*!50001 SET @saved_cs_client          = @@character_set_client */;
/*!50001 SET @saved_cs_results         = @@character_set_results */;
/*!50001 SET @saved_col_connection     = @@collation_connection */;
/*!50001 SET character_set_client      = utf8mb4 */;
/*!50001 SET character_set_results     = utf8mb4 */;
/*!50001 SET collation_connection      = utf8mb4_0900_ai_ci */;
/*!50001 CREATE ALGORITHM=TEMPTABLE */
/*!50013 DEFINER=`mysql.sys`@`localhost` SQL SECURITY INVOKER */
/*!50001 VIEW `x$processlist` (`thd_id`,`conn_id`,`user`,`db`,`command`,`state`,`time`,`current_statement`,`statement_latency`,`progress`,`lock_latency`,`rows_examined`,`rows_sent`,`rows_affected`,`tmp_tables`,`tmp_disk_tables`,`full_scan`,`last_statement`,`last_statement_latency`,`current_memory`,`last_wait`,`last_wait_latency`,`source`,`trx_latency`,`trx_state`,`trx_autocommit`,`pid`,`program_name`) AS select `pps`.`THREAD_ID` AS `thd_id`,`pps`.`PROCESSLIST_ID` AS `conn_id`,if((`pps`.`NAME` in ('thread/sql/one_connection','thread/thread_pool/tp_one_connection')),concat(`pps`.`PROCESSLIST_USER`,'@',convert(`pps`.`PROCESSLIST_HOST` using utf8mb4)),replace(`pps`.`NAME`,'thread/','')) AS `user`,`pps`.`PROCESSLIST_DB` AS `db`,`pps`.`PROCESSLIST_COMMAND` AS `command`,`pps`.`PROCESSLIST_STATE` AS `state`,`pps`.`PROCESSLIST_TIME` AS `time`,`pps`.`PROCESSLIST_INFO` AS `current_statement`,if((`esc`.`END_EVENT_ID` is null),`esc`.`TIMER_WAIT`,NULL) AS `statement_latency`,if((`esc`.`END_EVENT_ID` is null),round((100 * (`estc`.`WORK_COMPLETED` / `estc`.`WORK_ESTIMATED`)),2),NULL) AS `progress`,`esc`.`LOCK_TIME` AS `lock_latency`,`esc`.`ROWS_EXAMINED` AS `rows_examined`,`esc`.`ROWS_SENT` AS `rows_sent`,`esc`.`ROWS_AFFECTED` AS `rows_affected`,`esc`.`CREATED_TMP_TABLES` AS `tmp_tables`,`esc`.`CREATED_TMP_DISK_TABLES` AS `tmp_disk_tables`,if(((`esc`.`NO_GOOD_INDEX_USED` > 0) or (`esc`.`NO_INDEX_USED` > 0)),'YES','NO') AS `full_scan`,if((`esc`.`END_EVENT_ID` is not null),`esc`.`SQL_TEXT`,NULL) AS `last_statement`,if((`esc`.`END_EVENT_ID` is not null),`esc`.`TIMER_WAIT`,NULL) AS `last_statement_latency`,`mem`.`current_allocated` AS `current_memory`,`ewc`.`EVENT_NAME` AS `last_wait`,if(((`ewc`.`END_EVENT_ID` is null) and (`ewc`.`EVENT_NAME` is not null)),'Still Waiting',`ewc`.`TIMER_WAIT`) AS `last_wait_latency`,`ewc`.`SOURCE` AS `source`,`etc`.`TIMER_WAIT` AS `trx_latency`,`etc`.`STATE` AS `trx_state`,`etc`.`AUTOCOMMIT` AS `trx_autocommit`,`conattr_pid`.`ATTR_VALUE` AS `pid`,`conattr_progname`.`ATTR_VALUE` AS `program_name` from (((((((`performance_schema`.`threads` `pps` left join `performance_schema`.`events_waits_current` `ewc` on((`pps`.`THREAD_ID` = `ewc`.`THREAD_ID`))) left join `performance_schema`.`events_stages_current` `estc` on((`pps`.`THREAD_ID` = `estc`.`THREAD_ID`))) left join `performance_schema`.`events_statements_current` `esc` on((`pps`.`THREAD_ID` = `esc`.`THREAD_ID`))) left join `performance_schema`.`events_transactions_current` `etc` on((`pps`.`THREAD_ID` = `etc`.`THREAD_ID`))) left join `x$memory_by_thread_by_current_bytes` `mem` on((`pps`.`THREAD_ID` = `mem`.`thread_id`))) left join `performance_schema`.`session_connect_attrs` `conattr_pid` on(((`conattr_pid`.`PROCESSLIST_ID` = `pps`.`PROCESSLIST_ID`) and (`conattr_pid`.`ATTR_NAME` = '_pid')))) left join `performance_schema`.`session_connect_attrs` `conattr_progname` on(((`conattr_progname`.`PROCESSLIST_ID` = `pps`.`PROCESSLIST_ID`) and (`conattr_progname`.`ATTR_NAME` = 'program_name')))) order by `pps`.`PROCESSLIST_TIME` desc,`last_wait_latency` desc */;
/*!50001 SET character_set_client      = @saved_cs_client */;
/*!50001 SET character_set_results     = @saved_cs_results */;
/*!50001 SET collation_connection      = @saved_col_connection */;

--
-- Final view structure for view `x$ps_digest_95th_percentile_by_avg_us`
--

/*!50001 DROP VIEW IF EXISTS `x$ps_digest_95th_percentile_by_avg_us`*/;
/*!50001 SET @saved_cs_client          = @@character_set_client */;
/*!50001 SET @saved_cs_results         = @@character_set_results */;
/*!50001 SET @saved_col_connection     = @@collation_connection */;
/*!50001 SET character_set_client      = utf8mb4 */;
/*!50001 SET character_set_results     = utf8mb4 */;
/*!50001 SET collation_connection      = utf8mb4_0900_ai_ci */;
/*!50001 CREATE ALGORITHM=TEMPTABLE */
/*!50013 DEFINER=`mysql.sys`@`localhost` SQL SECURITY INVOKER */
/*!50001 VIEW `x$ps_digest_95th_percentile_by_avg_us` (`avg_us`,`percentile`) AS select `s2`.`avg_us` AS `avg_us`,ifnull((sum(`s1`.`cnt`) / nullif((select count(0) from `performance_schema`.`events_statements_summary_by_digest`),0)),0) AS `percentile` from (`x$ps_digest_avg_latency_distribution` `s1` join `x$ps_digest_avg_latency_distribution` `s2` on((`s1`.`avg_us` <= `s2`.`avg_us`))) group by `s2`.`avg_us` having (ifnull((sum(`s1`.`cnt`) / nullif((select count(0) from `performance_schema`.`events_statements_summary_by_digest`),0)),0) > 0.95) order by `percentile` limit 1 */;
/*!50001 SET character_set_client      = @saved_cs_client */;
/*!50001 SET character_set_results     = @saved_cs_results */;
/*!50001 SET collation_connection      = @saved_col_connection */;

--
-- Final view structure for view `x$ps_digest_avg_latency_distribution`
--

/*!50001 DROP VIEW IF EXISTS `x$ps_digest_avg_latency_distribution`*/;
/*!50001 SET @saved_cs_client          = @@character_set_client */;
/*!50001 SET @saved_cs_results         = @@character_set_results */;
/*!50001 SET @saved_col_connection     = @@collation_connection */;
/*!50001 SET character_set_client      = utf8mb4 */;
/*!50001 SET character_set_results     = utf8mb4 */;
/*!50001 SET collation_connection      = utf8mb4_0900_ai_ci */;
/*!50001 CREATE ALGORITHM=TEMPTABLE */
/*!50013 DEFINER=`mysql.sys`@`localhost` SQL SECURITY INVOKER */
/*!50001 VIEW `x$ps_digest_avg_latency_distribution` (`cnt`,`avg_us`) AS select count(0) AS `cnt`,round((`performance_schema`.`events_statements_summary_by_digest`.`AVG_TIMER_WAIT` / 1000000),0) AS `avg_us` from `performance_schema`.`events_statements_summary_by_digest` group by `avg_us` */;
/*!50001 SET character_set_client      = @saved_cs_client */;
/*!50001 SET character_set_results     = @saved_cs_results */;
/*!50001 SET collation_connection      = @saved_col_connection */;

--
-- Final view structure for view `x$ps_schema_table_statistics_io`
--

/*!50001 DROP VIEW IF EXISTS `x$ps_schema_table_statistics_io`*/;
/*!50001 SET @saved_cs_client          = @@character_set_client */;
/*!50001 SET @saved_cs_results         = @@character_set_results */;
/*!50001 SET @saved_col_connection     = @@collation_connection */;
/*!50001 SET character_set_client      = utf8mb4 */;
/*!50001 SET character_set_results     = utf8mb4 */;
/*!50001 SET collation_connection      = utf8mb4_0900_ai_ci */;
/*!50001 CREATE ALGORITHM=TEMPTABLE */
/*!50013 DEFINER=`mysql.sys`@`localhost` SQL SECURITY INVOKER */
/*!50001 VIEW `x$ps_schema_table_statistics_io` (`table_schema`,`table_name`,`count_read`,`sum_number_of_bytes_read`,`sum_timer_read`,`count_write`,`sum_number_of_bytes_write`,`sum_timer_write`,`count_misc`,`sum_timer_misc`) AS select `extract_schema_from_file_name`(`performance_schema`.`file_summary_by_instance`.`FILE_NAME`) AS `table_schema`,`extract_table_from_file_name`(`performance_schema`.`file_summary_by_instance`.`FILE_NAME`) AS `table_name`,sum(`performance_schema`.`file_summary_by_instance`.`COUNT_READ`) AS `count_read`,sum(`performance_schema`.`file_summary_by_instance`.`SUM_NUMBER_OF_BYTES_READ`) AS `sum_number_of_bytes_read`,sum(`performance_schema`.`file_summary_by_instance`.`SUM_TIMER_READ`) AS `sum_timer_read`,sum(`performance_schema`.`file_summary_by_instance`.`COUNT_WRITE`) AS `count_write`,sum(`performance_schema`.`file_summary_by_instance`.`SUM_NUMBER_OF_BYTES_WRITE`) AS `sum_number_of_bytes_write`,sum(`performance_schema`.`file_summary_by_instance`.`SUM_TIMER_WRITE`) AS `sum_timer_write`,sum(`performance_schema`.`file_summary_by_instance`.`COUNT_MISC`) AS `count_misc`,sum(`performance_schema`.`file_summary_by_instance`.`SUM_TIMER_MISC`) AS `sum_timer_misc` from `performance_schema`.`file_summary_by_instance` group by `table_schema`,`table_name` */;
/*!50001 SET character_set_client      = @saved_cs_client */;
/*!50001 SET character_set_results     = @saved_cs_results */;
/*!50001 SET collation_connection      = @saved_col_connection */;

--
-- Final view structure for view `x$schema_flattened_keys`
--

/*!50001 DROP VIEW IF EXISTS `x$schema_flattened_keys`*/;
/*!50001 SET @saved_cs_client          = @@character_set_client */;
/*!50001 SET @saved_cs_results         = @@character_set_results */;
/*!50001 SET @saved_col_connection     = @@collation_connection */;
/*!50001 SET character_set_client      = utf8mb4 */;
/*!50001 SET character_set_results     = utf8mb4 */;
/*!50001 SET collation_connection      = utf8mb4_0900_ai_ci */;
/*!50001 CREATE ALGORITHM=TEMPTABLE */
/*!50013 DEFINER=`mysql.sys`@`localhost` SQL SECURITY INVOKER */
/*!50001 VIEW `x$schema_flattened_keys` (`table_schema`,`table_name`,`index_name`,`non_unique`,`subpart_exists`,`index_columns`) AS select `statistics`.`TABLE_SCHEMA` AS `TABLE_SCHEMA`,`statistics`.`TABLE_NAME` AS `TABLE_NAME`,`statistics`.`INDEX_NAME` AS `INDEX_NAME`,max(`statistics`.`NON_UNIQUE`) AS `non_unique`,max(if((`statistics`.`SUB_PART` is null),0,1)) AS `subpart_exists`,group_concat(`statistics`.`COLUMN_NAME` order by `statistics`.`SEQ_IN_INDEX` ASC separator ',') AS `index_columns` from `information_schema`.`STATISTICS` where ((`statistics`.`INDEX_TYPE` = 'BTREE') and (`statistics`.`TABLE_SCHEMA` not in ('mysql','sys','INFORMATION_SCHEMA','PERFORMANCE_SCHEMA'))) group by `statistics`.`TABLE_SCHEMA`,`statistics`.`TABLE_NAME`,`statistics`.`INDEX_NAME` */;
/*!50001 SET character_set_client      = @saved_cs_client */;
/*!50001 SET character_set_results     = @saved_cs_results */;
/*!50001 SET collation_connection      = @saved_col_connection */;

--
-- Final view structure for view `x$schema_index_statistics`
--

/*!50001 DROP VIEW IF EXISTS `x$schema_index_statistics`*/;
/*!50001 SET @saved_cs_client          = @@character_set_client */;
/*!50001 SET @saved_cs_results         = @@character_set_results */;
/*!50001 SET @saved_col_connection     = @@collation_connection */;
/*!50001 SET character_set_client      = utf8mb4 */;
/*!50001 SET character_set_results     = utf8mb4 */;
/*!50001 SET collation_connection      = utf8mb4_0900_ai_ci */;
/*!50001 CREATE ALGORITHM=MERGE */
/*!50013 DEFINER=`mysql.sys`@`localhost` SQL SECURITY INVOKER */
/*!50001 VIEW `x$schema_index_statistics` (`table_schema`,`table_name`,`index_name`,`rows_selected`,`select_latency`,`rows_inserted`,`insert_latency`,`rows_updated`,`update_latency`,`rows_deleted`,`delete_latency`) AS select `performance_schema`.`table_io_waits_summary_by_index_usage`.`OBJECT_SCHEMA` AS `table_schema`,`performance_schema`.`table_io_waits_summary_by_index_usage`.`OBJECT_NAME` AS `table_name`,`performance_schema`.`table_io_waits_summary_by_index_usage`.`INDEX_NAME` AS `index_name`,`performance_schema`.`table_io_waits_summary_by_index_usage`.`COUNT_FETCH` AS `rows_selected`,`performance_schema`.`table_io_waits_summary_by_index_usage`.`SUM_TIMER_FETCH` AS `select_latency`,`performance_schema`.`table_io_waits_summary_by_index_usage`.`COUNT_INSERT` AS `rows_inserted`,`performance_schema`.`table_io_waits_summary_by_index_usage`.`SUM_TIMER_INSERT` AS `insert_latency`,`performance_schema`.`table_io_waits_summary_by_index_usage`.`COUNT_UPDATE` AS `rows_updated`,`performance_schema`.`table_io_waits_summary_by_index_usage`.`SUM_TIMER_UPDATE` AS `update_latency`,`performance_schema`.`table_io_waits_summary_by_index_usage`.`COUNT_DELETE` AS `rows_deleted`,`performance_schema`.`table_io_waits_summary_by_index_usage`.`SUM_TIMER_DELETE` AS `delete_latency` from `performance_schema`.`table_io_waits_summary_by_index_usage` where (`performance_schema`.`table_io_waits_summary_by_index_usage`.`INDEX_NAME` is not null) order by `performance_schema`.`table_io_waits_summary_by_index_usage`.`SUM_TIMER_WAIT` desc */;
/*!50001 SET character_set_client      = @saved_cs_client */;
/*!50001 SET character_set_results     = @saved_cs_results */;
/*!50001 SET collation_connection      = @saved_col_connection */;

--
-- Final view structure for view `x$schema_table_lock_waits`
--

/*!50001 DROP VIEW IF EXISTS `x$schema_table_lock_waits`*/;
/*!50001 SET @saved_cs_client          = @@character_set_client */;
/*!50001 SET @saved_cs_results         = @@character_set_results */;
/*!50001 SET @saved_col_connection     = @@collation_connection */;
/*!50001 SET character_set_client      = utf8mb4 */;
/*!50001 SET character_set_results     = utf8mb4 */;
/*!50001 SET collation_connection      = utf8mb4_0900_ai_ci */;
/*!50001 CREATE ALGORITHM=TEMPTABLE */
/*!50013 DEFINER=`mysql.sys`@`localhost` SQL SECURITY INVOKER */
/*!50001 VIEW `x$schema_table_lock_waits` (`object_schema`,`object_name`,`waiting_thread_id`,`waiting_pid`,`waiting_account`,`waiting_lock_type`,`waiting_lock_duration`,`waiting_query`,`waiting_query_secs`,`waiting_query_rows_affected`,`waiting_query_rows_examined`,`blocking_thread_id`,`blocking_pid`,`blocking_account`,`blocking_lock_type`,`blocking_lock_duration`,`sql_kill_blocking_query`,`sql_kill_blocking_connection`) AS select `g`.`OBJECT_SCHEMA` AS `object_schema`,`g`.`OBJECT_NAME` AS `object_name`,`pt`.`THREAD_ID` AS `waiting_thread_id`,`pt`.`PROCESSLIST_ID` AS `waiting_pid`,`sys`.`ps_thread_account`(`p`.`OWNER_THREAD_ID`) AS `waiting_account`,`p`.`LOCK_TYPE` AS `waiting_lock_type`,`p`.`LOCK_DURATION` AS `waiting_lock_duration`,`pt`.`PROCESSLIST_INFO` AS `waiting_query`,`pt`.`PROCESSLIST_TIME` AS `waiting_query_secs`,`ps`.`ROWS_AFFECTED` AS `waiting_query_rows_affected`,`ps`.`ROWS_EXAMINED` AS `waiting_query_rows_examined`,`gt`.`THREAD_ID` AS `blocking_thread_id`,`gt`.`PROCESSLIST_ID` AS `blocking_pid`,`sys`.`ps_thread_account`(`g`.`OWNER_THREAD_ID`) AS `blocking_account`,`g`.`LOCK_TYPE` AS `blocking_lock_type`,`g`.`LOCK_DURATION` AS `blocking_lock_duration`,concat('KILL QUERY ',`gt`.`PROCESSLIST_ID`) AS `sql_kill_blocking_query`,concat('KILL ',`gt`.`PROCESSLIST_ID`) AS `sql_kill_blocking_connection` from (((((`performance_schema`.`metadata_locks` `g` join `performance_schema`.`metadata_locks` `p` on(((`g`.`OBJECT_TYPE` = `p`.`OBJECT_TYPE`) and (`g`.`OBJECT_SCHEMA` = `p`.`OBJECT_SCHEMA`) and (`g`.`OBJECT_NAME` = `p`.`OBJECT_NAME`) and (`g`.`LOCK_STATUS` = 'GRANTED') and (`p`.`LOCK_STATUS` = 'PENDING')))) join `performance_schema`.`threads` `gt` on((`g`.`OWNER_THREAD_ID` = `gt`.`THREAD_ID`))) join `performance_schema`.`threads` `pt` on((`p`.`OWNER_THREAD_ID` = `pt`.`THREAD_ID`))) left join `performance_schema`.`events_statements_current` `gs` on((`g`.`OWNER_THREAD_ID` = `gs`.`THREAD_ID`))) left join `performance_schema`.`events_statements_current` `ps` on((`p`.`OWNER_THREAD_ID` = `ps`.`THREAD_ID`))) where (`g`.`OBJECT_TYPE` = 'TABLE') */;
/*!50001 SET character_set_client      = @saved_cs_client */;
/*!50001 SET character_set_results     = @saved_cs_results */;
/*!50001 SET collation_connection      = @saved_col_connection */;

--
-- Final view structure for view `x$schema_table_statistics`
--

/*!50001 DROP VIEW IF EXISTS `x$schema_table_statistics`*/;
/*!50001 SET @saved_cs_client          = @@character_set_client */;
/*!50001 SET @saved_cs_results         = @@character_set_results */;
/*!50001 SET @saved_col_connection     = @@collation_connection */;
/*!50001 SET character_set_client      = utf8mb4 */;
/*!50001 SET character_set_results     = utf8mb4 */;
/*!50001 SET collation_connection      = utf8mb4_0900_ai_ci */;
/*!50001 CREATE ALGORITHM=TEMPTABLE */
/*!50013 DEFINER=`mysql.sys`@`localhost` SQL SECURITY INVOKER */
/*!50001 VIEW `x$schema_table_statistics` (`table_schema`,`table_name`,`total_latency`,`rows_fetched`,`fetch_latency`,`rows_inserted`,`insert_latency`,`rows_updated`,`update_latency`,`rows_deleted`,`delete_latency`,`io_read_requests`,`io_read`,`io_read_latency`,`io_write_requests`,`io_write`,`io_write_latency`,`io_misc_requests`,`io_misc_latency`) AS select `pst`.`OBJECT_SCHEMA` AS `table_schema`,`pst`.`OBJECT_NAME` AS `table_name`,`pst`.`SUM_TIMER_WAIT` AS `total_latency`,`pst`.`COUNT_FETCH` AS `rows_fetched`,`pst`.`SUM_TIMER_FETCH` AS `fetch_latency`,`pst`.`COUNT_INSERT` AS `rows_inserted`,`pst`.`SUM_TIMER_INSERT` AS `insert_latency`,`pst`.`COUNT_UPDATE` AS `rows_updated`,`pst`.`SUM_TIMER_UPDATE` AS `update_latency`,`pst`.`COUNT_DELETE` AS `rows_deleted`,`pst`.`SUM_TIMER_DELETE` AS `delete_latency`,`fsbi`.`count_read` AS `io_read_requests`,`fsbi`.`sum_number_of_bytes_read` AS `io_read`,`fsbi`.`sum_timer_read` AS `io_read_latency`,`fsbi`.`count_write` AS `io_write_requests`,`fsbi`.`sum_number_of_bytes_write` AS `io_write`,`fsbi`.`sum_timer_write` AS `io_write_latency`,`fsbi`.`count_misc` AS `io_misc_requests`,`fsbi`.`sum_timer_misc` AS `io_misc_latency` from (`performance_schema`.`table_io_waits_summary_by_table` `pst` left join `x$ps_schema_table_statistics_io` `fsbi` on(((`pst`.`OBJECT_SCHEMA` = `fsbi`.`table_schema`) and (`pst`.`OBJECT_NAME` = `fsbi`.`table_name`)))) order by `pst`.`SUM_TIMER_WAIT` desc */;
/*!50001 SET character_set_client      = @saved_cs_client */;
/*!50001 SET character_set_results     = @saved_cs_results */;
/*!50001 SET collation_connection      = @saved_col_connection */;

--
-- Final view structure for view `x$schema_table_statistics_with_buffer`
--

/*!50001 DROP VIEW IF EXISTS `x$schema_table_statistics_with_buffer`*/;
/*!50001 SET @saved_cs_client          = @@character_set_client */;
/*!50001 SET @saved_cs_results         = @@character_set_results */;
/*!50001 SET @saved_col_connection     = @@collation_connection */;
/*!50001 SET character_set_client      = utf8mb4 */;
/*!50001 SET character_set_results     = utf8mb4 */;
/*!50001 SET collation_connection      = utf8mb4_0900_ai_ci */;
/*!50001 CREATE ALGORITHM=TEMPTABLE */
/*!50013 DEFINER=`mysql.sys`@`localhost` SQL SECURITY INVOKER */
/*!50001 VIEW `x$schema_table_statistics_with_buffer` (`table_schema`,`table_name`,`rows_fetched`,`fetch_latency`,`rows_inserted`,`insert_latency`,`rows_updated`,`update_latency`,`rows_deleted`,`delete_latency`,`io_read_requests`,`io_read`,`io_read_latency`,`io_write_requests`,`io_write`,`io_write_latency`,`io_misc_requests`,`io_misc_latency`,`innodb_buffer_allocated`,`innodb_buffer_data`,`innodb_buffer_free`,`innodb_buffer_pages`,`innodb_buffer_pages_hashed`,`innodb_buffer_pages_old`,`innodb_buffer_rows_cached`) AS select `pst`.`OBJECT_SCHEMA` AS `table_schema`,`pst`.`OBJECT_NAME` AS `table_name`,`pst`.`COUNT_FETCH` AS `rows_fetched`,`pst`.`SUM_TIMER_FETCH` AS `fetch_latency`,`pst`.`COUNT_INSERT` AS `rows_inserted`,`pst`.`SUM_TIMER_INSERT` AS `insert_latency`,`pst`.`COUNT_UPDATE` AS `rows_updated`,`pst`.`SUM_TIMER_UPDATE` AS `update_latency`,`pst`.`COUNT_DELETE` AS `rows_deleted`,`pst`.`SUM_TIMER_DELETE` AS `delete_latency`,`fsbi`.`count_read` AS `io_read_requests`,`fsbi`.`sum_number_of_bytes_read` AS `io_read`,`fsbi`.`sum_timer_read` AS `io_read_latency`,`fsbi`.`count_write` AS `io_write_requests`,`fsbi`.`sum_number_of_bytes_write` AS `io_write`,`fsbi`.`sum_timer_write` AS `io_write_latency`,`fsbi`.`count_misc` AS `io_misc_requests`,`fsbi`.`sum_timer_misc` AS `io_misc_latency`,`ibp`.`allocated` AS `innodb_buffer_allocated`,`ibp`.`data` AS `innodb_buffer_data`,(`ibp`.`allocated` - `ibp`.`data`) AS `innodb_buffer_free`,`ibp`.`pages` AS `innodb_buffer_pages`,`ibp`.`pages_hashed` AS `innodb_buffer_pages_hashed`,`ibp`.`pages_old` AS `innodb_buffer_pages_old`,`ibp`.`rows_cached` AS `innodb_buffer_rows_cached` from ((`performance_schema`.`table_io_waits_summary_by_table` `pst` left join `x$ps_schema_table_statistics_io` `fsbi` on(((`pst`.`OBJECT_SCHEMA` = `fsbi`.`table_schema`) and (`pst`.`OBJECT_NAME` = `fsbi`.`table_name`)))) left join `x$innodb_buffer_stats_by_table` `ibp` on(((`pst`.`OBJECT_SCHEMA` = convert(`ibp`.`object_schema` using utf8mb4)) and (`pst`.`OBJECT_NAME` = convert(`ibp`.`object_name` using utf8mb4))))) order by `pst`.`SUM_TIMER_WAIT` desc */;
/*!50001 SET character_set_client      = @saved_cs_client */;
/*!50001 SET character_set_results     = @saved_cs_results */;
/*!50001 SET collation_connection      = @saved_col_connection */;

--
-- Final view structure for view `x$schema_tables_with_full_table_scans`
--

/*!50001 DROP VIEW IF EXISTS `x$schema_tables_with_full_table_scans`*/;
/*!50001 SET @saved_cs_client          = @@character_set_client */;
/*!50001 SET @saved_cs_results         = @@character_set_results */;
/*!50001 SET @saved_col_connection     = @@collation_connection */;
/*!50001 SET character_set_client      = utf8mb4 */;
/*!50001 SET character_set_results     = utf8mb4 */;
/*!50001 SET collation_connection      = utf8mb4_0900_ai_ci */;
/*!50001 CREATE ALGORITHM=MERGE */
/*!50013 DEFINER=`mysql.sys`@`localhost` SQL SECURITY INVOKER */
/*!50001 VIEW `x$schema_tables_with_full_table_scans` (`object_schema`,`object_name`,`rows_full_scanned`,`latency`) AS select `performance_schema`.`table_io_waits_summary_by_index_usage`.`OBJECT_SCHEMA` AS `object_schema`,`performance_schema`.`table_io_waits_summary_by_index_usage`.`OBJECT_NAME` AS `object_name`,`performance_schema`.`table_io_waits_summary_by_index_usage`.`COUNT_READ` AS `rows_full_scanned`,`performance_schema`.`table_io_waits_summary_by_index_usage`.`SUM_TIMER_WAIT` AS `latency` from `performance_schema`.`table_io_waits_summary_by_index_usage` where ((`performance_schema`.`table_io_waits_summary_by_index_usage`.`INDEX_NAME` is null) and (`performance_schema`.`table_io_waits_summary_by_index_usage`.`COUNT_READ` > 0)) order by `performance_schema`.`table_io_waits_summary_by_index_usage`.`COUNT_READ` desc */;
/*!50001 SET character_set_client      = @saved_cs_client */;
/*!50001 SET character_set_results     = @saved_cs_results */;
/*!50001 SET collation_connection      = @saved_col_connection */;

--
-- Final view structure for view `x$session`
--

/*!50001 DROP VIEW IF EXISTS `x$session`*/;
/*!50001 SET @saved_cs_client          = @@character_set_client */;
/*!50001 SET @saved_cs_results         = @@character_set_results */;
/*!50001 SET @saved_col_connection     = @@collation_connection */;
/*!50001 SET character_set_client      = utf8mb4 */;
/*!50001 SET character_set_results     = utf8mb4 */;
/*!50001 SET collation_connection      = utf8mb4_0900_ai_ci */;
/*!50001 CREATE ALGORITHM=UNDEFINED */
/*!50013 DEFINER=`mysql.sys`@`localhost` SQL SECURITY INVOKER */
/*!50001 VIEW `x$session` AS select `x$processlist`.`thd_id` AS `thd_id`,`x$processlist`.`conn_id` AS `conn_id`,`x$processlist`.`user` AS `user`,`x$processlist`.`db` AS `db`,`x$processlist`.`command` AS `command`,`x$processlist`.`state` AS `state`,`x$processlist`.`time` AS `time`,`x$processlist`.`current_statement` AS `current_statement`,`x$processlist`.`statement_latency` AS `statement_latency`,`x$processlist`.`progress` AS `progress`,`x$processlist`.`lock_latency` AS `lock_latency`,`x$processlist`.`rows_examined` AS `rows_examined`,`x$processlist`.`rows_sent` AS `rows_sent`,`x$processlist`.`rows_affected` AS `rows_affected`,`x$processlist`.`tmp_tables` AS `tmp_tables`,`x$processlist`.`tmp_disk_tables` AS `tmp_disk_tables`,`x$processlist`.`full_scan` AS `full_scan`,`x$processlist`.`last_statement` AS `last_statement`,`x$processlist`.`last_statement_latency` AS `last_statement_latency`,`x$processlist`.`current_memory` AS `current_memory`,`x$processlist`.`last_wait` AS `last_wait`,`x$processlist`.`last_wait_latency` AS `last_wait_latency`,`x$processlist`.`source` AS `source`,`x$processlist`.`trx_latency` AS `trx_latency`,`x$processlist`.`trx_state` AS `trx_state`,`x$processlist`.`trx_autocommit` AS `trx_autocommit`,`x$processlist`.`pid` AS `pid`,`x$processlist`.`program_name` AS `program_name` from `x$processlist` where ((`x$processlist`.`conn_id` is not null) and (`x$processlist`.`command` <> 'Daemon')) */;
/*!50001 SET character_set_client      = @saved_cs_client */;
/*!50001 SET character_set_results     = @saved_cs_results */;
/*!50001 SET collation_connection      = @saved_col_connection */;

--
-- Final view structure for view `x$statement_analysis`
--

/*!50001 DROP VIEW IF EXISTS `x$statement_analysis`*/;
/*!50001 SET @saved_cs_client          = @@character_set_client */;
/*!50001 SET @saved_cs_results         = @@character_set_results */;
/*!50001 SET @saved_col_connection     = @@collation_connection */;
/*!50001 SET character_set_client      = utf8mb4 */;
/*!50001 SET character_set_results     = utf8mb4 */;
/*!50001 SET collation_connection      = utf8mb4_0900_ai_ci */;
/*!50001 CREATE ALGORITHM=MERGE */
/*!50013 DEFINER=`mysql.sys`@`localhost` SQL SECURITY INVOKER */
/*!50001 VIEW `x$statement_analysis` (`query`,`db`,`full_scan`,`exec_count`,`err_count`,`warn_count`,`total_latency`,`max_latency`,`avg_latency`,`lock_latency`,`rows_sent`,`rows_sent_avg`,`rows_examined`,`rows_examined_avg`,`rows_affected`,`rows_affected_avg`,`tmp_tables`,`tmp_disk_tables`,`rows_sorted`,`sort_merge_passes`,`digest`,`first_seen`,`last_seen`) AS select `performance_schema`.`events_statements_summary_by_digest`.`DIGEST_TEXT` AS `query`,`performance_schema`.`events_statements_summary_by_digest`.`SCHEMA_NAME` AS `db`,if(((`performance_schema`.`events_statements_summary_by_digest`.`SUM_NO_GOOD_INDEX_USED` > 0) or (`performance_schema`.`events_statements_summary_by_digest`.`SUM_NO_INDEX_USED` > 0)),'*','') AS `full_scan`,`performance_schema`.`events_statements_summary_by_digest`.`COUNT_STAR` AS `exec_count`,`performance_schema`.`events_statements_summary_by_digest`.`SUM_ERRORS` AS `err_count`,`performance_schema`.`events_statements_summary_by_digest`.`SUM_WARNINGS` AS `warn_count`,`performance_schema`.`events_statements_summary_by_digest`.`SUM_TIMER_WAIT` AS `total_latency`,`performance_schema`.`events_statements_summary_by_digest`.`MAX_TIMER_WAIT` AS `max_latency`,`performance_schema`.`events_statements_summary_by_digest`.`AVG_TIMER_WAIT` AS `avg_latency`,`performance_schema`.`events_statements_summary_by_digest`.`SUM_LOCK_TIME` AS `lock_latency`,`performance_schema`.`events_statements_summary_by_digest`.`SUM_ROWS_SENT` AS `rows_sent`,round(ifnull((`performance_schema`.`events_statements_summary_by_digest`.`SUM_ROWS_SENT` / nullif(`performance_schema`.`events_statements_summary_by_digest`.`COUNT_STAR`,0)),0),0) AS `rows_sent_avg`,`performance_schema`.`events_statements_summary_by_digest`.`SUM_ROWS_EXAMINED` AS `rows_examined`,round(ifnull((`performance_schema`.`events_statements_summary_by_digest`.`SUM_ROWS_EXAMINED` / nullif(`performance_schema`.`events_statements_summary_by_digest`.`COUNT_STAR`,0)),0),0) AS `rows_examined_avg`,`performance_schema`.`events_statements_summary_by_digest`.`SUM_ROWS_AFFECTED` AS `rows_affected`,round(ifnull((`performance_schema`.`events_statements_summary_by_digest`.`SUM_ROWS_AFFECTED` / nullif(`performance_schema`.`events_statements_summary_by_digest`.`COUNT_STAR`,0)),0),0) AS `rows_affected_avg`,`performance_schema`.`events_statements_summary_by_digest`.`SUM_CREATED_TMP_TABLES` AS `tmp_tables`,`performance_schema`.`events_statements_summary_by_digest`.`SUM_CREATED_TMP_DISK_TABLES` AS `tmp_disk_tables`,`performance_schema`.`events_statements_summary_by_digest`.`SUM_SORT_ROWS` AS `rows_sorted`,`performance_schema`.`events_statements_summary_by_digest`.`SUM_SORT_MERGE_PASSES` AS `sort_merge_passes`,`performance_schema`.`events_statements_summary_by_digest`.`DIGEST` AS `digest`,`performance_schema`.`events_statements_summary_by_digest`.`FIRST_SEEN` AS `first_seen`,`performance_schema`.`events_statements_summary_by_digest`.`LAST_SEEN` AS `last_seen` from `performance_schema`.`events_statements_summary_by_digest` order by `performance_schema`.`events_statements_summary_by_digest`.`SUM_TIMER_WAIT` desc */;
/*!50001 SET character_set_client      = @saved_cs_client */;
/*!50001 SET character_set_results     = @saved_cs_results */;
/*!50001 SET collation_connection      = @saved_col_connection */;

--
-- Final view structure for view `x$statements_with_errors_or_warnings`
--

/*!50001 DROP VIEW IF EXISTS `x$statements_with_errors_or_warnings`*/;
/*!50001 SET @saved_cs_client          = @@character_set_client */;
/*!50001 SET @saved_cs_results         = @@character_set_results */;
/*!50001 SET @saved_col_connection     = @@collation_connection */;
/*!50001 SET character_set_client      = utf8mb4 */;
/*!50001 SET character_set_results     = utf8mb4 */;
/*!50001 SET collation_connection      = utf8mb4_0900_ai_ci */;
/*!50001 CREATE ALGORITHM=MERGE */
/*!50013 DEFINER=`mysql.sys`@`localhost` SQL SECURITY INVOKER */
/*!50001 VIEW `x$statements_with_errors_or_warnings` (`query`,`db`,`exec_count`,`errors`,`error_pct`,`warnings`,`warning_pct`,`first_seen`,`last_seen`,`digest`) AS select `performance_schema`.`events_statements_summary_by_digest`.`DIGEST_TEXT` AS `query`,`performance_schema`.`events_statements_summary_by_digest`.`SCHEMA_NAME` AS `db`,`performance_schema`.`events_statements_summary_by_digest`.`COUNT_STAR` AS `exec_count`,`performance_schema`.`events_statements_summary_by_digest`.`SUM_ERRORS` AS `errors`,(ifnull((`performance_schema`.`events_statements_summary_by_digest`.`SUM_ERRORS` / nullif(`performance_schema`.`events_statements_summary_by_digest`.`COUNT_STAR`,0)),0) * 100) AS `error_pct`,`performance_schema`.`events_statements_summary_by_digest`.`SUM_WARNINGS` AS `warnings`,(ifnull((`performance_schema`.`events_statements_summary_by_digest`.`SUM_WARNINGS` / nullif(`performance_schema`.`events_statements_summary_by_digest`.`COUNT_STAR`,0)),0) * 100) AS `warning_pct`,`performance_schema`.`events_statements_summary_by_digest`.`FIRST_SEEN` AS `first_seen`,`performance_schema`.`events_statements_summary_by_digest`.`LAST_SEEN` AS `last_seen`,`performance_schema`.`events_statements_summary_by_digest`.`DIGEST` AS `digest` from `performance_schema`.`events_statements_summary_by_digest` where ((`performance_schema`.`events_statements_summary_by_digest`.`SUM_ERRORS` > 0) or (`performance_schema`.`events_statements_summary_by_digest`.`SUM_WARNINGS` > 0)) order by `performance_schema`.`events_statements_summary_by_digest`.`SUM_ERRORS` desc,`performance_schema`.`events_statements_summary_by_digest`.`SUM_WARNINGS` desc */;
/*!50001 SET character_set_client      = @saved_cs_client */;
/*!50001 SET character_set_results     = @saved_cs_results */;
/*!50001 SET collation_connection      = @saved_col_connection */;

--
-- Final view structure for view `x$statements_with_full_table_scans`
--

/*!50001 DROP VIEW IF EXISTS `x$statements_with_full_table_scans`*/;
/*!50001 SET @saved_cs_client          = @@character_set_client */;
/*!50001 SET @saved_cs_results         = @@character_set_results */;
/*!50001 SET @saved_col_connection     = @@collation_connection */;
/*!50001 SET character_set_client      = utf8mb4 */;
/*!50001 SET character_set_results     = utf8mb4 */;
/*!50001 SET collation_connection      = utf8mb4_0900_ai_ci */;
/*!50001 CREATE ALGORITHM=MERGE */
/*!50013 DEFINER=`mysql.sys`@`localhost` SQL SECURITY INVOKER */
/*!50001 VIEW `x$statements_with_full_table_scans` (`query`,`db`,`exec_count`,`total_latency`,`no_index_used_count`,`no_good_index_used_count`,`no_index_used_pct`,`rows_sent`,`rows_examined`,`rows_sent_avg`,`rows_examined_avg`,`first_seen`,`last_seen`,`digest`) AS select `performance_schema`.`events_statements_summary_by_digest`.`DIGEST_TEXT` AS `query`,`performance_schema`.`events_statements_summary_by_digest`.`SCHEMA_NAME` AS `db`,`performance_schema`.`events_statements_summary_by_digest`.`COUNT_STAR` AS `exec_count`,`performance_schema`.`events_statements_summary_by_digest`.`SUM_TIMER_WAIT` AS `total_latency`,`performance_schema`.`events_statements_summary_by_digest`.`SUM_NO_INDEX_USED` AS `no_index_used_count`,`performance_schema`.`events_statements_summary_by_digest`.`SUM_NO_GOOD_INDEX_USED` AS `no_good_index_used_count`,round((ifnull((`performance_schema`.`events_statements_summary_by_digest`.`SUM_NO_INDEX_USED` / nullif(`performance_schema`.`events_statements_summary_by_digest`.`COUNT_STAR`,0)),0) * 100),0) AS `no_index_used_pct`,`performance_schema`.`events_statements_summary_by_digest`.`SUM_ROWS_SENT` AS `rows_sent`,`performance_schema`.`events_statements_summary_by_digest`.`SUM_ROWS_EXAMINED` AS `rows_examined`,round((`performance_schema`.`events_statements_summary_by_digest`.`SUM_ROWS_SENT` / `performance_schema`.`events_statements_summary_by_digest`.`COUNT_STAR`),0) AS `rows_sent_avg`,round((`performance_schema`.`events_statements_summary_by_digest`.`SUM_ROWS_EXAMINED` / `performance_schema`.`events_statements_summary_by_digest`.`COUNT_STAR`),0) AS `rows_examined_avg`,`performance_schema`.`events_statements_summary_by_digest`.`FIRST_SEEN` AS `first_seen`,`performance_schema`.`events_statements_summary_by_digest`.`LAST_SEEN` AS `last_seen`,`performance_schema`.`events_statements_summary_by_digest`.`DIGEST` AS `digest` from `performance_schema`.`events_statements_summary_by_digest` where (((`performance_schema`.`events_statements_summary_by_digest`.`SUM_NO_INDEX_USED` > 0) or (`performance_schema`.`events_statements_summary_by_digest`.`SUM_NO_GOOD_INDEX_USED` > 0)) and (not((`performance_schema`.`events_statements_summary_by_digest`.`DIGEST_TEXT` like 'SHOW%')))) order by round((ifnull((`performance_schema`.`events_statements_summary_by_digest`.`SUM_NO_INDEX_USED` / nullif(`performance_schema`.`events_statements_summary_by_digest`.`COUNT_STAR`,0)),0) * 100),0) desc,`performance_schema`.`events_statements_summary_by_digest`.`SUM_TIMER_WAIT` desc */;
/*!50001 SET character_set_client      = @saved_cs_client */;
/*!50001 SET character_set_results     = @saved_cs_results */;
/*!50001 SET collation_connection      = @saved_col_connection */;

--
-- Final view structure for view `x$statements_with_runtimes_in_95th_percentile`
--

/*!50001 DROP VIEW IF EXISTS `x$statements_with_runtimes_in_95th_percentile`*/;
/*!50001 SET @saved_cs_client          = @@character_set_client */;
/*!50001 SET @saved_cs_results         = @@character_set_results */;
/*!50001 SET @saved_col_connection     = @@collation_connection */;
/*!50001 SET character_set_client      = utf8mb4 */;
/*!50001 SET character_set_results     = utf8mb4 */;
/*!50001 SET collation_connection      = utf8mb4_0900_ai_ci */;
/*!50001 CREATE ALGORITHM=MERGE */
/*!50013 DEFINER=`mysql.sys`@`localhost` SQL SECURITY INVOKER */
/*!50001 VIEW `x$statements_with_runtimes_in_95th_percentile` (`query`,`db`,`full_scan`,`exec_count`,`err_count`,`warn_count`,`total_latency`,`max_latency`,`avg_latency`,`rows_sent`,`rows_sent_avg`,`rows_examined`,`rows_examined_avg`,`first_seen`,`last_seen`,`digest`) AS select `stmts`.`DIGEST_TEXT` AS `query`,`stmts`.`SCHEMA_NAME` AS `db`,if(((`stmts`.`SUM_NO_GOOD_INDEX_USED` > 0) or (`stmts`.`SUM_NO_INDEX_USED` > 0)),'*','') AS `full_scan`,`stmts`.`COUNT_STAR` AS `exec_count`,`stmts`.`SUM_ERRORS` AS `err_count`,`stmts`.`SUM_WARNINGS` AS `warn_count`,`stmts`.`SUM_TIMER_WAIT` AS `total_latency`,`stmts`.`MAX_TIMER_WAIT` AS `max_latency`,`stmts`.`AVG_TIMER_WAIT` AS `avg_latency`,`stmts`.`SUM_ROWS_SENT` AS `rows_sent`,round(ifnull((`stmts`.`SUM_ROWS_SENT` / nullif(`stmts`.`COUNT_STAR`,0)),0),0) AS `rows_sent_avg`,`stmts`.`SUM_ROWS_EXAMINED` AS `rows_examined`,round(ifnull((`stmts`.`SUM_ROWS_EXAMINED` / nullif(`stmts`.`COUNT_STAR`,0)),0),0) AS `rows_examined_avg`,`stmts`.`FIRST_SEEN` AS `first_seen`,`stmts`.`LAST_SEEN` AS `last_seen`,`stmts`.`DIGEST` AS `digest` from (`performance_schema`.`events_statements_summary_by_digest` `stmts` join `x$ps_digest_95th_percentile_by_avg_us` `top_percentile` on((round((`stmts`.`AVG_TIMER_WAIT` / 1000000),0) >= `top_percentile`.`avg_us`))) order by `stmts`.`AVG_TIMER_WAIT` desc */;
/*!50001 SET character_set_client      = @saved_cs_client */;
/*!50001 SET character_set_results     = @saved_cs_results */;
/*!50001 SET collation_connection      = @saved_col_connection */;

--
-- Final view structure for view `x$statements_with_sorting`
--

/*!50001 DROP VIEW IF EXISTS `x$statements_with_sorting`*/;
/*!50001 SET @saved_cs_client          = @@character_set_client */;
/*!50001 SET @saved_cs_results         = @@character_set_results */;
/*!50001 SET @saved_col_connection     = @@collation_connection */;
/*!50001 SET character_set_client      = utf8mb4 */;
/*!50001 SET character_set_results     = utf8mb4 */;
/*!50001 SET collation_connection      = utf8mb4_0900_ai_ci */;
/*!50001 CREATE ALGORITHM=MERGE */
/*!50013 DEFINER=`mysql.sys`@`localhost` SQL SECURITY INVOKER */
/*!50001 VIEW `x$statements_with_sorting` (`query`,`db`,`exec_count`,`total_latency`,`sort_merge_passes`,`avg_sort_merges`,`sorts_using_scans`,`sort_using_range`,`rows_sorted`,`avg_rows_sorted`,`first_seen`,`last_seen`,`digest`) AS select `performance_schema`.`events_statements_summary_by_digest`.`DIGEST_TEXT` AS `query`,`performance_schema`.`events_statements_summary_by_digest`.`SCHEMA_NAME` AS `db`,`performance_schema`.`events_statements_summary_by_digest`.`COUNT_STAR` AS `exec_count`,`performance_schema`.`events_statements_summary_by_digest`.`SUM_TIMER_WAIT` AS `total_latency`,`performance_schema`.`events_statements_summary_by_digest`.`SUM_SORT_MERGE_PASSES` AS `sort_merge_passes`,round(ifnull((`performance_schema`.`events_statements_summary_by_digest`.`SUM_SORT_MERGE_PASSES` / nullif(`performance_schema`.`events_statements_summary_by_digest`.`COUNT_STAR`,0)),0),0) AS `avg_sort_merges`,`performance_schema`.`events_statements_summary_by_digest`.`SUM_SORT_SCAN` AS `sorts_using_scans`,`performance_schema`.`events_statements_summary_by_digest`.`SUM_SORT_RANGE` AS `sort_using_range`,`performance_schema`.`events_statements_summary_by_digest`.`SUM_SORT_ROWS` AS `rows_sorted`,round(ifnull((`performance_schema`.`events_statements_summary_by_digest`.`SUM_SORT_ROWS` / nullif(`performance_schema`.`events_statements_summary_by_digest`.`COUNT_STAR`,0)),0),0) AS `avg_rows_sorted`,`performance_schema`.`events_statements_summary_by_digest`.`FIRST_SEEN` AS `first_seen`,`performance_schema`.`events_statements_summary_by_digest`.`LAST_SEEN` AS `last_seen`,`performance_schema`.`events_statements_summary_by_digest`.`DIGEST` AS `digest` from `performance_schema`.`events_statements_summary_by_digest` where (`performance_schema`.`events_statements_summary_by_digest`.`SUM_SORT_ROWS` > 0) order by `performance_schema`.`events_statements_summary_by_digest`.`SUM_TIMER_WAIT` desc */;
/*!50001 SET character_set_client      = @saved_cs_client */;
/*!50001 SET character_set_results     = @saved_cs_results */;
/*!50001 SET collation_connection      = @saved_col_connection */;

--
-- Final view structure for view `x$statements_with_temp_tables`
--

/*!50001 DROP VIEW IF EXISTS `x$statements_with_temp_tables`*/;
/*!50001 SET @saved_cs_client          = @@character_set_client */;
/*!50001 SET @saved_cs_results         = @@character_set_results */;
/*!50001 SET @saved_col_connection     = @@collation_connection */;
/*!50001 SET character_set_client      = utf8mb4 */;
/*!50001 SET character_set_results     = utf8mb4 */;
/*!50001 SET collation_connection      = utf8mb4_0900_ai_ci */;
/*!50001 CREATE ALGORITHM=MERGE */
/*!50013 DEFINER=`mysql.sys`@`localhost` SQL SECURITY INVOKER */
/*!50001 VIEW `x$statements_with_temp_tables` (`query`,`db`,`exec_count`,`total_latency`,`memory_tmp_tables`,`disk_tmp_tables`,`avg_tmp_tables_per_query`,`tmp_tables_to_disk_pct`,`first_seen`,`last_seen`,`digest`) AS select `performance_schema`.`events_statements_summary_by_digest`.`DIGEST_TEXT` AS `query`,`performance_schema`.`events_statements_summary_by_digest`.`SCHEMA_NAME` AS `db`,`performance_schema`.`events_statements_summary_by_digest`.`COUNT_STAR` AS `exec_count`,`performance_schema`.`events_statements_summary_by_digest`.`SUM_TIMER_WAIT` AS `total_latency`,`performance_schema`.`events_statements_summary_by_digest`.`SUM_CREATED_TMP_TABLES` AS `memory_tmp_tables`,`performance_schema`.`events_statements_summary_by_digest`.`SUM_CREATED_TMP_DISK_TABLES` AS `disk_tmp_tables`,round(ifnull((`performance_schema`.`events_statements_summary_by_digest`.`SUM_CREATED_TMP_TABLES` / nullif(`performance_schema`.`events_statements_summary_by_digest`.`COUNT_STAR`,0)),0),0) AS `avg_tmp_tables_per_query`,round((ifnull((`performance_schema`.`events_statements_summary_by_digest`.`SUM_CREATED_TMP_DISK_TABLES` / nullif(`performance_schema`.`events_statements_summary_by_digest`.`SUM_CREATED_TMP_TABLES`,0)),0) * 100),0) AS `tmp_tables_to_disk_pct`,`performance_schema`.`events_statements_summary_by_digest`.`FIRST_SEEN` AS `first_seen`,`performance_schema`.`events_statements_summary_by_digest`.`LAST_SEEN` AS `last_seen`,`performance_schema`.`events_statements_summary_by_digest`.`DIGEST` AS `digest` from `performance_schema`.`events_statements_summary_by_digest` where (`performance_schema`.`events_statements_summary_by_digest`.`SUM_CREATED_TMP_TABLES` > 0) order by `performance_schema`.`events_statements_summary_by_digest`.`SUM_CREATED_TMP_DISK_TABLES` desc,`performance_schema`.`events_statements_summary_by_digest`.`SUM_CREATED_TMP_TABLES` desc */;
/*!50001 SET character_set_client      = @saved_cs_client */;
/*!50001 SET character_set_results     = @saved_cs_results */;
/*!50001 SET collation_connection      = @saved_col_connection */;

--
-- Final view structure for view `x$user_summary`
--

/*!50001 DROP VIEW IF EXISTS `x$user_summary`*/;
/*!50001 SET @saved_cs_client          = @@character_set_client */;
/*!50001 SET @saved_cs_results         = @@character_set_results */;
/*!50001 SET @saved_col_connection     = @@collation_connection */;
/*!50001 SET character_set_client      = utf8mb4 */;
/*!50001 SET character_set_results     = utf8mb4 */;
/*!50001 SET collation_connection      = utf8mb4_0900_ai_ci */;
/*!50001 CREATE ALGORITHM=TEMPTABLE */
/*!50013 DEFINER=`mysql.sys`@`localhost` SQL SECURITY INVOKER */
/*!50001 VIEW `x$user_summary` (`user`,`statements`,`statement_latency`,`statement_avg_latency`,`table_scans`,`file_ios`,`file_io_latency`,`current_connections`,`total_connections`,`unique_hosts`,`current_memory`,`total_memory_allocated`) AS select if((`performance_schema`.`accounts`.`USER` is null),'background',`performance_schema`.`accounts`.`USER`) AS `user`,sum(`stmt`.`total`) AS `statements`,sum(`stmt`.`total_latency`) AS `statement_latency`,ifnull((sum(`stmt`.`total_latency`) / nullif(sum(`stmt`.`total`),0)),0) AS `statement_avg_latency`,sum(`stmt`.`full_scans`) AS `table_scans`,sum(`io`.`ios`) AS `file_ios`,sum(`io`.`io_latency`) AS `file_io_latency`,sum(`performance_schema`.`accounts`.`CURRENT_CONNECTIONS`) AS `current_connections`,sum(`performance_schema`.`accounts`.`TOTAL_CONNECTIONS`) AS `total_connections`,count(distinct `performance_schema`.`accounts`.`HOST`) AS `unique_hosts`,sum(`mem`.`current_allocated`) AS `current_memory`,sum(`mem`.`total_allocated`) AS `total_memory_allocated` from (((`performance_schema`.`accounts` left join `x$user_summary_by_statement_latency` `stmt` on((if((`performance_schema`.`accounts`.`USER` is null),'background',`performance_schema`.`accounts`.`USER`) = `stmt`.`user`))) left join `x$user_summary_by_file_io` `io` on((if((`performance_schema`.`accounts`.`USER` is null),'background',`performance_schema`.`accounts`.`USER`) = `io`.`user`))) left join `x$memory_by_user_by_current_bytes` `mem` on((if((`performance_schema`.`accounts`.`USER` is null),'background',`performance_schema`.`accounts`.`USER`) = `mem`.`user`))) group by if((`performance_schema`.`accounts`.`USER` is null),'background',`performance_schema`.`accounts`.`USER`) order by sum(`stmt`.`total_latency`) desc */;
/*!50001 SET character_set_client      = @saved_cs_client */;
/*!50001 SET character_set_results     = @saved_cs_results */;
/*!50001 SET collation_connection      = @saved_col_connection */;

--
-- Final view structure for view `x$user_summary_by_file_io`
--

/*!50001 DROP VIEW IF EXISTS `x$user_summary_by_file_io`*/;
/*!50001 SET @saved_cs_client          = @@character_set_client */;
/*!50001 SET @saved_cs_results         = @@character_set_results */;
/*!50001 SET @saved_col_connection     = @@collation_connection */;
/*!50001 SET character_set_client      = utf8mb4 */;
/*!50001 SET character_set_results     = utf8mb4 */;
/*!50001 SET collation_connection      = utf8mb4_0900_ai_ci */;
/*!50001 CREATE ALGORITHM=TEMPTABLE */
/*!50013 DEFINER=`mysql.sys`@`localhost` SQL SECURITY INVOKER */
/*!50001 VIEW `x$user_summary_by_file_io` (`user`,`ios`,`io_latency`) AS select if((`performance_schema`.`events_waits_summary_by_user_by_event_name`.`USER` is null),'background',`performance_schema`.`events_waits_summary_by_user_by_event_name`.`USER`) AS `user`,sum(`performance_schema`.`events_waits_summary_by_user_by_event_name`.`COUNT_STAR`) AS `ios`,sum(`performance_schema`.`events_waits_summary_by_user_by_event_name`.`SUM_TIMER_WAIT`) AS `io_latency` from `performance_schema`.`events_waits_summary_by_user_by_event_name` where (`performance_schema`.`events_waits_summary_by_user_by_event_name`.`EVENT_NAME` like 'wait/io/file/%') group by if((`performance_schema`.`events_waits_summary_by_user_by_event_name`.`USER` is null),'background',`performance_schema`.`events_waits_summary_by_user_by_event_name`.`USER`) order by sum(`performance_schema`.`events_waits_summary_by_user_by_event_name`.`SUM_TIMER_WAIT`) desc */;
/*!50001 SET character_set_client      = @saved_cs_client */;
/*!50001 SET character_set_results     = @saved_cs_results */;
/*!50001 SET collation_connection      = @saved_col_connection */;

--
-- Final view structure for view `x$user_summary_by_file_io_type`
--

/*!50001 DROP VIEW IF EXISTS `x$user_summary_by_file_io_type`*/;
/*!50001 SET @saved_cs_client          = @@character_set_client */;
/*!50001 SET @saved_cs_results         = @@character_set_results */;
/*!50001 SET @saved_col_connection     = @@collation_connection */;
/*!50001 SET character_set_client      = utf8mb4 */;
/*!50001 SET character_set_results     = utf8mb4 */;
/*!50001 SET collation_connection      = utf8mb4_0900_ai_ci */;
/*!50001 CREATE ALGORITHM=MERGE */
/*!50013 DEFINER=`mysql.sys`@`localhost` SQL SECURITY INVOKER */
/*!50001 VIEW `x$user_summary_by_file_io_type` (`user`,`event_name`,`total`,`latency`,`max_latency`) AS select if((`performance_schema`.`events_waits_summary_by_user_by_event_name`.`USER` is null),'background',`performance_schema`.`events_waits_summary_by_user_by_event_name`.`USER`) AS `user`,`performance_schema`.`events_waits_summary_by_user_by_event_name`.`EVENT_NAME` AS `event_name`,`performance_schema`.`events_waits_summary_by_user_by_event_name`.`COUNT_STAR` AS `total`,`performance_schema`.`events_waits_summary_by_user_by_event_name`.`SUM_TIMER_WAIT` AS `latency`,`performance_schema`.`events_waits_summary_by_user_by_event_name`.`MAX_TIMER_WAIT` AS `max_latency` from `performance_schema`.`events_waits_summary_by_user_by_event_name` where ((`performance_schema`.`events_waits_summary_by_user_by_event_name`.`EVENT_NAME` like 'wait/io/file%') and (`performance_schema`.`events_waits_summary_by_user_by_event_name`.`COUNT_STAR` > 0)) order by if((`performance_schema`.`events_waits_summary_by_user_by_event_name`.`USER` is null),'background',`performance_schema`.`events_waits_summary_by_user_by_event_name`.`USER`),`performance_schema`.`events_waits_summary_by_user_by_event_name`.`SUM_TIMER_WAIT` desc */;
/*!50001 SET character_set_client      = @saved_cs_client */;
/*!50001 SET character_set_results     = @saved_cs_results */;
/*!50001 SET collation_connection      = @saved_col_connection */;

--
-- Final view structure for view `x$user_summary_by_stages`
--

/*!50001 DROP VIEW IF EXISTS `x$user_summary_by_stages`*/;
/*!50001 SET @saved_cs_client          = @@character_set_client */;
/*!50001 SET @saved_cs_results         = @@character_set_results */;
/*!50001 SET @saved_col_connection     = @@collation_connection */;
/*!50001 SET character_set_client      = utf8mb4 */;
/*!50001 SET character_set_results     = utf8mb4 */;
/*!50001 SET collation_connection      = utf8mb4_0900_ai_ci */;
/*!50001 CREATE ALGORITHM=MERGE */
/*!50013 DEFINER=`mysql.sys`@`localhost` SQL SECURITY INVOKER */
/*!50001 VIEW `x$user_summary_by_stages` (`user`,`event_name`,`total`,`total_latency`,`avg_latency`) AS select if((`performance_schema`.`events_stages_summary_by_user_by_event_name`.`USER` is null),'background',`performance_schema`.`events_stages_summary_by_user_by_event_name`.`USER`) AS `user`,`performance_schema`.`events_stages_summary_by_user_by_event_name`.`EVENT_NAME` AS `event_name`,`performance_schema`.`events_stages_summary_by_user_by_event_name`.`COUNT_STAR` AS `total`,`performance_schema`.`events_stages_summary_by_user_by_event_name`.`SUM_TIMER_WAIT` AS `total_latency`,`performance_schema`.`events_stages_summary_by_user_by_event_name`.`AVG_TIMER_WAIT` AS `avg_latency` from `performance_schema`.`events_stages_summary_by_user_by_event_name` where (`performance_schema`.`events_stages_summary_by_user_by_event_name`.`SUM_TIMER_WAIT` <> 0) order by if((`performance_schema`.`events_stages_summary_by_user_by_event_name`.`USER` is null),'background',`performance_schema`.`events_stages_summary_by_user_by_event_name`.`USER`),`performance_schema`.`events_stages_summary_by_user_by_event_name`.`SUM_TIMER_WAIT` desc */;
/*!50001 SET character_set_client      = @saved_cs_client */;
/*!50001 SET character_set_results     = @saved_cs_results */;
/*!50001 SET collation_connection      = @saved_col_connection */;

--
-- Final view structure for view `x$user_summary_by_statement_latency`
--

/*!50001 DROP VIEW IF EXISTS `x$user_summary_by_statement_latency`*/;
/*!50001 SET @saved_cs_client          = @@character_set_client */;
/*!50001 SET @saved_cs_results         = @@character_set_results */;
/*!50001 SET @saved_col_connection     = @@collation_connection */;
/*!50001 SET character_set_client      = utf8mb4 */;
/*!50001 SET character_set_results     = utf8mb4 */;
/*!50001 SET collation_connection      = utf8mb4_0900_ai_ci */;
/*!50001 CREATE ALGORITHM=TEMPTABLE */
/*!50013 DEFINER=`mysql.sys`@`localhost` SQL SECURITY INVOKER */
/*!50001 VIEW `x$user_summary_by_statement_latency` (`user`,`total`,`total_latency`,`max_latency`,`lock_latency`,`rows_sent`,`rows_examined`,`rows_affected`,`full_scans`) AS select if((`performance_schema`.`events_statements_summary_by_user_by_event_name`.`USER` is null),'background',`performance_schema`.`events_statements_summary_by_user_by_event_name`.`USER`) AS `user`,sum(`performance_schema`.`events_statements_summary_by_user_by_event_name`.`COUNT_STAR`) AS `total`,sum(`performance_schema`.`events_statements_summary_by_user_by_event_name`.`SUM_TIMER_WAIT`) AS `total_latency`,sum(`performance_schema`.`events_statements_summary_by_user_by_event_name`.`MAX_TIMER_WAIT`) AS `max_latency`,sum(`performance_schema`.`events_statements_summary_by_user_by_event_name`.`SUM_LOCK_TIME`) AS `lock_latency`,sum(`performance_schema`.`events_statements_summary_by_user_by_event_name`.`SUM_ROWS_SENT`) AS `rows_sent`,sum(`performance_schema`.`events_statements_summary_by_user_by_event_name`.`SUM_ROWS_EXAMINED`) AS `rows_examined`,sum(`performance_schema`.`events_statements_summary_by_user_by_event_name`.`SUM_ROWS_AFFECTED`) AS `rows_affected`,(sum(`performance_schema`.`events_statements_summary_by_user_by_event_name`.`SUM_NO_INDEX_USED`) + sum(`performance_schema`.`events_statements_summary_by_user_by_event_name`.`SUM_NO_GOOD_INDEX_USED`)) AS `full_scans` from `performance_schema`.`events_statements_summary_by_user_by_event_name` group by if((`performance_schema`.`events_statements_summary_by_user_by_event_name`.`USER` is null),'background',`performance_schema`.`events_statements_summary_by_user_by_event_name`.`USER`) order by sum(`performance_schema`.`events_statements_summary_by_user_by_event_name`.`SUM_TIMER_WAIT`) desc */;
/*!50001 SET character_set_client      = @saved_cs_client */;
/*!50001 SET character_set_results     = @saved_cs_results */;
/*!50001 SET collation_connection      = @saved_col_connection */;

--
-- Final view structure for view `x$user_summary_by_statement_type`
--

/*!50001 DROP VIEW IF EXISTS `x$user_summary_by_statement_type`*/;
/*!50001 SET @saved_cs_client          = @@character_set_client */;
/*!50001 SET @saved_cs_results         = @@character_set_results */;
/*!50001 SET @saved_col_connection     = @@collation_connection */;
/*!50001 SET character_set_client      = utf8mb4 */;
/*!50001 SET character_set_results     = utf8mb4 */;
/*!50001 SET collation_connection      = utf8mb4_0900_ai_ci */;
/*!50001 CREATE ALGORITHM=MERGE */
/*!50013 DEFINER=`mysql.sys`@`localhost` SQL SECURITY INVOKER */
/*!50001 VIEW `x$user_summary_by_statement_type` (`user`,`statement`,`total`,`total_latency`,`max_latency`,`lock_latency`,`rows_sent`,`rows_examined`,`rows_affected`,`full_scans`) AS select if((`performance_schema`.`events_statements_summary_by_user_by_event_name`.`USER` is null),'background',`performance_schema`.`events_statements_summary_by_user_by_event_name`.`USER`) AS `user`,substring_index(`performance_schema`.`events_statements_summary_by_user_by_event_name`.`EVENT_NAME`,'/',-(1)) AS `statement`,`performance_schema`.`events_statements_summary_by_user_by_event_name`.`COUNT_STAR` AS `total`,`performance_schema`.`events_statements_summary_by_user_by_event_name`.`SUM_TIMER_WAIT` AS `total_latency`,`performance_schema`.`events_statements_summary_by_user_by_event_name`.`MAX_TIMER_WAIT` AS `max_latency`,`performance_schema`.`events_statements_summary_by_user_by_event_name`.`SUM_LOCK_TIME` AS `lock_latency`,`performance_schema`.`events_statements_summary_by_user_by_event_name`.`SUM_ROWS_SENT` AS `rows_sent`,`performance_schema`.`events_statements_summary_by_user_by_event_name`.`SUM_ROWS_EXAMINED` AS `rows_examined`,`performance_schema`.`events_statements_summary_by_user_by_event_name`.`SUM_ROWS_AFFECTED` AS `rows_affected`,(`performance_schema`.`events_statements_summary_by_user_by_event_name`.`SUM_NO_INDEX_USED` + `performance_schema`.`events_statements_summary_by_user_by_event_name`.`SUM_NO_GOOD_INDEX_USED`) AS `full_scans` from `performance_schema`.`events_statements_summary_by_user_by_event_name` where (`performance_schema`.`events_statements_summary_by_user_by_event_name`.`SUM_TIMER_WAIT` <> 0) order by if((`performance_schema`.`events_statements_summary_by_user_by_event_name`.`USER` is null),'background',`performance_schema`.`events_statements_summary_by_user_by_event_name`.`USER`),`performance_schema`.`events_statements_summary_by_user_by_event_name`.`SUM_TIMER_WAIT` desc */;
/*!50001 SET character_set_client      = @saved_cs_client */;
/*!50001 SET character_set_results     = @saved_cs_results */;
/*!50001 SET collation_connection      = @saved_col_connection */;

--
-- Final view structure for view `x$wait_classes_global_by_avg_latency`
--

/*!50001 DROP VIEW IF EXISTS `x$wait_classes_global_by_avg_latency`*/;
/*!50001 SET @saved_cs_client          = @@character_set_client */;
/*!50001 SET @saved_cs_results         = @@character_set_results */;
/*!50001 SET @saved_col_connection     = @@collation_connection */;
/*!50001 SET character_set_client      = utf8mb4 */;
/*!50001 SET character_set_results     = utf8mb4 */;
/*!50001 SET collation_connection      = utf8mb4_0900_ai_ci */;
/*!50001 CREATE ALGORITHM=TEMPTABLE */
/*!50013 DEFINER=`mysql.sys`@`localhost` SQL SECURITY INVOKER */
/*!50001 VIEW `x$wait_classes_global_by_avg_latency` (`event_class`,`total`,`total_latency`,`min_latency`,`avg_latency`,`max_latency`) AS select substring_index(`performance_schema`.`events_waits_summary_global_by_event_name`.`EVENT_NAME`,'/',3) AS `event_class`,sum(`performance_schema`.`events_waits_summary_global_by_event_name`.`COUNT_STAR`) AS `total`,sum(`performance_schema`.`events_waits_summary_global_by_event_name`.`SUM_TIMER_WAIT`) AS `total_latency`,min(`performance_schema`.`events_waits_summary_global_by_event_name`.`MIN_TIMER_WAIT`) AS `min_latency`,ifnull((sum(`performance_schema`.`events_waits_summary_global_by_event_name`.`SUM_TIMER_WAIT`) / nullif(sum(`performance_schema`.`events_waits_summary_global_by_event_name`.`COUNT_STAR`),0)),0) AS `avg_latency`,max(`performance_schema`.`events_waits_summary_global_by_event_name`.`MAX_TIMER_WAIT`) AS `max_latency` from `performance_schema`.`events_waits_summary_global_by_event_name` where ((`performance_schema`.`events_waits_summary_global_by_event_name`.`SUM_TIMER_WAIT` > 0) and (`performance_schema`.`events_waits_summary_global_by_event_name`.`EVENT_NAME` <> 'idle')) group by `event_class` order by ifnull((sum(`performance_schema`.`events_waits_summary_global_by_event_name`.`SUM_TIMER_WAIT`) / nullif(sum(`performance_schema`.`events_waits_summary_global_by_event_name`.`COUNT_STAR`),0)),0) desc */;
/*!50001 SET character_set_client      = @saved_cs_client */;
/*!50001 SET character_set_results     = @saved_cs_results */;
/*!50001 SET collation_connection      = @saved_col_connection */;

--
-- Final view structure for view `x$wait_classes_global_by_latency`
--

/*!50001 DROP VIEW IF EXISTS `x$wait_classes_global_by_latency`*/;
/*!50001 SET @saved_cs_client          = @@character_set_client */;
/*!50001 SET @saved_cs_results         = @@character_set_results */;
/*!50001 SET @saved_col_connection     = @@collation_connection */;
/*!50001 SET character_set_client      = utf8mb4 */;
/*!50001 SET character_set_results     = utf8mb4 */;
/*!50001 SET collation_connection      = utf8mb4_0900_ai_ci */;
/*!50001 CREATE ALGORITHM=TEMPTABLE */
/*!50013 DEFINER=`mysql.sys`@`localhost` SQL SECURITY INVOKER */
/*!50001 VIEW `x$wait_classes_global_by_latency` (`event_class`,`total`,`total_latency`,`min_latency`,`avg_latency`,`max_latency`) AS select substring_index(`performance_schema`.`events_waits_summary_global_by_event_name`.`EVENT_NAME`,'/',3) AS `event_class`,sum(`performance_schema`.`events_waits_summary_global_by_event_name`.`COUNT_STAR`) AS `total`,sum(`performance_schema`.`events_waits_summary_global_by_event_name`.`SUM_TIMER_WAIT`) AS `total_latency`,min(`performance_schema`.`events_waits_summary_global_by_event_name`.`MIN_TIMER_WAIT`) AS `min_latency`,ifnull((sum(`performance_schema`.`events_waits_summary_global_by_event_name`.`SUM_TIMER_WAIT`) / nullif(sum(`performance_schema`.`events_waits_summary_global_by_event_name`.`COUNT_STAR`),0)),0) AS `avg_latency`,max(`performance_schema`.`events_waits_summary_global_by_event_name`.`MAX_TIMER_WAIT`) AS `max_latency` from `performance_schema`.`events_waits_summary_global_by_event_name` where ((`performance_schema`.`events_waits_summary_global_by_event_name`.`SUM_TIMER_WAIT` > 0) and (`performance_schema`.`events_waits_summary_global_by_event_name`.`EVENT_NAME` <> 'idle')) group by substring_index(`performance_schema`.`events_waits_summary_global_by_event_name`.`EVENT_NAME`,'/',3) order by sum(`performance_schema`.`events_waits_summary_global_by_event_name`.`SUM_TIMER_WAIT`) desc */;
/*!50001 SET character_set_client      = @saved_cs_client */;
/*!50001 SET character_set_results     = @saved_cs_results */;
/*!50001 SET collation_connection      = @saved_col_connection */;

--
-- Final view structure for view `x$waits_by_host_by_latency`
--

/*!50001 DROP VIEW IF EXISTS `x$waits_by_host_by_latency`*/;
/*!50001 SET @saved_cs_client          = @@character_set_client */;
/*!50001 SET @saved_cs_results         = @@character_set_results */;
/*!50001 SET @saved_col_connection     = @@collation_connection */;
/*!50001 SET character_set_client      = utf8mb4 */;
/*!50001 SET character_set_results     = utf8mb4 */;
/*!50001 SET collation_connection      = utf8mb4_0900_ai_ci */;
/*!50001 CREATE ALGORITHM=MERGE */
/*!50013 DEFINER=`mysql.sys`@`localhost` SQL SECURITY INVOKER */
/*!50001 VIEW `x$waits_by_host_by_latency` (`host`,`event`,`total`,`total_latency`,`avg_latency`,`max_latency`) AS select if((`performance_schema`.`events_waits_summary_by_host_by_event_name`.`HOST` is null),'background',`performance_schema`.`events_waits_summary_by_host_by_event_name`.`HOST`) AS `host`,`performance_schema`.`events_waits_summary_by_host_by_event_name`.`EVENT_NAME` AS `event`,`performance_schema`.`events_waits_summary_by_host_by_event_name`.`COUNT_STAR` AS `total`,`performance_schema`.`events_waits_summary_by_host_by_event_name`.`SUM_TIMER_WAIT` AS `total_latency`,`performance_schema`.`events_waits_summary_by_host_by_event_name`.`AVG_TIMER_WAIT` AS `avg_latency`,`performance_schema`.`events_waits_summary_by_host_by_event_name`.`MAX_TIMER_WAIT` AS `max_latency` from `performance_schema`.`events_waits_summary_by_host_by_event_name` where ((`performance_schema`.`events_waits_summary_by_host_by_event_name`.`EVENT_NAME` <> 'idle') and (`performance_schema`.`events_waits_summary_by_host_by_event_name`.`SUM_TIMER_WAIT` > 0)) order by if((`performance_schema`.`events_waits_summary_by_host_by_event_name`.`HOST` is null),'background',`performance_schema`.`events_waits_summary_by_host_by_event_name`.`HOST`),`performance_schema`.`events_waits_summary_by_host_by_event_name`.`SUM_TIMER_WAIT` desc */;
/*!50001 SET character_set_client      = @saved_cs_client */;
/*!50001 SET character_set_results     = @saved_cs_results */;
/*!50001 SET collation_connection      = @saved_col_connection */;

--
-- Final view structure for view `x$waits_by_user_by_latency`
--

/*!50001 DROP VIEW IF EXISTS `x$waits_by_user_by_latency`*/;
/*!50001 SET @saved_cs_client          = @@character_set_client */;
/*!50001 SET @saved_cs_results         = @@character_set_results */;
/*!50001 SET @saved_col_connection     = @@collation_connection */;
/*!50001 SET character_set_client      = utf8mb4 */;
/*!50001 SET character_set_results     = utf8mb4 */;
/*!50001 SET collation_connection      = utf8mb4_0900_ai_ci */;
/*!50001 CREATE ALGORITHM=MERGE */
/*!50013 DEFINER=`mysql.sys`@`localhost` SQL SECURITY INVOKER */
/*!50001 VIEW `x$waits_by_user_by_latency` (`user`,`event`,`total`,`total_latency`,`avg_latency`,`max_latency`) AS select if((`performance_schema`.`events_waits_summary_by_user_by_event_name`.`USER` is null),'background',`performance_schema`.`events_waits_summary_by_user_by_event_name`.`USER`) AS `user`,`performance_schema`.`events_waits_summary_by_user_by_event_name`.`EVENT_NAME` AS `event`,`performance_schema`.`events_waits_summary_by_user_by_event_name`.`COUNT_STAR` AS `total`,`performance_schema`.`events_waits_summary_by_user_by_event_name`.`SUM_TIMER_WAIT` AS `total_latency`,`performance_schema`.`events_waits_summary_by_user_by_event_name`.`AVG_TIMER_WAIT` AS `avg_latency`,`performance_schema`.`events_waits_summary_by_user_by_event_name`.`MAX_TIMER_WAIT` AS `max_latency` from `performance_schema`.`events_waits_summary_by_user_by_event_name` where ((`performance_schema`.`events_waits_summary_by_user_by_event_name`.`EVENT_NAME` <> 'idle') and (`performance_schema`.`events_waits_summary_by_user_by_event_name`.`USER` is not null) and (`performance_schema`.`events_waits_summary_by_user_by_event_name`.`SUM_TIMER_WAIT` > 0)) order by if((`performance_schema`.`events_waits_summary_by_user_by_event_name`.`USER` is null),'background',`performance_schema`.`events_waits_summary_by_user_by_event_name`.`USER`),`performance_schema`.`events_waits_summary_by_user_by_event_name`.`SUM_TIMER_WAIT` desc */;
/*!50001 SET character_set_client      = @saved_cs_client */;
/*!50001 SET character_set_results     = @saved_cs_results */;
/*!50001 SET collation_connection      = @saved_col_connection */;

--
-- Final view structure for view `x$waits_global_by_latency`
--

/*!50001 DROP VIEW IF EXISTS `x$waits_global_by_latency`*/;
/*!50001 SET @saved_cs_client          = @@character_set_client */;
/*!50001 SET @saved_cs_results         = @@character_set_results */;
/*!50001 SET @saved_col_connection     = @@collation_connection */;
/*!50001 SET character_set_client      = utf8mb4 */;
/*!50001 SET character_set_results     = utf8mb4 */;
/*!50001 SET collation_connection      = utf8mb4_0900_ai_ci */;
/*!50001 CREATE ALGORITHM=MERGE */
/*!50013 DEFINER=`mysql.sys`@`localhost` SQL SECURITY INVOKER */
/*!50001 VIEW `x$waits_global_by_latency` (`events`,`total`,`total_latency`,`avg_latency`,`max_latency`) AS select `performance_schema`.`events_waits_summary_global_by_event_name`.`EVENT_NAME` AS `event`,`performance_schema`.`events_waits_summary_global_by_event_name`.`COUNT_STAR` AS `total`,`performance_schema`.`events_waits_summary_global_by_event_name`.`SUM_TIMER_WAIT` AS `total_latency`,`performance_schema`.`events_waits_summary_global_by_event_name`.`AVG_TIMER_WAIT` AS `avg_latency`,`performance_schema`.`events_waits_summary_global_by_event_name`.`MAX_TIMER_WAIT` AS `max_latency` from `performance_schema`.`events_waits_summary_global_by_event_name` where ((`performance_schema`.`events_waits_summary_global_by_event_name`.`EVENT_NAME` <> 'idle') and (`performance_schema`.`events_waits_summary_global_by_event_name`.`SUM_TIMER_WAIT` > 0)) order by `performance_schema`.`events_waits_summary_global_by_event_name`.`SUM_TIMER_WAIT` desc */;
/*!50001 SET character_set_client      = @saved_cs_client */;
/*!50001 SET character_set_results     = @saved_cs_results */;
/*!50001 SET collation_connection      = @saved_col_connection */;
/*!40103 SET TIME_ZONE=@OLD_TIME_ZONE */;

/*!40101 SET SQL_MODE=@OLD_SQL_MODE */;
/*!40014 SET FOREIGN_KEY_CHECKS=@OLD_FOREIGN_KEY_CHECKS */;
/*!40014 SET UNIQUE_CHECKS=@OLD_UNIQUE_CHECKS */;
/*!40101 SET CHARACTER_SET_CLIENT=@OLD_CHARACTER_SET_CLIENT */;
/*!40101 SET CHARACTER_SET_RESULTS=@OLD_CHARACTER_SET_RESULTS */;
/*!40101 SET COLLATION_CONNECTION=@OLD_COLLATION_CONNECTION */;
/*!40111 SET SQL_NOTES=@OLD_SQL_NOTES */;

-- Dump completed on 2019-11-29  1:34:52
-- MySQL dump 10.13  Distrib 8.0.18, for Win64 (x86_64)
--
-- Host: localhost    Database: ml
-- ------------------------------------------------------
-- Server version	8.0.18

/*!40101 SET @OLD_CHARACTER_SET_CLIENT=@@CHARACTER_SET_CLIENT */;
/*!40101 SET @OLD_CHARACTER_SET_RESULTS=@@CHARACTER_SET_RESULTS */;
/*!40101 SET @OLD_COLLATION_CONNECTION=@@COLLATION_CONNECTION */;
/*!50503 SET NAMES utf8 */;
/*!40103 SET @OLD_TIME_ZONE=@@TIME_ZONE */;
/*!40103 SET TIME_ZONE='+00:00' */;
/*!40014 SET @OLD_UNIQUE_CHECKS=@@UNIQUE_CHECKS, UNIQUE_CHECKS=0 */;
/*!40014 SET @OLD_FOREIGN_KEY_CHECKS=@@FOREIGN_KEY_CHECKS, FOREIGN_KEY_CHECKS=0 */;
/*!40101 SET @OLD_SQL_MODE=@@SQL_MODE, SQL_MODE='NO_AUTO_VALUE_ON_ZERO' */;
/*!40111 SET @OLD_SQL_NOTES=@@SQL_NOTES, SQL_NOTES=0 */;

--
-- Table structure for table `acompanha`
--

DROP TABLE IF EXISTS `acompanha`;
/*!40101 SET @saved_cs_client     = @@character_set_client */;
/*!50503 SET character_set_client = utf8mb4 */;
CREATE TABLE `acompanha` (
  `CPF` bigint(20) NOT NULL,
  `URL_pagina` char(50) NOT NULL,
  PRIMARY KEY (`CPF`,`URL_pagina`),
  UNIQUE KEY `ID_Acompanha_IND` (`CPF`,`URL_pagina`),
  KEY `FKAco_Red_IND` (`URL_pagina`),
  CONSTRAINT `FKAco_Pes` FOREIGN KEY (`CPF`) REFERENCES `pessoa` (`CPF`),
  CONSTRAINT `FKAco_Red_FK` FOREIGN KEY (`URL_pagina`) REFERENCES `redes_sociais` (`URL_pagina`)
) ENGINE=InnoDB DEFAULT CHARSET=utf8mb4 COLLATE=utf8mb4_0900_ai_ci;
/*!40101 SET character_set_client = @saved_cs_client */;

--
-- Dumping data for table `acompanha`
--

LOCK TABLES `acompanha` WRITE;
/*!40000 ALTER TABLE `acompanha` DISABLE KEYS */;
INSERT INTO `acompanha` VALUES (15514957756,'www.feicebuqui.com/Associao_dos_estudantes'),(53260023615,'www.feicebuqui.com/Associao_dos_estudantes'),(60023773600,'www.feicebuqui.com/Associao_dos_estudantes'),(25631281619,'www.feicebuqui.com/Associao_dos_profissionais'),(32571586610,'www.feicebuqui.com/Associao_dos_profissionais'),(97416461006,'www.feicebuqui.com/Associao_dos_profissionais'),(14429552797,'www.feicebuqui.com/chare'),(20482380500,'www.feicebuqui.com/chare'),(53260023615,'www.feicebuqui.com/Conselho_da_biologia'),(60023773600,'www.feicebuqui.com/Conselho_da_biologia'),(97416461006,'www.feicebuqui.com/Conselho_da_biologia'),(25631281619,'www.feicebuqui.com/Conselho_econmico'),(48775807351,'www.feicebuqui.com/Conselho_econmico'),(76880861083,'www.feicebuqui.com/Conselho_econmico'),(25631281619,'www.feicebuqui.com/decore'),(32571586610,'www.feicebuqui.com/decore'),(25631281619,'www.feicebuqui.com/Myxr'),(32571586610,'www.feicebuqui.com/Myxr'),(97416461006,'www.feicebuqui.com/Myxr'),(20482380500,'www.feicebuqui.com/sentri'),(48775807351,'www.feicebuqui.com/sentri'),(76880861083,'www.feicebuqui.com/sentri'),(14429552797,'www.feicebuqui.com/Sindicato_artistico'),(50847006409,'www.feicebuqui.com/Sindicato_artistico'),(78655763748,'www.feicebuqui.com/Sindicato_artistico'),(25631281619,'www.feicebuqui.com/sindicato_dos_psiclogos'),(48775807351,'www.feicebuqui.com/sindicato_dos_psiclogos'),(76880861083,'www.feicebuqui.com/sindicato_dos_psiclogos'),(15514957756,'www.feicebuqui.com/spack'),(60023773600,'www.feicebuqui.com/spack'),(48775807351,'www.feicebuqui.com/storela'),(76880861083,'www.feicebuqui.com/storela'),(53260023615,'www.feicebuqui.com/tstore'),(97416461006,'www.feicebuqui.com/tstore'),(32571586610,'www.feicebuqui.com/uniesquina'),(53260023615,'www.feicebuqui.com/uniesquina'),(97416461006,'www.feicebuqui.com/uniesquina'),(15514957756,'www.feicebuqui.com/Universidade_SCG'),(53260023615,'www.feicebuqui.com/Universidade_SCG'),(60023773600,'www.feicebuqui.com/Universidade_SCG');
/*!40000 ALTER TABLE `acompanha` ENABLE KEYS */;
UNLOCK TABLES;

--
-- Table structure for table `alimento`
--

DROP TABLE IF EXISTS `alimento`;
/*!40101 SET @saved_cs_client     = @@character_set_client */;
/*!50503 SET character_set_client = utf8mb4 */;
CREATE TABLE `alimento` (
  `Nota_servico` bigint(20) NOT NULL,
  `Tipos_comida` char(15) NOT NULL,
  `Data` date NOT NULL,
  `Valor` decimal(6,2) NOT NULL,
  PRIMARY KEY (`Nota_servico`),
  UNIQUE KEY `ID_Alimento_IND` (`Nota_servico`)
) ENGINE=InnoDB DEFAULT CHARSET=utf8mb4 COLLATE=utf8mb4_0900_ai_ci;
/*!40101 SET character_set_client = @saved_cs_client */;

--
-- Dumping data for table `alimento`
--

LOCK TABLES `alimento` WRITE;
/*!40000 ALTER TABLE `alimento` DISABLE KEYS */;
INSERT INTO `alimento` VALUES (1,'Po','2019-08-10',50.00),(2,'Suco','2019-12-18',150.00),(3,'gua','2019-05-01',30.00),(4,'Caf','2019-10-29',200.00),(5,'Frutas','2019-03-01',180.00);
/*!40000 ALTER TABLE `alimento` ENABLE KEYS */;
UNLOCK TABLES;

--
-- Table structure for table `apresenta`
--

DROP TABLE IF EXISTS `apresenta`;
/*!40101 SET @saved_cs_client     = @@character_set_client */;
/*!50503 SET character_set_client = utf8mb4 */;
CREATE TABLE `apresenta` (
  `CPF` bigint(20) NOT NULL,
  `ID_Atividade` int(11) NOT NULL,
  PRIMARY KEY (`CPF`,`ID_Atividade`),
  UNIQUE KEY `ID_Apresenta_IND` (`CPF`,`ID_Atividade`),
  KEY `FKApr_Wor_IND` (`ID_Atividade`),
  KEY `EQU_Apres_Atvd_IND` (`ID_Atividade`),
  CONSTRAINT `EQU_Apres_Atvd_FK` FOREIGN KEY (`ID_Atividade`) REFERENCES `atividade` (`ID_Atividade`),
  CONSTRAINT `FKApr_Pes` FOREIGN KEY (`CPF`) REFERENCES `pessoa` (`CPF`),
  CONSTRAINT `FKApr_Wor_FK` FOREIGN KEY (`ID_Atividade`) REFERENCES `atividade` (`ID_Atividade`),
  CONSTRAINT `REF_Apres_Pessoa` FOREIGN KEY (`CPF`) REFERENCES `pessoa` (`CPF`)
) ENGINE=InnoDB DEFAULT CHARSET=utf8mb4 COLLATE=utf8mb4_0900_ai_ci;
/*!40101 SET character_set_client = @saved_cs_client */;

--
-- Dumping data for table `apresenta`
--

LOCK TABLES `apresenta` WRITE;
/*!40000 ALTER TABLE `apresenta` DISABLE KEYS */;
INSERT INTO `apresenta` VALUES (72360474812,1),(4657782754,2),(97657457376,3),(98216250290,4),(51782730281,5),(78655763748,6),(50847006409,7),(14429552797,8),(20482380500,9),(48775807351,10),(79580496412,11),(4657782754,12),(10089321162,13),(76880861083,14),(10426777948,15),(14429552797,16),(77212921661,17),(50847006409,18),(97416461006,19),(98216250290,20),(20482380500,21),(60023773600,22),(32571586610,23),(78655763748,24),(53260023615,25),(15514957756,26),(53260023615,27),(93204873676,28),(76880861083,29),(25631281619,30),(72360474812,31),(10089321162,32),(79580496412,33),(97657457376,34),(98216250290,35);
/*!40000 ALTER TABLE `apresenta` ENABLE KEYS */;
UNLOCK TABLES;

--
-- Table structure for table `apresentacao_artigo`
--

DROP TABLE IF EXISTS `apresentacao_artigo`;
/*!40101 SET @saved_cs_client     = @@character_set_client */;
/*!50503 SET character_set_client = utf8mb4 */;
CREATE TABLE `apresentacao_artigo` (
  `ID_Atividade` int(11) NOT NULL,
  `tipo_artigo` varchar(200) DEFAULT NULL,
  `Autor_Artigo` char(15) NOT NULL,
  `Numero_Sessoes` varchar(1) NOT NULL,
  `nome_sessao` varchar(200) DEFAULT NULL,
  PRIMARY KEY (`ID_Atividade`),
  UNIQUE KEY `FKAti_Apr_IND` (`ID_Atividade`),
  UNIQUE KEY `ID_ApArtg_Atvd_IND` (`ID_Atividade`),
  CONSTRAINT `FKAti_Apr_FK` FOREIGN KEY (`ID_Atividade`) REFERENCES `atividade` (`ID_Atividade`),
  CONSTRAINT `ID_ApArtg_Atvd_FK` FOREIGN KEY (`ID_Atividade`) REFERENCES `atividade` (`ID_Atividade`)
) ENGINE=InnoDB DEFAULT CHARSET=utf8mb4 COLLATE=utf8mb4_0900_ai_ci;
/*!40101 SET character_set_client = @saved_cs_client */;

--
-- Dumping data for table `apresentacao_artigo`
--

LOCK TABLES `apresentacao_artigo` WRITE;
/*!40000 ALTER TABLE `apresentacao_artigo` DISABLE KEYS */;
INSERT INTO `apresentacao_artigo` VALUES (26,'Investimento: Sorte ou Anlise?','Helder','1','Apresentao final'),(27,'Uso de inteligncia artificial para nunca mais ter que trabalhar','Gerson','1','Tese de mestrado'),(28,'Criando clones','Sara','1','Tese de doutorado'),(29,'O nmero depois do infinito','Mariana','1','Apresentao final'),(30,'Modificao quantica','Daniela','1','TCC');
/*!40000 ALTER TABLE `apresentacao_artigo` ENABLE KEYS */;
UNLOCK TABLES;

--
-- Table structure for table `atividade`
--

DROP TABLE IF EXISTS `atividade`;
/*!40101 SET @saved_cs_client     = @@character_set_client */;
/*!50503 SET character_set_client = utf8mb4 */;
CREATE TABLE `atividade` (
  `ID_Atividade` int(11) NOT NULL,
  `Data` date NOT NULL,
  `local` char(50) DEFAULT NULL,
  `ID_Evento` char(20) NOT NULL,
  `Workshop` int(11) DEFAULT NULL,
  `Tutorial` int(11) DEFAULT NULL,
  `Reuniao` int(11) DEFAULT NULL,
  `Palestra` int(11) DEFAULT NULL,
  `Concurso` int(11) DEFAULT NULL,
  `Atividade_Social` int(11) DEFAULT NULL,
  `Apresentacao_Artigo` int(11) DEFAULT NULL,
  PRIMARY KEY (`ID_Atividade`),
  UNIQUE KEY `ID_Atividade_IND` (`ID_Atividade`),
  KEY `FKTem_IND` (`ID_Evento`),
  CONSTRAINT `EQU_Atvd_Evnt_FK` FOREIGN KEY (`ID_Evento`) REFERENCES `evento` (`ID_Evento`),
  CONSTRAINT `FKTem_FK` FOREIGN KEY (`ID_Evento`) REFERENCES `evento` (`ID_Evento`),
  CONSTRAINT `EXTONE_Atividade` CHECK ((((`Atividade_Social` is not null) and (`Concurso` is null) and (`Apresentacao_Artigo` is null) and (`Reuniao` is null) and (`Tutorial` is null) and (`Workshop` is null) and (`Palestra` is null)) or ((`Atividade_Social` is null) and (`Concurso` is not null) and (`Apresentacao_Artigo` is null) and (`Reuniao` is null) and (`Tutorial` is null) and (`Workshop` is null) and (`Palestra` is null)) or ((`Atividade_Social` is null) and (`Concurso` is null) and (`Apresentacao_Artigo` is not null) and (`Reuniao` is null) and (`Tutorial` is null) and (`Workshop` is null) and (`Palestra` is null)) or ((`Atividade_Social` is null) and (`Concurso` is null) and (`Apresentacao_Artigo` is null) and (`Reuniao` is not null) and (`Tutorial` is null) and (`Workshop` is null) and (`Palestra` is null)) or ((`Atividade_Social` is null) and (`Concurso` is null) and (`Apresentacao_Artigo` is null) and (`Reuniao` is null) and (`Tutorial` is not null) and (`Workshop` is null) and (`Palestra` is null)) or ((`Atividade_Social` is null) and (`Concurso` is null) and (`Apresentacao_Artigo` is null) and (`Reuniao` is null) and (`Tutorial` is null) and (`Workshop` is not null) and (`Palestra` is null)) or ((`Atividade_Social` is null) and (`Concurso` is null) and (`Apresentacao_Artigo` is null) and (`Reuniao` is null) and (`Tutorial` is null) and (`Workshop` is null) and (`Palestra` is not null))))
) ENGINE=InnoDB DEFAULT CHARSET=utf8mb4 COLLATE=utf8mb4_0900_ai_ci;
/*!40101 SET character_set_client = @saved_cs_client */;

--
-- Dumping data for table `atividade`
--

LOCK TABLES `atividade` WRITE;
/*!40000 ALTER TABLE `atividade` DISABLE KEYS */;
INSERT INTO `atividade` VALUES (1,'2019-08-10','Coworking Space','1',NULL,1,NULL,NULL,NULL,NULL,NULL),(2,'2019-03-20','Parque Verde','2',NULL,1,NULL,NULL,NULL,NULL,NULL),(3,'2019-07-12','Town Hall','4',NULL,1,NULL,NULL,NULL,NULL,NULL),(4,'2019-10-30','Anfiteatro','6',NULL,1,NULL,NULL,NULL,NULL,NULL),(5,'2019-09-18','Anfiteatro','5',NULL,1,NULL,NULL,NULL,NULL,NULL),(6,'2019-12-18','Coworking Space','7',1,NULL,NULL,NULL,NULL,NULL,NULL),(7,'2019-05-01','Coworking Space','3',1,NULL,NULL,NULL,NULL,NULL,NULL),(8,'2019-10-29','Coworking Space','6',1,NULL,NULL,NULL,NULL,NULL,NULL),(9,'2019-07-13','Town Hall','4',1,NULL,NULL,NULL,NULL,NULL,NULL),(10,'2019-12-18','Arena Big','7',1,NULL,NULL,NULL,NULL,NULL,NULL),(11,'2019-05-01','Coworking Space','3',NULL,NULL,1,NULL,NULL,NULL,NULL),(12,'2019-03-01','Coworking Space','2',NULL,NULL,1,NULL,NULL,NULL,NULL),(13,'2019-08-01','Coworking Space','1',NULL,NULL,1,NULL,NULL,NULL,NULL),(14,'2019-07-01','Coworking Space','4',NULL,NULL,1,NULL,NULL,NULL,NULL),(15,'2019-12-01','Coworking Space','7',NULL,NULL,1,NULL,NULL,NULL,NULL),(16,'2019-07-20','Anfiteatro','4',NULL,NULL,NULL,NULL,NULL,1,NULL),(17,'2019-03-27','Parque Verde','2',NULL,NULL,NULL,NULL,NULL,1,NULL),(18,'2019-08-06','Town Hall','1',NULL,NULL,NULL,NULL,NULL,1,NULL),(19,'2019-12-22','Parque Verde','7',NULL,NULL,NULL,NULL,NULL,1,NULL),(20,'2019-10-24','Anfiteatro','6',NULL,NULL,NULL,NULL,NULL,1,NULL),(21,'2019-08-12','Town Hall','1',NULL,NULL,NULL,NULL,1,NULL,NULL),(22,'2019-12-15','Arena Big','7',NULL,NULL,NULL,NULL,1,NULL,NULL),(23,'2019-12-15','Arena Big','7',NULL,NULL,NULL,NULL,1,NULL,NULL),(24,'2019-07-12','Arena Big','4',NULL,NULL,NULL,NULL,1,NULL,NULL),(25,'2019-05-10','Coworking Space','3',NULL,NULL,NULL,NULL,1,NULL,NULL),(26,'2019-10-18','Anfiteatro','6',NULL,NULL,NULL,NULL,NULL,NULL,1),(27,'2019-08-11','Anfiteatro','1',NULL,NULL,NULL,NULL,NULL,NULL,1),(28,'2019-03-17','Anfiteatro','2',NULL,NULL,NULL,NULL,NULL,NULL,1),(29,'2019-05-04','Anfiteatro','3',NULL,NULL,NULL,NULL,NULL,NULL,1),(30,'2019-09-14','Anfiteatro','5',NULL,NULL,NULL,NULL,NULL,NULL,1),(31,'2019-08-19','Anfiteatro','1',NULL,NULL,NULL,1,NULL,NULL,NULL),(32,'2019-03-24','Anfiteatro','2',NULL,NULL,NULL,1,NULL,NULL,NULL),(33,'2019-12-29','Anfiteatro','7',NULL,NULL,NULL,1,NULL,NULL,NULL),(34,'2019-07-24','Anfiteatro','4',NULL,NULL,NULL,1,NULL,NULL,NULL),(35,'2019-10-25','Anfiteatro','6',NULL,NULL,NULL,1,NULL,NULL,NULL);
/*!40000 ALTER TABLE `atividade` ENABLE KEYS */;
UNLOCK TABLES;

--
-- Table structure for table `atividade_social`
--

DROP TABLE IF EXISTS `atividade_social`;
/*!40101 SET @saved_cs_client     = @@character_set_client */;
/*!50503 SET character_set_client = utf8mb4 */;
CREATE TABLE `atividade_social` (
  `ID_Atividade` int(11) NOT NULL,
  `tipo_a_social` varchar(200) DEFAULT NULL,
  `Valor` int(11) NOT NULL,
  PRIMARY KEY (`ID_Atividade`),
  UNIQUE KEY `FKAti_Ati_IND` (`ID_Atividade`),
  UNIQUE KEY `ID_AtvSocial_Atvd_IND` (`ID_Atividade`),
  CONSTRAINT `FKAti_Ati_FK` FOREIGN KEY (`ID_Atividade`) REFERENCES `atividade` (`ID_Atividade`),
  CONSTRAINT `ID_AtvSocial_Atvd_FK` FOREIGN KEY (`ID_Atividade`) REFERENCES `atividade` (`ID_Atividade`)
) ENGINE=InnoDB DEFAULT CHARSET=utf8mb4 COLLATE=utf8mb4_0900_ai_ci;
/*!40101 SET character_set_client = @saved_cs_client */;

--
-- Dumping data for table `atividade_social`
--

LOCK TABLES `atividade_social` WRITE;
/*!40000 ALTER TABLE `atividade_social` DISABLE KEYS */;
INSERT INTO `atividade_social` VALUES (16,'Reduzir a fome',0),(17,'Plantar rvores',0),(18,'Incluso tecnolgica',0),(19,'Lazer para todos',0),(20,'Ensinando a economizar',0);
/*!40000 ALTER TABLE `atividade_social` ENABLE KEYS */;
UNLOCK TABLES;

--
-- Table structure for table `auditorio`
--

DROP TABLE IF EXISTS `auditorio`;
/*!40101 SET @saved_cs_client     = @@character_set_client */;
/*!50503 SET character_set_client = utf8mb4 */;
CREATE TABLE `auditorio` (
  `CNPJ_Local` bigint(20) NOT NULL,
  `ID_Sala` int(11) NOT NULL,
  `Pessoas_Suportadas` int(11) NOT NULL,
  PRIMARY KEY (`CNPJ_Local`),
  UNIQUE KEY `FKLoc_Aud_IND` (`CNPJ_Local`),
  UNIQUE KEY `ID_Audit_Local_IND` (`CNPJ_Local`),
  CONSTRAINT `FKLoc_Aud_FK` FOREIGN KEY (`CNPJ_Local`) REFERENCES `local` (`CNPJ_Local`),
  CONSTRAINT `ID_Audit_Local_FK` FOREIGN KEY (`CNPJ_Local`) REFERENCES `local` (`CNPJ_Local`)
) ENGINE=InnoDB DEFAULT CHARSET=utf8mb4 COLLATE=utf8mb4_0900_ai_ci;
/*!40101 SET character_set_client = @saved_cs_client */;

--
-- Dumping data for table `auditorio`
--

LOCK TABLES `auditorio` WRITE;
/*!40000 ALTER TABLE `auditorio` DISABLE KEYS */;
INSERT INTO `auditorio` VALUES (10175464000192,2,100),(80599449000157,3,50),(93152678000170,1,20);
/*!40000 ALTER TABLE `auditorio` ENABLE KEYS */;
UNLOCK TABLES;

--
-- Table structure for table `certificado`
--

DROP TABLE IF EXISTS `certificado`;
/*!40101 SET @saved_cs_client     = @@character_set_client */;
/*!50503 SET character_set_client = utf8mb4 */;
CREATE TABLE `certificado` (
  `ID_Ceritificado` bigint(20) NOT NULL,
  `Data` date NOT NULL,
  `evento` varchar(200) DEFAULT NULL,
  `CPF` bigint(20) DEFAULT NULL,
  PRIMARY KEY (`ID_Ceritificado`),
  UNIQUE KEY `ID_Certificado_IND` (`ID_Ceritificado`),
  KEY `FKRecebe_IND` (`CPF`),
  CONSTRAINT `FKRecebe_FK` FOREIGN KEY (`CPF`) REFERENCES `pessoa` (`CPF`),
  CONSTRAINT `REF_Certf_Pessoa_FK` FOREIGN KEY (`CPF`) REFERENCES `pessoa` (`CPF`)
) ENGINE=InnoDB DEFAULT CHARSET=utf8mb4 COLLATE=utf8mb4_0900_ai_ci;
/*!40101 SET character_set_client = @saved_cs_client */;

--
-- Dumping data for table `certificado`
--

LOCK TABLES `certificado` WRITE;
/*!40000 ALTER TABLE `certificado` DISABLE KEYS */;
INSERT INTO `certificado` VALUES (1,'2019-08-10','Aprendendo a desenvolver websites',15514957756),(2,'2019-08-10','Aprendendo a desenvolver websites',53260023615),(3,'2019-08-10','Aprendendo a desenvolver websites',60023773600),(4,'2019-03-20','Criando o seu prprio jardim',53260023615),(5,'2019-03-20','Criando o seu prprio jardim',60023773600),(6,'2019-03-20','Criando o seu prprio jardim',97416461006),(7,'2019-07-12','Como fazer sushi',32571586610),(8,'2019-07-12','Como fazer sushi',53260023615),(9,'2019-07-12','Como fazer sushi',97416461006),(10,'2019-10-30','Entendendo a bolsa de valores em 5 passos',25631281619),(11,'2019-10-30','Entendendo a bolsa de valores em 5 passos',32571586610),(12,'2019-10-30','Entendendo a bolsa de valores em 5 passos',97416461006),(13,'2019-09-18','Mudando o mindset',25631281619),(14,'2019-09-18','Mudando o mindset',32571586610),(15,'2019-09-18','Mudando o mindset',76880861083),(16,'2019-12-18','Workshop de violo',25631281619),(17,'2019-12-18','Workshop de violo',48775807351),(18,'2019-12-18','Workshop de violo',76880861083),(19,'2019-05-01','Workshop de Matemtica',76880861083),(20,'2019-05-01','Workshop de Matemtica',20482380500),(21,'2019-05-01','Workshop de Matemtica',48775807351),(22,'2019-10-29','Workshop de investimento',14429552797),(23,'2019-10-29','Workshop de investimento',20482380500),(24,'2019-10-29','Workshop de investimento',48775807351),(25,'2019-07-13','Workshop de culinria arbe',14429552797),(26,'2019-07-13','Workshop de culinria arbe',20482380500),(27,'2019-07-13','Workshop de culinria arbe',50847006409),(28,'2019-12-18','Workshop de dana',14429552797),(29,'2019-12-18','Workshop de dana',50847006409),(30,'2019-12-18','Workshop de dana',93204873676),(31,'2019-05-01','Organizar a Olimpiada de Matemtica',10089321162),(32,'2019-05-01','Organizar a Olimpiada de Matemtica',50847006409),(33,'2019-05-01','Organizar a Olimpiada de Matemtica',93204873676),(34,'2019-03-01','Organizar a Olimpiada de Biologia',10089321162),(35,'2019-03-01','Organizar a Olimpiada de Biologia',79580496412),(36,'2019-03-01','Organizar a Olimpiada de Biologia',93204873676),(37,'2019-08-01','Organizar a Olimpiada de Computao',10089321162),(38,'2019-08-01','Organizar a Olimpiada de Computao',72360474812),(39,'2019-08-01','Organizar a Olimpiada de Computao',79580496412),(40,'2019-07-01','Discutir quais pratos cozinhar',72360474812),(41,'2019-07-01','Discutir quais pratos cozinhar',79580496412),(42,'2019-07-01','Discutir quais pratos cozinhar',97657457376),(43,'2019-12-01','Discutir quais eventos artsticos apresentar',4657782754),(44,'2019-12-01','Discutir quais eventos artsticos apresentar',72360474812),(45,'2019-12-01','Discutir quais eventos artsticos apresentar',97657457376),(46,'2019-07-20','Reduzir a fome',4657782754),(47,'2019-07-20','Reduzir a fome',97657457376),(48,'2019-07-20','Reduzir a fome',98216250290),(49,'2019-03-27','Plantar rvores',4657782754),(50,'2019-03-27','Plantar rvores',56706009083),(51,'2019-03-27','Plantar rvores',98216250290),(52,'2019-08-06','Incluso tecnolgica',56706009083),(53,'2019-08-06','Incluso tecnolgica',70193238209),(54,'2019-08-06','Incluso tecnolgica',98216250290),(55,'2019-12-22','Lazer para todos',51782730281),(56,'2019-12-22','Lazer para todos',56706009083),(57,'2019-12-22','Lazer para todos',70193238209),(58,'2019-10-24','Ensinando a economizar',10426777948),(59,'2019-10-24','Ensinando a economizar',51782730281),(60,'2019-10-24','Ensinando a economizar',70193238209),(61,'2019-08-12','Hackathon sobre segurana dos dados',10426777948),(62,'2019-08-12','Hackathon sobre segurana dos dados',15514957756),(63,'2019-08-12','Hackathon sobre segurana dos dados',51782730281),(64,'2019-12-15','Batalha de dana',10426777948),(65,'2019-12-15','Batalha de dana',15514957756),(66,'2019-12-15','Batalha de dana',60023773600),(67,'2019-07-12','Show das bandas',15514957756),(68,'2019-07-12','Show das bandas',53260023615),(69,'2019-07-12','Show das bandas',60023773600),(70,'2019-05-10','Desafio culinrio',53260023615),(71,'2019-05-10','Desafio culinrio',60023773600),(72,'2019-05-10','Desafio culinrio',97416461006),(73,'2019-10-18','Calculadora humana',32571586610),(74,'2019-10-18','Calculadora humana',53260023615),(75,'2019-10-18','Calculadora humana',97416461006),(76,'2019-08-11','Investimento: Sorte ou Anlise?',25631281619),(77,'2019-08-11','Investimento: Sorte ou Anlise?',32571586610),(78,'2019-08-11','Investimento: Sorte ou Anlise?',97416461006),(79,'2019-03-17','Uso de inteligncia artificial para nunca mais ter que trabalhar',25631281619),(80,'2019-03-17','Uso de inteligncia artificial para nunca mais ter que trabalhar',32571586610),(81,'2019-03-17','Uso de inteligncia artificial para nunca mais ter que trabalhar',76880861083),(82,'2019-05-04','Criando clones',25631281619),(83,'2019-05-04','Criando clones',48775807351),(84,'2019-05-04','Criando clones',76880861083),(85,'2019-05-04','O nmero depois do infinito',20482380500),(86,'2019-05-04','O nmero depois do infinito',48775807351),(87,'2019-05-04','O nmero depois do infinito',76880861083),(88,'2019-09-14','Modificao quantica',14429552797),(89,'2019-09-14','Modificao quantica',20482380500),(90,'2019-09-14','Modificao quantica',48775807351),(91,'2019-08-19','O que  Machine Learning',14429552797),(92,'2019-08-19','O que  Machine Learning',20482380500),(93,'2019-08-19','O que  Machine Learning',50847006409),(94,'2019-03-24','Explicando o aquecimento global',14429552797),(95,'2019-03-24','Explicando o aquecimento global',50847006409),(96,'2019-03-24','Explicando o aquecimento global',78655763748),(97,'2019-12-29','O poder da diversidade',50847006409),(98,'2019-12-29','O poder da diversidade',78655763748),(99,'2019-12-29','O poder da diversidade',93204873676),(100,'2019-07-24','Culinria e suas infinidades',15514957756),(101,'2019-07-24','Culinria e suas infinidades',78655763748),(102,'2019-07-24','Culinria e suas infinidades',93204873676),(103,'2019-10-25','Dinheiro = felicidade?',15514957756),(104,'2019-10-25','Dinheiro = felicidade?',60023773600),(105,'2019-10-25','Dinheiro = felicidade?',93204873676);
/*!40000 ALTER TABLE `certificado` ENABLE KEYS */;
UNLOCK TABLES;

--
-- Table structure for table `concurso`
--

DROP TABLE IF EXISTS `concurso`;
/*!40101 SET @saved_cs_client     = @@character_set_client */;
/*!50503 SET character_set_client = utf8mb4 */;
CREATE TABLE `concurso` (
  `ID_Atividade` int(11) NOT NULL,
  `tema` varchar(200) DEFAULT NULL,
  `juizes` varchar(200) DEFAULT NULL,
  `regras` varchar(200) DEFAULT NULL,
  `premiacao` varchar(200) DEFAULT NULL,
  PRIMARY KEY (`ID_Atividade`),
  UNIQUE KEY `FKAti_Con_IND` (`ID_Atividade`),
  UNIQUE KEY `ID_Conc_Atvd_IND` (`ID_Atividade`),
  CONSTRAINT `FKAti_Con_FK` FOREIGN KEY (`ID_Atividade`) REFERENCES `atividade` (`ID_Atividade`),
  CONSTRAINT `ID_Conc_Atvd_FK` FOREIGN KEY (`ID_Atividade`) REFERENCES `atividade` (`ID_Atividade`)
) ENGINE=InnoDB DEFAULT CHARSET=utf8mb4 COLLATE=utf8mb4_0900_ai_ci;
/*!40101 SET character_set_client = @saved_cs_client */;

--
-- Dumping data for table `concurso`
--

LOCK TABLES `concurso` WRITE;
/*!40000 ALTER TABLE `concurso` DISABLE KEYS */;
INSERT INTO `concurso` VALUES (21,'Hackathon sobre segurana dos dados','Aline','No pode plagiar ideias','Notebook'),(22,'Batalha de dana','Caio','A competio  individual','Caixa de som'),(23,'Show das bandas','Julia','Banda deve estar completa para apresentao','Gravao de um disco'),(24,'Desafio culinrio','Leticia','Os pratos devem ser feito em no mximo 2 horas','Fogo'),(25,'Calculadora humana','Gerson','No pode receber auxlio de qualquer pessoa ou tecnologia','Classificao para o campeonato internacional');
/*!40000 ALTER TABLE `concurso` ENABLE KEYS */;
UNLOCK TABLES;

--
-- Table structure for table `cupom`
--

DROP TABLE IF EXISTS `cupom`;
/*!40101 SET @saved_cs_client     = @@character_set_client */;
/*!50503 SET character_set_client = utf8mb4 */;
CREATE TABLE `cupom` (
  `id_cupom` int(20) NOT NULL,
  `CPF` bigint(20) NOT NULL,
  `CNPJ_Loja` bigint(20) NOT NULL,
  PRIMARY KEY (`id_cupom`),
  UNIQUE KEY `ID_Cupom_IND` (`id_cupom`),
  KEY `FKDa_IND` (`CNPJ_Loja`),
  KEY `FKGanha_IND` (`CPF`),
  CONSTRAINT `FKDa_FK` FOREIGN KEY (`CNPJ_Loja`) REFERENCES `loja` (`CNPJ_Loja`),
  CONSTRAINT `FKGanha_FK` FOREIGN KEY (`CPF`) REFERENCES `pessoa` (`CPF`)
) ENGINE=InnoDB DEFAULT CHARSET=utf8mb4 COLLATE=utf8mb4_0900_ai_ci;
/*!40101 SET character_set_client = @saved_cs_client */;

--
-- Dumping data for table `cupom`
--

LOCK TABLES `cupom` WRITE;
/*!40000 ALTER TABLE `cupom` DISABLE KEYS */;
INSERT INTO `cupom` VALUES (1,15514957756,59055965000124),(2,60023773600,59055965000124),(3,53260023615,31513697000128),(4,97416461006,31513697000128),(5,32571586610,80000025000124),(6,25631281619,80000025000124),(7,76880861083,34544011000154),(8,48775807351,34544011000154),(9,20482380500,68812697000139),(10,14429552797,68812697000139);
/*!40000 ALTER TABLE `cupom` ENABLE KEYS */;
UNLOCK TABLES;

--
-- Table structure for table `despesa`
--

DROP TABLE IF EXISTS `despesa`;
/*!40101 SET @saved_cs_client     = @@character_set_client */;
/*!50503 SET character_set_client = utf8mb4 */;
CREATE TABLE `despesa` (
  `Nota_servico` bigint(20) NOT NULL,
  `ID_Evento` char(20) NOT NULL,
  `Reserva_Hospedagem` char(1) NOT NULL,
  `Nota_Locacao` bigint(20) NOT NULL,
  `Nota_compra` bigint(20) NOT NULL,
  `No_Ticket` char(1) NOT NULL,
  PRIMARY KEY (`Nota_compra`,`Nota_servico`,`Nota_Locacao`,`No_Ticket`,`ID_Evento`,`Reserva_Hospedagem`),
  UNIQUE KEY `ID_Despesa_IND` (`Nota_compra`,`Nota_servico`,`Nota_Locacao`,`No_Ticket`,`ID_Evento`,`Reserva_Hospedagem`),
  KEY `FKDes_Pas_IND` (`No_Ticket`),
  KEY `FKDes_Loc_IND` (`Nota_Locacao`),
  KEY `FKDes_Hos_IND` (`Reserva_Hospedagem`),
  KEY `FKDes_Eve_IND` (`ID_Evento`),
  KEY `FKDes_Ali_IND` (`Nota_servico`),
  CONSTRAINT `EQU_Despe_Alment_FK` FOREIGN KEY (`Nota_servico`) REFERENCES `alimento` (`Nota_servico`),
  CONSTRAINT `EQU_Despe_Evnt_FK` FOREIGN KEY (`ID_Evento`) REFERENCES `evento` (`ID_Evento`),
  CONSTRAINT `EQU_Despe_Locacao_FK` FOREIGN KEY (`Nota_Locacao`) REFERENCES `locacao` (`Nota_Locacao`),
  CONSTRAINT `EQU_Despe_MtrlEscrt` FOREIGN KEY (`Nota_compra`) REFERENCES `material_escritorio` (`Nota_compra`),
  CONSTRAINT `FKDes_Ali_FK` FOREIGN KEY (`Nota_servico`) REFERENCES `alimento` (`Nota_servico`),
  CONSTRAINT `FKDes_Eve_FK` FOREIGN KEY (`ID_Evento`) REFERENCES `evento` (`ID_Evento`),
  CONSTRAINT `FKDes_Hos_FK` FOREIGN KEY (`Reserva_Hospedagem`) REFERENCES `hospedagem` (`Reserva_Hospedagem`),
  CONSTRAINT `FKDes_Loc_FK` FOREIGN KEY (`Nota_Locacao`) REFERENCES `locacao` (`Nota_Locacao`),
  CONSTRAINT `FKDes_Mat` FOREIGN KEY (`Nota_compra`) REFERENCES `material_escritorio` (`Nota_compra`),
  CONSTRAINT `FKDes_Pas_FK` FOREIGN KEY (`No_Ticket`) REFERENCES `passagem_aviao` (`No_Ticket`),
  CONSTRAINT `REF_Despe_Hospdg_FK` FOREIGN KEY (`Reserva_Hospedagem`) REFERENCES `hospedagem` (`Reserva_Hospedagem`),
  CONSTRAINT `REF_Despe_PasAviao_FK` FOREIGN KEY (`No_Ticket`) REFERENCES `passagem_aviao` (`No_Ticket`)
) ENGINE=InnoDB DEFAULT CHARSET=utf8mb4 COLLATE=utf8mb4_0900_ai_ci;
/*!40101 SET character_set_client = @saved_cs_client */;

--
-- Dumping data for table `despesa`
--

LOCK TABLES `despesa` WRITE;
/*!40000 ALTER TABLE `despesa` DISABLE KEYS */;
INSERT INTO `despesa` VALUES (1,'4','1',29,1,'1'),(2,'2','2',17,2,'2'),(3,'7','3',31,3,'3'),(4,'4','4',32,4,'4'),(5,'6','5',24,5,'5');
/*!40000 ALTER TABLE `despesa` ENABLE KEYS */;
UNLOCK TABLES;

--
-- Table structure for table `divulga`
--

DROP TABLE IF EXISTS `divulga`;
/*!40101 SET @saved_cs_client     = @@character_set_client */;
/*!50503 SET character_set_client = utf8mb4 */;
CREATE TABLE `divulga` (
  `ID_Atividade` int(11) NOT NULL,
  `URL_pagina` char(50) NOT NULL,
  PRIMARY KEY (`ID_Atividade`,`URL_pagina`),
  UNIQUE KEY `ID_Divulga_IND` (`ID_Atividade`,`URL_pagina`),
  KEY `FKDiv_Red_IND` (`URL_pagina`),
  CONSTRAINT `FKDiv_Ati` FOREIGN KEY (`ID_Atividade`) REFERENCES `atividade` (`ID_Atividade`),
  CONSTRAINT `FKDiv_Red_FK` FOREIGN KEY (`URL_pagina`) REFERENCES `redes_sociais` (`URL_pagina`)
) ENGINE=InnoDB DEFAULT CHARSET=utf8mb4 COLLATE=utf8mb4_0900_ai_ci;
/*!40101 SET character_set_client = @saved_cs_client */;

--
-- Dumping data for table `divulga`
--

LOCK TABLES `divulga` WRITE;
/*!40000 ALTER TABLE `divulga` DISABLE KEYS */;
INSERT INTO `divulga` VALUES (18,'www.feicebuqui.com/Associao_dos_profissionais'),(2,'www.feicebuqui.com/Conselho_da_Biologia'),(12,'www.feicebuqui.com/Conselho_da_Biologia'),(17,'www.feicebuqui.com/Conselho_da_Biologia'),(4,'www.feicebuqui.com/Conselho_econmico'),(8,'www.feicebuqui.com/Conselho_econmico'),(20,'www.feicebuqui.com/Conselho_econmico'),(35,'www.feicebuqui.com/Conselho_econmico'),(34,'www.feicebuqui.com/Myxr'),(31,'www.feicebuqui.com/Sentri'),(6,'www.feicebuqui.com/Sindicato_artistico'),(10,'www.feicebuqui.com/Sindicato_artistico'),(15,'www.feicebuqui.com/Sindicato_artistico'),(19,'www.feicebuqui.com/Sindicato_artistico'),(22,'www.feicebuqui.com/Sindicato_artistico'),(23,'www.feicebuqui.com/Sindicato_artistico'),(5,'www.feicebuqui.com/Sindicato_dos_psiclogos'),(7,'www.feicebuqui.com/Uniesquina'),(11,'www.feicebuqui.com/Uniesquina'),(25,'www.feicebuqui.com/Uniesquina'),(33,'www.feicebuqui.com/Uniesquina'),(1,'www.feicebuqui.com/Universidade_SCG'),(13,'www.feicebuqui.com/Universidade_SCG'),(21,'www.feicebuqui.com/Universidade_SCG'),(32,'www.feicebuqui.com/Universidade_SCG');
/*!40000 ALTER TABLE `divulga` ENABLE KEYS */;
UNLOCK TABLES;

--
-- Table structure for table `entidade`
--

DROP TABLE IF EXISTS `entidade`;
/*!40101 SET @saved_cs_client     = @@character_set_client */;
/*!50503 SET character_set_client = utf8mb4 */;
CREATE TABLE `entidade` (
  `ID_Entidade` int(11) NOT NULL,
  `CPF` bigint(20) NOT NULL,
  `cnpj` bigint(20) DEFAULT NULL,
  `nome` varchar(200) DEFAULT NULL,
  `Endereco` char(50) NOT NULL,
  `Tip_Universidade` char(1) NOT NULL,
  `Tip_Empresa` char(1) NOT NULL,
  `Tip_Conselho` char(1) NOT NULL,
  `Tip_Associacao` char(1) NOT NULL,
  `Tip_Sindicato` char(1) NOT NULL,
  PRIMARY KEY (`ID_Entidade`),
  UNIQUE KEY `FKResponsavel_ID` (`CPF`),
  UNIQUE KEY `ID_Entidade_IND` (`ID_Entidade`),
  UNIQUE KEY `FKResponsavel_IND` (`CPF`),
  UNIQUE KEY `SID_Ent_Pessoa_IND` (`CPF`),
  CONSTRAINT `FKResponsavel_FK` FOREIGN KEY (`CPF`) REFERENCES `pessoa` (`CPF`)
) ENGINE=InnoDB DEFAULT CHARSET=utf8mb4 COLLATE=utf8mb4_0900_ai_ci;
/*!40101 SET character_set_client = @saved_cs_client */;

--
-- Dumping data for table `entidade`
--

LOCK TABLES `entidade` WRITE;
/*!40000 ALTER TABLE `entidade` DISABLE KEYS */;
INSERT INTO `entidade` VALUES (1,10089321162,34246898000102,'Universidade SCG','79776 Chelsea Crescent','1','0','0','0','0'),(2,79580496412,47092217000132,'Uniesquina','48680 Garnet Ferry','1','0','0','0','0'),(3,72360474812,17690757000157,'Sentri','574 Schulist Throughway','0','1','0','0','0'),(4,97657457376,12311029000173,'Myxr','3505 Asha Island','0','1','0','0','0'),(5,4657782754,11508702000105,'Conselho da Biologia','624 Franecki Crossroad','0','0','1','0','0'),(6,98216250290,3320986000175,'Conselho econmico','987 Vella Knoll','0','0','1','0','0'),(7,56706009083,29196748000193,'Associao dos profissionais','7150 Torp Mission','0','0','0','1','0'),(8,70193238209,2677645000199,'Associao dos estudantes','8272 Connell Plaza','0','0','0','1','0'),(9,51782730281,69115881000192,'Sindicato dos psiclogos','90399 Goyette Corner','0','0','0','0','1'),(10,10426777948,50766198000197,'Sindicato artistico','908 Corkery Light','0','0','0','0','1');
/*!40000 ALTER TABLE `entidade` ENABLE KEYS */;
UNLOCK TABLES;

--
-- Table structure for table `equipamento`
--

DROP TABLE IF EXISTS `equipamento`;
/*!40101 SET @saved_cs_client     = @@character_set_client */;
/*!50503 SET character_set_client = utf8mb4 */;
CREATE TABLE `equipamento` (
  `No_Ativo` int(11) NOT NULL,
  `tipo_equipamento` varchar(200) DEFAULT NULL,
  `Data_Compra` date NOT NULL,
  `Valor` int(11) NOT NULL,
  `ID_Sala` char(1) NOT NULL,
  `CNPJ_Local` bigint(20) NOT NULL,
  PRIMARY KEY (`No_Ativo`),
  UNIQUE KEY `ID_Equipamento_IND` (`No_Ativo`),
  KEY `FKEquipado_com_IND` (`CNPJ_Local`),
  CONSTRAINT `EQU_Equip_Local_FK` FOREIGN KEY (`CNPJ_Local`) REFERENCES `local` (`CNPJ_Local`),
  CONSTRAINT `FKEquipado_com_FK` FOREIGN KEY (`CNPJ_Local`) REFERENCES `local` (`CNPJ_Local`)
) ENGINE=InnoDB DEFAULT CHARSET=utf8mb4 COLLATE=utf8mb4_0900_ai_ci;
/*!40101 SET character_set_client = @saved_cs_client */;

--
-- Dumping data for table `equipamento`
--

LOCK TABLES `equipamento` WRITE;
/*!40000 ALTER TABLE `equipamento` DISABLE KEYS */;
INSERT INTO `equipamento` VALUES (1,'Projetor','2010-08-29',1000,'1',93152678000170),(2,'Lousa','2012-01-10',100,'1',49423741000174),(3,'Microfone e equipamento de som','2000-05-15',10000,'2',10175464000192),(4,'Palco','1999-12-09',2000,'3',80599449000157),(5,'Televisores','2016-02-17',500,'2',57109101713800);
/*!40000 ALTER TABLE `equipamento` ENABLE KEYS */;
UNLOCK TABLES;

--
-- Table structure for table `evento`
--

DROP TABLE IF EXISTS `evento`;
/*!40101 SET @saved_cs_client     = @@character_set_client */;
/*!50503 SET character_set_client = utf8mb4 */;
CREATE TABLE `evento` (
  `ID_Evento` char(20) NOT NULL,
  `nome_evento` char(200) DEFAULT NULL,
  `Edicao` int(11) NOT NULL,
  `Tema` char(20) NOT NULL,
  PRIMARY KEY (`ID_Evento`),
  UNIQUE KEY `ID_Evento_IND` (`ID_Evento`)
) ENGINE=InnoDB DEFAULT CHARSET=utf8mb4 COLLATE=utf8mb4_0900_ai_ci;
/*!40101 SET character_set_client = @saved_cs_client */;

--
-- Dumping data for table `evento`
--

LOCK TABLES `evento` WRITE;
/*!40000 ALTER TABLE `evento` DISABLE KEYS */;
INSERT INTO `evento` VALUES ('1','Feira da tecnologia',12,'Computao'),('2','Semana da vida',5,'Biologia'),('3','Matemgica',30,'Matemtica'),('4','Culinria para todos',2,'Gastronomia'),('5','Entrando na sua mente',1,'Psicologia'),('6','Enriquecendo',15,'Economia'),('7','Festival do lazer',20,'Artes e Cultura');
/*!40000 ALTER TABLE `evento` ENABLE KEYS */;
UNLOCK TABLES;

--
-- Table structure for table `hospedagem`
--

DROP TABLE IF EXISTS `hospedagem`;
/*!40101 SET @saved_cs_client     = @@character_set_client */;
/*!50503 SET character_set_client = utf8mb4 */;
CREATE TABLE `hospedagem` (
  `Reserva_Hospedagem` char(1) NOT NULL,
  `Data` date NOT NULL,
  `Valor` decimal(8,2) NOT NULL,
  PRIMARY KEY (`Reserva_Hospedagem`),
  UNIQUE KEY `ID_Hospedagem_IND` (`Reserva_Hospedagem`)
) ENGINE=InnoDB DEFAULT CHARSET=utf8mb4 COLLATE=utf8mb4_0900_ai_ci;
/*!40101 SET character_set_client = @saved_cs_client */;

--
-- Dumping data for table `hospedagem`
--

LOCK TABLES `hospedagem` WRITE;
/*!40000 ALTER TABLE `hospedagem` DISABLE KEYS */;
INSERT INTO `hospedagem` VALUES ('1','2019-08-18',100.00),('2','2019-03-23',50.00),('3','2019-12-28',150.00),('4','2019-07-23',200.00),('5','2019-10-24',70.00);
/*!40000 ALTER TABLE `hospedagem` ENABLE KEYS */;
UNLOCK TABLES;

--
-- Table structure for table `locacao`
--

DROP TABLE IF EXISTS `locacao`;
/*!40101 SET @saved_cs_client     = @@character_set_client */;
/*!50503 SET character_set_client = utf8mb4 */;
CREATE TABLE `locacao` (
  `Nota_Locacao` bigint(20) NOT NULL,
  `CNPJ_Local` bigint(20) NOT NULL,
  `VALOR` int(200) DEFAULT NULL,
  `Data` date NOT NULL,
  PRIMARY KEY (`Nota_Locacao`),
  UNIQUE KEY `ID_Locacao_IND` (`Nota_Locacao`)
) ENGINE=InnoDB DEFAULT CHARSET=utf8mb4 COLLATE=utf8mb4_0900_ai_ci;
/*!40101 SET character_set_client = @saved_cs_client */;

--
-- Dumping data for table `locacao`
--

LOCK TABLES `locacao` WRITE;
/*!40000 ALTER TABLE `locacao` DISABLE KEYS */;
INSERT INTO `locacao` VALUES (1,10175464000192,5000,'2019-12-18'),(2,10175464000192,7500,'2019-12-15'),(3,10175464000192,5000,'2019-07-12'),(4,49423741000174,2000,'2019-08-10'),(5,49423741000174,2000,'2019-12-18'),(6,49423741000174,4000,'2019-05-01'),(7,49423741000174,2000,'2019-10-29'),(8,49423741000174,2500,'2019-03-01'),(9,49423741000174,2000,'2019-08-01'),(10,49423741000174,2000,'2019-07-01'),(11,49423741000174,2000,'2019-12-01'),(12,49423741000174,2000,'2019-05-10'),(13,57109101713800,1000,'2019-07-12'),(14,57109101713800,1000,'2019-07-13'),(15,57109101713800,1000,'2019-08-06'),(16,57109101713800,1000,'2019-08-12'),(17,80599449000157,10000,'2019-03-20'),(18,80599449000157,10000,'2019-03-27'),(19,80599449000157,10000,'2019-12-22'),(20,93152678000170,3000,'2019-10-30'),(21,93152678000170,3000,'2019-09-18'),(22,93152678000170,3000,'2019-07-20'),(23,93152678000170,3000,'2019-10-24'),(24,93152678000170,3000,'2019-10-18'),(25,93152678000170,3000,'2019-08-11'),(26,93152678000170,3000,'2019-03-17'),(27,93152678000170,3000,'2019-05-04'),(28,93152678000170,3000,'2019-09-14'),(29,93152678000170,3000,'2019-08-19'),(30,93152678000170,3000,'2019-03-24'),(31,93152678000170,3000,'2019-12-29'),(32,93152678000170,3000,'2019-07-24'),(33,93152678000170,3000,'2019-10-25');
/*!40000 ALTER TABLE `locacao` ENABLE KEYS */;
UNLOCK TABLES;

--
-- Table structure for table `local`
--

DROP TABLE IF EXISTS `local`;
/*!40101 SET @saved_cs_client     = @@character_set_client */;
/*!50503 SET character_set_client = utf8mb4 */;
CREATE TABLE `local` (
  `CNPJ_Local` bigint(20) NOT NULL,
  `endereco` varchar(200) DEFAULT NULL,
  `nome` varchar(200) DEFAULT NULL,
  `Andar` int(11) NOT NULL,
  `Sala_Reuniao` bigint(20) DEFAULT NULL,
  `Auditorio` bigint(20) DEFAULT NULL,
  PRIMARY KEY (`CNPJ_Local`),
  UNIQUE KEY `ID_Local_IND` (`CNPJ_Local`),
  CONSTRAINT `EXTONE_Local` CHECK ((((`Sala_Reuniao` is not null) and (`Auditorio` is null)) or ((`Sala_Reuniao` is null) and (`Auditorio` is not null))))
) ENGINE=InnoDB DEFAULT CHARSET=utf8mb4 COLLATE=utf8mb4_0900_ai_ci;
/*!40101 SET character_set_client = @saved_cs_client */;

--
-- Dumping data for table `local`
--

LOCK TABLES `local` WRITE;
/*!40000 ALTER TABLE `local` DISABLE KEYS */;
INSERT INTO `local` VALUES (10175464000192,'352 Sonya Center','Arena Big',0,NULL,1),(49423741000174,'87750 Dusty Forest','Coworking Space',5,1,NULL),(57109101713800,'13405 Marquardt Point','Town Hall',2,1,NULL),(80599449000157,'5029 Schuster Extensions','Parque Verde',0,NULL,1),(93152678000170,'2860 Pfannerstill Islands','Anfiteatro',0,NULL,1);
/*!40000 ALTER TABLE `local` ENABLE KEYS */;
UNLOCK TABLES;

--
-- Table structure for table `loja`
--

DROP TABLE IF EXISTS `loja`;
/*!40101 SET @saved_cs_client     = @@character_set_client */;
/*!50503 SET character_set_client = utf8mb4 */;
CREATE TABLE `loja` (
  `CNPJ_Loja` bigint(20) NOT NULL,
  `Nome_Loja` char(20) NOT NULL,
  `Atuacao` char(10) NOT NULL,
  PRIMARY KEY (`CNPJ_Loja`),
  UNIQUE KEY `ID_Loja_IND` (`CNPJ_Loja`)
) ENGINE=InnoDB DEFAULT CHARSET=utf8mb4 COLLATE=utf8mb4_0900_ai_ci;
/*!40101 SET character_set_client = @saved_cs_client */;

--
-- Dumping data for table `loja`
--

LOCK TABLES `loja` WRITE;
/*!40000 ALTER TABLE `loja` DISABLE KEYS */;
INSERT INTO `loja` VALUES (31513697000128,'Tstore','Souvenirs'),(34544011000154,'Storela','Papelaria'),(59055965000124,'Spack','Livros'),(68812697000139,'Chare','Comida'),(80000025000124,'Decore','Roupas');
/*!40000 ALTER TABLE `loja` ENABLE KEYS */;
UNLOCK TABLES;

--
-- Table structure for table `lucro`
--

DROP TABLE IF EXISTS `lucro`;
/*!40101 SET @saved_cs_client     = @@character_set_client */;
/*!50503 SET character_set_client = utf8mb4 */;
CREATE TABLE `lucro` (
  `ID_Inscricao` bigint(20) NOT NULL,
  `ID_Patrocinio` char(1) NOT NULL,
  `ID_Evento` char(20) NOT NULL,
  UNIQUE KEY `FKLuc_Tax_IND` (`ID_Inscricao`),
  UNIQUE KEY `ID_Lucro_TaxInsc_IND` (`ID_Inscricao`),
  KEY `FKLuc_Eve_IND` (`ID_Evento`),
  KEY `EQU_Lucro_Evnt_IND` (`ID_Evento`),
  CONSTRAINT `EQU_Lucro_Evnt_FK` FOREIGN KEY (`ID_Evento`) REFERENCES `evento` (`ID_Evento`),
  CONSTRAINT `ID_Lucro_TaxInsc_FK` FOREIGN KEY (`ID_Inscricao`) REFERENCES `taxa_inscricao` (`ID_Inscricao`)
) ENGINE=InnoDB DEFAULT CHARSET=utf8mb4 COLLATE=utf8mb4_0900_ai_ci;
/*!40101 SET character_set_client = @saved_cs_client */;

--
-- Dumping data for table `lucro`
--

LOCK TABLES `lucro` WRITE;
/*!40000 ALTER TABLE `lucro` DISABLE KEYS */;
INSERT INTO `lucro` VALUES (1,'1','1'),(2,'2','2'),(3,'3','3'),(4,'4','1'),(5,'5','2'),(6,'6','4'),(7,'1','2'),(8,'2','3'),(9,'3','4'),(10,'4','6'),(11,'5','7'),(12,'6','1'),(13,'1','2'),(14,'2','4'),(15,'3','5'),(16,'4','6'),(17,'5','7'),(18,'6','2'),(19,'1','3'),(20,'2','4'),(21,'3','5'),(22,'4','6'),(23,'5','7'),(24,'6','1'),(25,'1','2'),(26,'2','3'),(27,'3','4'),(28,'4','5'),(29,'5','6'),(30,'6','7'),(31,'1','1'),(32,'3','2'),(33,'4','3'),(34,'5','4'),(35,'6','5'),(36,'1','6'),(37,'2','7'),(38,'3','1'),(39,'4','2'),(40,'5','3'),(41,'6','4'),(42,'1','5'),(43,'2','6'),(44,'3','7'),(45,'4','1'),(46,'5','2'),(47,'6','3'),(48,'1','4'),(49,'2','5'),(50,'3','6'),(51,'4','7'),(52,'5','1'),(53,'6','2'),(54,'1','3'),(55,'2','4'),(56,'3','5'),(57,'4','6'),(58,'5','7'),(59,'6','1'),(60,'1','2'),(61,'2','3'),(62,'3','4'),(63,'4','5'),(64,'5','6'),(65,'6','7'),(66,'1','1'),(67,'2','2'),(68,'3','3'),(69,'4','4'),(70,'5','5'),(71,'6','6'),(72,'1','6'),(73,'2','1'),(74,'3','2'),(75,'4','3'),(76,'5','4'),(77,'6','5'),(78,'1','6'),(79,'2','7'),(80,'3','1'),(81,'4','2'),(82,'5','3'),(83,'6','4'),(84,'1','5'),(85,'2','6'),(86,'3','7'),(87,'4','1'),(88,'5','2'),(89,'6','3'),(90,'1','4'),(91,'2','5'),(92,'3','6'),(93,'4','7'),(94,'5','1'),(95,'6','2'),(96,'1','3'),(97,'2','4'),(98,'3','5'),(99,'4','6'),(100,'5','7'),(101,'6','1'),(102,'1','2'),(103,'2','3'),(104,'3','4'),(105,'4','5'),(106,'5','6');
/*!40000 ALTER TABLE `lucro` ENABLE KEYS */;
UNLOCK TABLES;

--
-- Table structure for table `material_escritorio`
--

DROP TABLE IF EXISTS `material_escritorio`;
/*!40101 SET @saved_cs_client     = @@character_set_client */;
/*!50503 SET character_set_client = utf8mb4 */;
CREATE TABLE `material_escritorio` (
  `Nota_compra` bigint(20) NOT NULL,
  `valor` decimal(5,2) NOT NULL,
  `tipos_material` char(15) NOT NULL,
  `Quantidade` int(11) NOT NULL,
  PRIMARY KEY (`Nota_compra`),
  UNIQUE KEY `ID_Material_Escritorio_IND` (`Nota_compra`)
) ENGINE=InnoDB DEFAULT CHARSET=utf8mb4 COLLATE=utf8mb4_0900_ai_ci;
/*!40101 SET character_set_client = @saved_cs_client */;

--
-- Dumping data for table `material_escritorio`
--

LOCK TABLES `material_escritorio` WRITE;
/*!40000 ALTER TABLE `material_escritorio` DISABLE KEYS */;
INSERT INTO `material_escritorio` VALUES (1,100.00,'Caneta',100),(2,300.00,'Papel',150),(3,50.00,'Lpis',50),(4,100.00,'Borracha',50),(5,90.00,'grampeador',3);
/*!40000 ALTER TABLE `material_escritorio` ENABLE KEYS */;
UNLOCK TABLES;

--
-- Table structure for table `notas_recibos`
--

DROP TABLE IF EXISTS `notas_recibos`;
/*!40101 SET @saved_cs_client     = @@character_set_client */;
/*!50503 SET character_set_client = utf8mb4 */;
CREATE TABLE `notas_recibos` (
  `id_pagamento` bigint(20) NOT NULL,
  `ID_Inscricao` bigint(20) NOT NULL,
  `Data` date NOT NULL,
  `CPF_Pagante` bigint(20) NOT NULL,
  `Valor` decimal(5,2) NOT NULL,
  PRIMARY KEY (`id_pagamento`),
  UNIQUE KEY `FKEmite_ID` (`ID_Inscricao`),
  UNIQUE KEY `ID_Notas_Recibos_IND` (`id_pagamento`),
  UNIQUE KEY `FKEmite_IND` (`ID_Inscricao`),
  UNIQUE KEY `SID_NotaRec_TaxInsc_IND` (`ID_Inscricao`),
  CONSTRAINT `FKEmite_FK` FOREIGN KEY (`ID_Inscricao`) REFERENCES `taxa_inscricao` (`ID_Inscricao`),
  CONSTRAINT `SID_NotaRec_TaxInsc_FK` FOREIGN KEY (`ID_Inscricao`) REFERENCES `taxa_inscricao` (`ID_Inscricao`)
) ENGINE=InnoDB DEFAULT CHARSET=utf8mb4 COLLATE=utf8mb4_0900_ai_ci;
/*!40101 SET character_set_client = @saved_cs_client */;

--
-- Dumping data for table `notas_recibos`
--

LOCK TABLES `notas_recibos` WRITE;
/*!40000 ALTER TABLE `notas_recibos` DISABLE KEYS */;
INSERT INTO `notas_recibos` VALUES (1,1,'2019-03-01',10089321162,10.00),(2,2,'2019-03-01',79580496412,10.00),(3,3,'2019-03-01',93204873676,10.00),(4,4,'2019-03-17',25631281619,30.00),(5,5,'2019-03-17',48775807351,30.00),(6,6,'2019-03-17',76880861083,30.00),(7,7,'2019-03-20',53260023615,35.00),(8,8,'2019-03-20',60023773600,35.00),(9,9,'2019-03-20',97416461006,35.00),(10,10,'2019-03-24',14429552797,60.00),(11,11,'2019-03-24',50847006409,60.00),(12,12,'2019-03-24',78655763748,60.00),(13,13,'2019-03-27',4657782754,60.00),(14,14,'2019-03-27',56706009083,60.00),(15,15,'2019-03-27',98216250290,60.00),(16,16,'2019-05-01',20482380500,25.00),(17,17,'2019-05-01',48775807351,25.00),(18,18,'2019-05-01',76880861083,25.00),(19,19,'2019-05-01',10089321162,12.00),(20,20,'2019-05-01',50847006409,12.00),(21,21,'2019-05-01',93204873676,12.00),(22,22,'2019-05-04',20482380500,15.00),(23,23,'2019-05-04',48775807351,15.00),(24,24,'2019-05-04',76880861083,15.00),(25,25,'2019-05-10',32571586610,45.00),(26,26,'2019-05-10',53260023615,45.00),(27,27,'2019-05-10',97416461006,45.00),(28,28,'2019-07-01',72360474812,30.00),(29,29,'2019-07-01',79580496412,30.00),(30,30,'2019-07-01',97657457376,30.00),(31,31,'2019-07-12',32571586610,100.00),(32,32,'2019-07-12',53260023615,100.00),(33,33,'2019-07-12',97416461006,100.00),(34,34,'2019-07-12',53260023615,100.00),(35,35,'2019-07-12',60023773600,100.00),(36,36,'2019-07-12',97416461006,100.00),(37,37,'2019-07-13',14429552797,20.00),(38,38,'2019-07-13',20482380500,20.00),(39,39,'2019-07-13',50847006409,20.00),(40,40,'2019-07-20',4657782754,50.00),(41,41,'2019-07-20',97657457376,50.00),(42,42,'2019-07-20',98216250290,50.00),(43,43,'2019-07-24',15514957756,60.00),(44,44,'2019-07-24',78655763748,60.00),(45,45,'2019-07-24',93204873676,60.00),(46,46,'2019-08-01',10089321162,10.00),(47,47,'2019-08-01',72360474812,10.00),(48,48,'2019-08-01',79580496412,10.00),(49,49,'2019-08-06',56706009083,70.00),(50,50,'2019-08-06',70193238209,70.00),(51,51,'2019-08-06',98216250290,70.00),(52,52,'2019-08-10',15514957756,42.00),(53,53,'2019-08-10',53260023615,42.00),(54,54,'2019-08-10',60023773600,42.00),(55,55,'2019-08-11',25631281619,15.00),(56,56,'2019-08-11',32571586610,15.00),(57,57,'2019-08-11',76880861083,15.00),(58,58,'2019-08-12',10426777948,20.00),(59,59,'2019-08-12',15514957756,20.00),(60,60,'2019-08-12',51782730281,20.00),(61,61,'2019-08-12',14429552797,20.00),(62,62,'2019-08-19',20482380500,20.00),(63,63,'2019-08-19',50847006409,20.00),(64,64,'2019-08-19',14429552797,20.00),(65,65,'2019-09-14',20482380500,30.00),(66,66,'2019-09-14',48775807351,30.00),(67,67,'2019-09-14',25631281619,30.00),(68,68,'2019-09-18',32571586610,76.00),(69,69,'2019-09-18',76880861083,76.00),(70,70,'2019-09-18',25631281619,76.00),(71,71,'2019-10-18',32571586610,55.00),(72,72,'2019-10-18',97416461006,55.00),(73,73,'2019-10-18',10426777948,55.00),(74,74,'2019-10-24',51782730281,52.00),(75,75,'2019-10-24',70193238209,52.00),(76,76,'2019-10-24',15514957756,52.00),(77,77,'2019-10-25',60023773600,40.00),(78,78,'2019-10-25',93204873676,40.00),(79,79,'2019-10-25',14429552797,40.00),(80,80,'2019-10-29',20482380500,10.00),(81,81,'2019-10-29',48775807351,10.00),(82,82,'2019-10-29',25631281619,10.00),(83,83,'2019-10-30',32571586610,60.00),(84,84,'2019-10-30',97416461006,60.00),(85,85,'2019-10-30',4657782754,60.00),(86,86,'2019-12-01',72360474812,45.00),(87,87,'2019-12-01',97657457376,45.00),(88,88,'2019-12-01',10426777948,45.00),(89,89,'2019-12-15',15514957756,60.00),(90,90,'2019-12-15',60023773600,60.00),(91,91,'2019-12-15',15514957756,60.00),(92,92,'2019-12-15',53260023615,35.00),(93,93,'2019-12-15',60023773600,35.00),(94,94,'2019-12-15',25631281619,35.00),(95,95,'2019-12-18',48775807351,20.00),(96,96,'2019-12-18',76880861083,20.00),(97,97,'2019-12-18',14429552797,20.00),(98,98,'2019-12-18',50847006409,20.00),(99,99,'2019-12-18',93204873676,20.00),(100,100,'2019-12-18',51782730281,20.00),(101,101,'2019-12-22',56706009083,100.00),(102,102,'2019-12-22',70193238209,100.00),(103,103,'2019-12-22',50847006409,100.00),(104,104,'2019-12-29',78655763748,90.00),(105,105,'2019-12-29',93204873676,90.00),(106,106,'2019-12-29',93204873676,90.00);
/*!40000 ALTER TABLE `notas_recibos` ENABLE KEYS */;
UNLOCK TABLES;

--
-- Table structure for table `oferece`
--

DROP TABLE IF EXISTS `oferece`;
/*!40101 SET @saved_cs_client     = @@character_set_client */;
/*!50503 SET character_set_client = utf8mb4 */;
CREATE TABLE `oferece` (
  `ID_Entidade` int(11) NOT NULL,
  `Valor` decimal(10,2) NOT NULL,
  `ID_Patrocinio` char(1) NOT NULL,
  PRIMARY KEY (`ID_Entidade`),
  UNIQUE KEY `FKOfe_Ent_IND` (`ID_Entidade`),
  UNIQUE KEY `ID_Ofere_Ent_IND` (`ID_Entidade`),
  KEY `FKOfe_Pat_IND` (`ID_Patrocinio`),
  KEY `EQU_Ofere_Patroc_IND` (`ID_Patrocinio`),
  CONSTRAINT `EQU_Ofere_Patroc_FK` FOREIGN KEY (`ID_Patrocinio`) REFERENCES `patrocinio` (`ID_Patrocinio`),
  CONSTRAINT `FKOfe_Ent_FK` FOREIGN KEY (`ID_Entidade`) REFERENCES `entidade` (`ID_Entidade`),
  CONSTRAINT `FKOfe_Pat_FK` FOREIGN KEY (`ID_Patrocinio`) REFERENCES `patrocinio` (`ID_Patrocinio`),
  CONSTRAINT `ID_Ofere_Ent_FK` FOREIGN KEY (`ID_Entidade`) REFERENCES `entidade` (`ID_Entidade`)
) ENGINE=InnoDB DEFAULT CHARSET=utf8mb4 COLLATE=utf8mb4_0900_ai_ci;
/*!40101 SET character_set_client = @saved_cs_client */;

--
-- Dumping data for table `oferece`
--

LOCK TABLES `oferece` WRITE;
/*!40000 ALTER TABLE `oferece` DISABLE KEYS */;
INSERT INTO `oferece` VALUES (1,1000.00,'6'),(2,2500.00,'5'),(3,10000.00,'1'),(4,8000.00,'2'),(5,6000.00,'3'),(6,10000.00,'1'),(7,4000.00,'4'),(8,1000.00,'6'),(9,2500.00,'5'),(10,4000.00,'4');
/*!40000 ALTER TABLE `oferece` ENABLE KEYS */;
UNLOCK TABLES;

--
-- Table structure for table `organiza`
--

DROP TABLE IF EXISTS `organiza`;
/*!40101 SET @saved_cs_client     = @@character_set_client */;
/*!50503 SET character_set_client = utf8mb4 */;
CREATE TABLE `organiza` (
  `ID_Atividade` int(11) NOT NULL,
  `CPF` bigint(20) NOT NULL,
  PRIMARY KEY (`CPF`,`ID_Atividade`),
  UNIQUE KEY `ID_Organiza_IND` (`CPF`,`ID_Atividade`),
  KEY `FKOrg_Reu_IND` (`ID_Atividade`),
  CONSTRAINT `EQU_Organ_Atvd_FK` FOREIGN KEY (`ID_Atividade`) REFERENCES `atividade` (`ID_Atividade`),
  CONSTRAINT `FKOrg_Pes` FOREIGN KEY (`CPF`) REFERENCES `pessoa` (`CPF`),
  CONSTRAINT `FKOrg_Reu_FK` FOREIGN KEY (`ID_Atividade`) REFERENCES `atividade` (`ID_Atividade`),
  CONSTRAINT `REF_Organ_Pessoa` FOREIGN KEY (`CPF`) REFERENCES `pessoa` (`CPF`)
) ENGINE=InnoDB DEFAULT CHARSET=utf8mb4 COLLATE=utf8mb4_0900_ai_ci;
/*!40101 SET character_set_client = @saved_cs_client */;

--
-- Dumping data for table `organiza`
--

LOCK TABLES `organiza` WRITE;
/*!40000 ALTER TABLE `organiza` DISABLE KEYS */;
INSERT INTO `organiza` VALUES (1,72360474812),(2,4657782754),(3,97657457376),(4,98216250290),(5,51782730281),(6,10426777948),(7,79580496412),(8,98216250290),(9,97657457376),(10,10426777948),(11,79580496412),(12,4657782754),(13,97657457376),(14,97657457376),(15,10426777948),(16,97657457376),(17,4657782754),(18,72360474812),(19,10426777948),(20,98216250290),(21,72360474812),(22,10426777948),(23,10426777948),(24,97657457376),(25,79580496412),(26,98216250290),(27,72360474812),(28,4657782754),(29,79580496412),(30,51782730281),(31,72360474812),(32,4657782754),(33,10426777948),(34,97657457376),(35,98216250290);
/*!40000 ALTER TABLE `organiza` ENABLE KEYS */;
UNLOCK TABLES;

--
-- Table structure for table `paga`
--

DROP TABLE IF EXISTS `paga`;
/*!40101 SET @saved_cs_client     = @@character_set_client */;
/*!50503 SET character_set_client = utf8mb4 */;
CREATE TABLE `paga` (
  `ID_Inscricao` bigint(20) NOT NULL,
  `Quantidade_compras` char(1) NOT NULL,
  `data_compra` date DEFAULT NULL,
  `CPF` bigint(20) NOT NULL,
  PRIMARY KEY (`ID_Inscricao`),
  UNIQUE KEY `FKPag_Tax_IND` (`ID_Inscricao`),
  KEY `FKPag_Pes_IND` (`CPF`),
  CONSTRAINT `FKPag_Pes_FK` FOREIGN KEY (`CPF`) REFERENCES `pessoa` (`CPF`),
  CONSTRAINT `FKPag_Tax_FK` FOREIGN KEY (`ID_Inscricao`) REFERENCES `taxa_inscricao` (`ID_Inscricao`),
  CONSTRAINT `ID_Paga_TaxInsc_FK` FOREIGN KEY (`ID_Inscricao`) REFERENCES `taxa_inscricao` (`ID_Inscricao`),
  CONSTRAINT `REF_Paga_Pessoa_FK` FOREIGN KEY (`CPF`) REFERENCES `pessoa` (`CPF`)
) ENGINE=InnoDB DEFAULT CHARSET=utf8mb4 COLLATE=utf8mb4_0900_ai_ci;
/*!40101 SET character_set_client = @saved_cs_client */;

--
-- Dumping data for table `paga`
--

LOCK TABLES `paga` WRITE;
/*!40000 ALTER TABLE `paga` DISABLE KEYS */;
INSERT INTO `paga` VALUES (1,'1','2019-03-01',10089321162),(2,'1','2019-03-01',79580496412),(3,'1','2019-03-01',93204873676),(4,'1','2019-03-17',25631281619),(5,'1','2019-03-17',48775807351),(6,'1','2019-03-17',76880861083),(7,'1','2019-03-20',53260023615),(8,'1','2019-03-20',60023773600),(9,'1','2019-03-20',97416461006),(10,'1','2019-03-24',14429552797),(11,'1','2019-03-24',50847006409),(12,'1','2019-03-24',78655763748),(13,'1','2019-03-27',4657782754),(14,'1','2019-03-27',56706009083),(15,'1','2019-03-27',98216250290),(16,'1','2019-05-01',20482380500),(17,'1','2019-05-01',48775807351),(18,'1','2019-05-01',76880861083),(19,'1','2019-05-01',10089321162),(20,'1','2019-05-01',50847006409),(21,'1','2019-05-01',93204873676),(22,'1','2019-05-04',20482380500),(23,'1','2019-05-04',48775807351),(24,'1','2019-05-04',76880861083),(25,'1','2019-05-10',32571586610),(26,'1','2019-05-10',53260023615),(27,'1','2019-05-10',97416461006),(28,'1','2019-07-01',72360474812),(29,'1','2019-07-01',79580496412),(30,'1','2019-07-01',97657457376),(31,'1','2019-07-12',32571586610),(32,'1','2019-07-12',53260023615),(33,'1','2019-07-12',97416461006),(34,'1','2019-07-12',53260023615),(35,'1','2019-07-12',60023773600),(36,'1','2019-07-12',97416461006),(37,'1','2019-07-13',14429552797),(38,'1','2019-07-13',20482380500),(39,'1','2019-07-13',50847006409),(40,'1','2019-07-20',4657782754),(41,'1','2019-07-20',97657457376),(42,'1','2019-07-20',98216250290),(43,'1','2019-07-24',15514957756),(44,'1','2019-07-24',78655763748),(45,'1','2019-07-24',93204873676),(46,'1','2019-08-01',10089321162),(47,'1','2019-08-01',72360474812),(48,'1','2019-08-01',79580496412),(49,'1','2019-08-06',56706009083),(50,'1','2019-08-06',70193238209),(51,'1','2019-08-06',98216250290),(52,'1','2019-08-10',15514957756),(53,'1','2019-08-10',53260023615),(54,'1','2019-08-10',60023773600),(55,'1','2019-08-11',25631281619),(56,'1','2019-08-11',32571586610),(57,'1','2019-08-11',76880861083),(58,'1','2019-08-12',10426777948),(59,'1','2019-08-12',15514957756),(60,'1','2019-08-12',51782730281),(61,'1','2019-08-12',14429552797),(62,'1','2019-08-19',20482380500),(63,'1','2019-08-19',50847006409),(64,'1','2019-08-19',14429552797),(65,'1','2019-09-14',20482380500),(66,'1','2019-09-14',48775807351),(67,'1','2019-09-14',25631281619),(68,'1','2019-09-18',32571586610),(69,'1','2019-09-18',76880861083),(70,'1','2019-09-18',25631281619),(71,'1','2019-10-18',32571586610),(72,'1','2019-10-18',97416461006),(73,'1','2019-10-18',10426777948),(74,'1','2019-10-24',51782730281),(75,'1','2019-10-24',70193238209),(76,'1','2019-10-24',15514957756),(77,'1','2019-10-25',60023773600),(78,'1','2019-10-25',93204873676),(79,'1','2019-10-25',14429552797),(80,'1','2019-10-29',20482380500),(81,'1','2019-10-29',48775807351),(82,'1','2019-10-29',25631281619),(83,'1','2019-10-30',32571586610),(84,'1','2019-10-30',97416461006),(85,'1','2019-10-30',4657782754),(86,'1','2019-12-01',72360474812),(87,'1','2019-12-01',97657457376),(88,'1','2019-12-01',10426777948),(89,'1','2019-12-15',15514957756),(90,'1','2019-12-15',60023773600),(91,'1','2019-12-15',15514957756),(92,'1','2019-12-15',53260023615),(93,'1','2019-12-15',60023773600),(94,'1','2019-12-15',25631281619),(95,'1','2019-12-18',48775807351),(96,'1','2019-12-18',76880861083),(97,'1','2019-12-18',14429552797),(98,'1','2019-12-18',50847006409),(99,'1','2019-12-18',93204873676),(100,'1','2019-12-18',51782730281),(101,'1','2019-12-22',56706009083),(102,'1','2019-12-22',70193238209),(103,'1','2019-12-22',50847006409),(104,'1','2019-12-29',78655763748),(105,'1','2019-12-29',93204873676),(106,'1','2019-12-29',93204873676);
/*!40000 ALTER TABLE `paga` ENABLE KEYS */;
UNLOCK TABLES;

--
-- Table structure for table `palestra`
--

DROP TABLE IF EXISTS `palestra`;
/*!40101 SET @saved_cs_client     = @@character_set_client */;
/*!50503 SET character_set_client = utf8mb4 */;
CREATE TABLE `palestra` (
  `ID_Atividade` int(11) NOT NULL,
  `nome_palestra` varchar(200) DEFAULT NULL,
  `afiliacao` varchar(200) DEFAULT NULL,
  `minicurriculo` varchar(200) DEFAULT NULL,
  `Duracao` int(11) NOT NULL,
  `Publico_Alvo` char(15) NOT NULL,
  PRIMARY KEY (`ID_Atividade`),
  UNIQUE KEY `FKAti_Pal_IND` (`ID_Atividade`),
  CONSTRAINT `FKAti_Pal_FK` FOREIGN KEY (`ID_Atividade`) REFERENCES `atividade` (`ID_Atividade`),
  CONSTRAINT `ID_Plsta_Atvd_FK` FOREIGN KEY (`ID_Atividade`) REFERENCES `atividade` (`ID_Atividade`)
) ENGINE=InnoDB DEFAULT CHARSET=utf8mb4 COLLATE=utf8mb4_0900_ai_ci;
/*!40101 SET character_set_client = @saved_cs_client */;

--
-- Dumping data for table `palestra`
--

LOCK TABLES `palestra` WRITE;
/*!40000 ALTER TABLE `palestra` DISABLE KEYS */;
INSERT INTO `palestra` VALUES (31,'O que  Machine Learning','Sentri','Venha conhecer as principais tecnicas do ML',2,'Estudantes'),(32,'Explicando o aquecimento global','Universidade SCG','Descubra um dos maiores problemas mundiais',1,'Interessados'),(33,'O poder da diversidade','Uniesquina','A importncia da diversidade num mundo globalizado',3,'Interessados'),(34,'Culinria e suas infinidades','Myxr','Comida como arte e no apenas como fonte de sobrevivncia',4,'Interessados'),(35,'Dinheiro = felicidade?','Conselho econmico','Respondendo uma das maiores dvidas',2,'Interessados');
/*!40000 ALTER TABLE `palestra` ENABLE KEYS */;
UNLOCK TABLES;

--
-- Table structure for table `participa`
--

DROP TABLE IF EXISTS `participa`;
/*!40101 SET @saved_cs_client     = @@character_set_client */;
/*!50503 SET character_set_client = utf8mb4 */;
CREATE TABLE `participa` (
  `ID_Atividade` int(11) NOT NULL,
  `CPF` bigint(20) NOT NULL,
  PRIMARY KEY (`CPF`,`ID_Atividade`),
  UNIQUE KEY `ID_Participa_IND` (`CPF`,`ID_Atividade`),
  KEY `FKPar_Wor_IND` (`ID_Atividade`),
  CONSTRAINT `EQU_Parti_Atvd_FK` FOREIGN KEY (`ID_Atividade`) REFERENCES `atividade` (`ID_Atividade`),
  CONSTRAINT `EQU_Parti_Pessoa` FOREIGN KEY (`CPF`) REFERENCES `pessoa` (`CPF`),
  CONSTRAINT `FKPar_Pes` FOREIGN KEY (`CPF`) REFERENCES `pessoa` (`CPF`),
  CONSTRAINT `FKPar_Wor_FK` FOREIGN KEY (`ID_Atividade`) REFERENCES `atividade` (`ID_Atividade`)
) ENGINE=InnoDB DEFAULT CHARSET=utf8mb4 COLLATE=utf8mb4_0900_ai_ci;
/*!40101 SET character_set_client = @saved_cs_client */;

--
-- Dumping data for table `participa`
--

LOCK TABLES `participa` WRITE;
/*!40000 ALTER TABLE `participa` DISABLE KEYS */;
INSERT INTO `participa` VALUES (1,15514957756),(1,53260023615),(1,60023773600),(2,53260023615),(2,60023773600),(2,97416461006),(3,32571586610),(3,53260023615),(3,97416461006),(4,25631281619),(4,32571586610),(4,97416461006),(5,25631281619),(5,32571586610),(5,76880861083),(6,25631281619),(6,48775807351),(6,76880861083),(7,20482380500),(7,48775807351),(7,76880861083),(8,14429552797),(8,20482380500),(8,48775807351),(9,14429552797),(9,20482380500),(9,50847006409),(10,14429552797),(10,50847006409),(10,93204873676),(11,10089321162),(11,50847006409),(11,93204873676),(12,10089321162),(12,79580496412),(12,93204873676),(13,10089321162),(13,72360474812),(13,79580496412),(14,72360474812),(14,79580496412),(14,97657457376),(15,4657782754),(15,72360474812),(15,97657457376),(16,4657782754),(16,97657457376),(16,98216250290),(17,4657782754),(17,56706009083),(17,98216250290),(18,56706009083),(18,70193238209),(18,98216250290),(19,51782730281),(19,56706009083),(19,70193238209),(20,10426777948),(20,51782730281),(20,70193238209),(21,10426777948),(21,15514957756),(21,51782730281),(22,10426777948),(22,15514957756),(22,60023773600),(23,15514957756),(23,53260023615),(23,60023773600),(24,53260023615),(24,60023773600),(24,97416461006),(25,32571586610),(25,53260023615),(25,97416461006),(26,25631281619),(26,32571586610),(26,97416461006),(27,25631281619),(27,32571586610),(27,76880861083),(28,25631281619),(28,48775807351),(28,76880861083),(29,20482380500),(29,48775807351),(29,76880861083),(30,14429552797),(30,20482380500),(30,48775807351),(31,14429552797),(31,20482380500),(31,50847006409),(32,14429552797),(32,50847006409),(32,78655763748),(33,50847006409),(33,78655763748),(33,93204873676),(34,15514957756),(34,78655763748),(34,93204873676),(35,15514957756),(35,60023773600),(35,93204873676);
/*!40000 ALTER TABLE `participa` ENABLE KEYS */;
UNLOCK TABLES;

--
-- Table structure for table `passagem_aviao`
--

DROP TABLE IF EXISTS `passagem_aviao`;
/*!40101 SET @saved_cs_client     = @@character_set_client */;
/*!50503 SET character_set_client = utf8mb4 */;
CREATE TABLE `passagem_aviao` (
  `No_Ticket` char(1) NOT NULL,
  `cod_voo` varchar(20) DEFAULT NULL,
  `Data` date NOT NULL,
  `Valor` int(11) NOT NULL,
  PRIMARY KEY (`No_Ticket`),
  UNIQUE KEY `ID_Passagem_Aviao_IND` (`No_Ticket`)
) ENGINE=InnoDB DEFAULT CHARSET=utf8mb4 COLLATE=utf8mb4_0900_ai_ci;
/*!40101 SET character_set_client = @saved_cs_client */;

--
-- Dumping data for table `passagem_aviao`
--

LOCK TABLES `passagem_aviao` WRITE;
/*!40000 ALTER TABLE `passagem_aviao` DISABLE KEYS */;
INSERT INTO `passagem_aviao` VALUES ('1','ABC123','2019-08-17',1000),('2','DEF456','2019-03-22',500),('3','GHI789','2019-12-27',300),('4','JKL123','2019-07-22',2000),('5','MNO456','2019-10-23',9999);
/*!40000 ALTER TABLE `passagem_aviao` ENABLE KEYS */;
UNLOCK TABLES;

--
-- Table structure for table `patrocina`
--

DROP TABLE IF EXISTS `patrocina`;
/*!40101 SET @saved_cs_client     = @@character_set_client */;
/*!50503 SET character_set_client = utf8mb4 */;
CREATE TABLE `patrocina` (
  `ID_Entidade` int(11) NOT NULL,
  `ID_Evento` char(20) NOT NULL,
  PRIMARY KEY (`ID_Evento`,`ID_Entidade`),
  UNIQUE KEY `ID_Patrocina_IND` (`ID_Evento`,`ID_Entidade`),
  KEY `FKPat_Ent_IND` (`ID_Entidade`),
  CONSTRAINT `EQU_Patro_Ent_FK` FOREIGN KEY (`ID_Entidade`) REFERENCES `entidade` (`ID_Entidade`),
  CONSTRAINT `EQU_Patro_Evnt` FOREIGN KEY (`ID_Evento`) REFERENCES `evento` (`ID_Evento`),
  CONSTRAINT `FKPat_Ent_FK` FOREIGN KEY (`ID_Entidade`) REFERENCES `entidade` (`ID_Entidade`),
  CONSTRAINT `FKPat_Eve` FOREIGN KEY (`ID_Evento`) REFERENCES `evento` (`ID_Evento`)
) ENGINE=InnoDB DEFAULT CHARSET=utf8mb4 COLLATE=utf8mb4_0900_ai_ci;
/*!40101 SET character_set_client = @saved_cs_client */;

--
-- Dumping data for table `patrocina`
--

LOCK TABLES `patrocina` WRITE;
/*!40000 ALTER TABLE `patrocina` DISABLE KEYS */;
INSERT INTO `patrocina` VALUES (1,'1'),(2,'3'),(3,'1'),(4,'4'),(5,'2'),(6,'6'),(7,'1'),(8,'7'),(9,'5'),(10,'7');
/*!40000 ALTER TABLE `patrocina` ENABLE KEYS */;
UNLOCK TABLES;

--
-- Table structure for table `patrocinio`
--

DROP TABLE IF EXISTS `patrocinio`;
/*!40101 SET @saved_cs_client     = @@character_set_client */;
/*!50503 SET character_set_client = utf8mb4 */;
CREATE TABLE `patrocinio` (
  `ID_Patrocinio` char(1) NOT NULL,
  `Categoria` char(10) NOT NULL,
  PRIMARY KEY (`ID_Patrocinio`),
  UNIQUE KEY `ID_Patrocinio_IND` (`ID_Patrocinio`)
) ENGINE=InnoDB DEFAULT CHARSET=utf8mb4 COLLATE=utf8mb4_0900_ai_ci;
/*!40101 SET character_set_client = @saved_cs_client */;

--
-- Dumping data for table `patrocinio`
--

LOCK TABLES `patrocinio` WRITE;
/*!40000 ALTER TABLE `patrocinio` DISABLE KEYS */;
INSERT INTO `patrocinio` VALUES ('1','Diamante'),('2','Platina'),('3','Ouro'),('4','Prata'),('5','Bronze'),('6','Ferro');
/*!40000 ALTER TABLE `patrocinio` ENABLE KEYS */;
UNLOCK TABLES;

--
-- Table structure for table `pessoa`
--

DROP TABLE IF EXISTS `pessoa`;
/*!40101 SET @saved_cs_client     = @@character_set_client */;
/*!50503 SET character_set_client = utf8mb4 */;
CREATE TABLE `pessoa` (
  `CPF` bigint(20) NOT NULL,
  `Nome` char(15) NOT NULL,
  `Data_Nascimento` date NOT NULL,
  `Email` char(50) NOT NULL,
  `Telefone` bigint(20) NOT NULL,
  `End_Residencial` char(50) NOT NULL,
  `ID_Entidade` int(11) DEFAULT NULL,
  PRIMARY KEY (`CPF`),
  UNIQUE KEY `ID_Pessoa_IND` (`CPF`),
  KEY `FKFiliado_IND` (`ID_Entidade`),
  KEY `EQU_Pessoa_Ent_IND` (`ID_Entidade`),
  CONSTRAINT `EQU_Pessoa_Ent_FK` FOREIGN KEY (`ID_Entidade`) REFERENCES `entidade` (`ID_Entidade`),
  CONSTRAINT `FKFiliado_FK` FOREIGN KEY (`ID_Entidade`) REFERENCES `entidade` (`ID_Entidade`)
) ENGINE=InnoDB DEFAULT CHARSET=utf8mb4 COLLATE=utf8mb4_0900_ai_ci;
/*!40101 SET character_set_client = @saved_cs_client */;

--
-- Dumping data for table `pessoa`
--

LOCK TABLES `pessoa` WRITE;
/*!40000 ALTER TABLE `pessoa` DISABLE KEYS */;
INSERT INTO `pessoa` VALUES (4657782754,'Britani','1974-05-28','Britani@email.com',26434377,'908 Marquardt Stream',5),(10089321162,'Enzo','1970-01-11','Enzo@email.com',36988821,'49855 Jaskolski Way',1),(10426777948,'Alida','1979-10-29','Alida@email.com',18922819,'0305 Wisozk Mount',10),(14429552797,'Joo','1997-08-28','Joo@email.com',68537965,'58286 Hartmann Mill',NULL),(15514957756,'Helder','1998-09-10','Helder@email.com',79664115,'02463 Patience Junction',NULL),(20482380500,'Aline','1973-01-05','Aline@email.com',65337166,'0079 Wolff Manor',NULL),(25631281619,'Daniela','2000-05-17','Daniela@email.com',28297026,'23442 Crooks Village',NULL),(32571586610,'Julia','1948-12-23','Julia@email.com',48917187,'4331 Keith Trafficway',NULL),(48775807351,'Marcia','1989-02-17','Marcia@email.com',20955746,'5211 Lynch Square',NULL),(50847006409,'Pedro','1974-04-20','Pedro@email.com',73390476,'91662 Powlowski Springs',NULL),(51782730281,'Wilson','1978-09-30','Wilson@email.com',75817467,'908 Marquardt Stream',9),(53260023615,'Gerson','1984-08-28','Gerson@email.com',97298223,'49855 Jaskolski Way',NULL),(56706009083,'Karen','1976-07-03','Karen@email.com',48963037,'0305 Wisozk Mount',7),(59457162510,'Alberto','1969-07-07','Alberto@email.com',19347788,'58286 Hartmann Mill',NULL),(60023773600,'Caio','1970-12-31','Caio@email.com',92695305,'02463 Patience Junction',NULL),(70193238209,'Anderson','1977-08-06','Anderson@email.com',71994647,'0079 Wolff Manor',8),(72360474812,'Matheus','1978-03-09','Matheus@email.com',69996458,'23442 Crooks Village',3),(76880861083,'Mariana','1999-04-01','Mariana@email.com',49250347,'4331 Keith Trafficway',NULL),(77212921661,'Gabriel','1998-05-28','Gabriel@email.com',94271600,'5211 Lynch Square',NULL),(78655763748,'Leticia','1997-09-30','Leticia@email.com',60328644,'91662 Powlowski Springs',NULL),(79580496412,'Jasmine','1971-02-08','Jasmine@email.com',88321480,'908 Marquardt Stream',2),(93204873676,'Sara','1998-07-27','Sara@email.com',77144907,'49855 Jaskolski Way',NULL),(97416461006,'Manuel','1970-08-10','Manuel@email.com',1869836,'0305 Wisozk Mount',NULL),(97657457376,'Elda','1973-05-22','Elda@email.com',41645333,'58286 Hartmann Mill',4),(98216250290,'Alan','1975-06-17','Alan@email.com',26503402,'02463 Patience Junction',6),(132649085785,'Ziggs','1977-01-19','Ziggs@email.com',66038349,'49855 Jaskolski Way',NULL),(650378592564,'Karlos','1964-03-21','Karlos@email.com',87502615,'0079 Wolff Manor',NULL),(875027649212,'Marinda','1984-12-26','Marinda@email.com',94271600,'908 Marquardt Stream',NULL);
/*!40000 ALTER TABLE `pessoa` ENABLE KEYS */;
UNLOCK TABLES;

--
-- Table structure for table `precisa`
--

DROP TABLE IF EXISTS `precisa`;
/*!40101 SET @saved_cs_client     = @@character_set_client */;
/*!50503 SET character_set_client = utf8mb4 */;
CREATE TABLE `precisa` (
  `No_Ticket` char(1) NOT NULL,
  `Reserva_Hospedagem` char(1) NOT NULL,
  `CPF` bigint(20) NOT NULL,
  PRIMARY KEY (`No_Ticket`),
  UNIQUE KEY `FKPre_Hos_ID` (`Reserva_Hospedagem`),
  UNIQUE KEY `FKPre_Pas_IND` (`No_Ticket`),
  UNIQUE KEY `FKPre_Hos_IND` (`Reserva_Hospedagem`),
  UNIQUE KEY `ID_Preci_PasAviao_IND` (`No_Ticket`),
  KEY `FKPre_Pes_IND` (`CPF`),
  KEY `REF_Preci_Pessoa_IND` (`CPF`),
  CONSTRAINT `FKPre_Hos_FK` FOREIGN KEY (`Reserva_Hospedagem`) REFERENCES `hospedagem` (`Reserva_Hospedagem`),
  CONSTRAINT `FKPre_Pas_FK` FOREIGN KEY (`No_Ticket`) REFERENCES `passagem_aviao` (`No_Ticket`),
  CONSTRAINT `FKPre_Pes_FK` FOREIGN KEY (`CPF`) REFERENCES `pessoa` (`CPF`),
  CONSTRAINT `ID_Preci_PasAviao_FK` FOREIGN KEY (`No_Ticket`) REFERENCES `passagem_aviao` (`No_Ticket`),
  CONSTRAINT `REF_Preci_Pessoa_FK` FOREIGN KEY (`CPF`) REFERENCES `pessoa` (`CPF`),
  CONSTRAINT `SID_Preci_Hospdg_FK` FOREIGN KEY (`Reserva_Hospedagem`) REFERENCES `hospedagem` (`Reserva_Hospedagem`)
) ENGINE=InnoDB DEFAULT CHARSET=utf8mb4 COLLATE=utf8mb4_0900_ai_ci;
/*!40101 SET character_set_client = @saved_cs_client */;

--
-- Dumping data for table `precisa`
--

LOCK TABLES `precisa` WRITE;
/*!40000 ALTER TABLE `precisa` DISABLE KEYS */;
INSERT INTO `precisa` VALUES ('1','1',72360474812),('2','2',10089321162),('3','3',79580496412),('4','4',97657457376),('5','5',98216250290);
/*!40000 ALTER TABLE `precisa` ENABLE KEYS */;
UNLOCK TABLES;

--
-- Table structure for table `produtos`
--

DROP TABLE IF EXISTS `produtos`;
/*!40101 SET @saved_cs_client     = @@character_set_client */;
/*!50503 SET character_set_client = utf8mb4 */;
CREATE TABLE `produtos` (
  `ID_Produto` int(11) NOT NULL,
  `nome_produto` varchar(200) DEFAULT NULL,
  `Valor` int(11) NOT NULL,
  `CNPJ_Loja` bigint(20) NOT NULL,
  `CPF` bigint(20) NOT NULL,
  PRIMARY KEY (`ID_Produto`),
  UNIQUE KEY `ID_Produtos_IND` (`ID_Produto`),
  KEY `FKVende_FK` (`CNPJ_Loja`),
  KEY `FKCompra_IND` (`CPF`),
  CONSTRAINT `FKCompra_FK` FOREIGN KEY (`CPF`) REFERENCES `pessoa` (`CPF`),
  CONSTRAINT `FKVende_FK` FOREIGN KEY (`CNPJ_Loja`) REFERENCES `loja` (`CNPJ_Loja`)
) ENGINE=InnoDB DEFAULT CHARSET=utf8mb4 COLLATE=utf8mb4_0900_ai_ci;
/*!40101 SET character_set_client = @saved_cs_client */;

--
-- Dumping data for table `produtos`
--

LOCK TABLES `produtos` WRITE;
/*!40000 ALTER TABLE `produtos` DISABLE KEYS */;
INSERT INTO `produtos` VALUES (1,'Dicionrio',50,59055965000124,15514957756),(2,'Revista Cientfica',30,59055965000124,60023773600),(3,'Chaveiro',1,31513697000128,53260023615),(4,'Bottons',3,31513697000128,97416461006),(5,'Camiseta',45,80000025000124,32571586610),(6,'Moleton',100,80000025000124,25631281619),(7,'Caderno',20,34544011000154,76880861083),(8,'Caneta',5,34544011000154,48775807351),(9,'Coxinha',6,68812697000139,20482380500),(10,'Hamburguer',12,68812697000139,14429552797);
/*!40000 ALTER TABLE `produtos` ENABLE KEYS */;
UNLOCK TABLES;

--
-- Table structure for table `promove`
--

DROP TABLE IF EXISTS `promove`;
/*!40101 SET @saved_cs_client     = @@character_set_client */;
/*!50503 SET character_set_client = utf8mb4 */;
CREATE TABLE `promove` (
  `ID_Entidade` int(11) NOT NULL,
  `ID_Evento` char(20) NOT NULL,
  PRIMARY KEY (`ID_Evento`,`ID_Entidade`),
  UNIQUE KEY `ID_Promove_IND` (`ID_Evento`,`ID_Entidade`),
  KEY `FKPro_Ent_IND` (`ID_Entidade`),
  KEY `EQU_Promo_Ent_IND` (`ID_Entidade`),
  CONSTRAINT `EQU_Promo_Ent_FK` FOREIGN KEY (`ID_Entidade`) REFERENCES `entidade` (`ID_Entidade`),
  CONSTRAINT `EQU_Promo_Evnt` FOREIGN KEY (`ID_Evento`) REFERENCES `evento` (`ID_Evento`),
  CONSTRAINT `FKPro_Ent_FK` FOREIGN KEY (`ID_Entidade`) REFERENCES `entidade` (`ID_Entidade`),
  CONSTRAINT `FKPro_Eve` FOREIGN KEY (`ID_Evento`) REFERENCES `evento` (`ID_Evento`)
) ENGINE=InnoDB DEFAULT CHARSET=utf8mb4 COLLATE=utf8mb4_0900_ai_ci;
/*!40101 SET character_set_client = @saved_cs_client */;

--
-- Dumping data for table `promove`
--

LOCK TABLES `promove` WRITE;
/*!40000 ALTER TABLE `promove` DISABLE KEYS */;
INSERT INTO `promove` VALUES (1,'1'),(2,'3'),(3,'1'),(4,'4'),(5,'2'),(6,'6'),(7,'1'),(8,'7'),(9,'5'),(10,'7');
/*!40000 ALTER TABLE `promove` ENABLE KEYS */;
UNLOCK TABLES;

--
-- Table structure for table `realiza`
--

DROP TABLE IF EXISTS `realiza`;
/*!40101 SET @saved_cs_client     = @@character_set_client */;
/*!50503 SET character_set_client = utf8mb4 */;
CREATE TABLE `realiza` (
  `ID_Entidade` int(11) NOT NULL,
  `ID_Evento` char(20) NOT NULL,
  PRIMARY KEY (`ID_Evento`,`ID_Entidade`),
  UNIQUE KEY `ID_Realiza_IND` (`ID_Evento`,`ID_Entidade`),
  KEY `FKRea_Ent_IND` (`ID_Entidade`),
  KEY `EQU_Reali_Ent_IND` (`ID_Entidade`),
  CONSTRAINT `EQU_Reali_Ent_FK` FOREIGN KEY (`ID_Entidade`) REFERENCES `entidade` (`ID_Entidade`),
  CONSTRAINT `EQU_Reali_Evnt` FOREIGN KEY (`ID_Evento`) REFERENCES `evento` (`ID_Evento`),
  CONSTRAINT `FKRea_Ent_FK` FOREIGN KEY (`ID_Entidade`) REFERENCES `entidade` (`ID_Entidade`),
  CONSTRAINT `FKRea_Eve` FOREIGN KEY (`ID_Evento`) REFERENCES `evento` (`ID_Evento`)
) ENGINE=InnoDB DEFAULT CHARSET=utf8mb4 COLLATE=utf8mb4_0900_ai_ci;
/*!40101 SET character_set_client = @saved_cs_client */;

--
-- Dumping data for table `realiza`
--

LOCK TABLES `realiza` WRITE;
/*!40000 ALTER TABLE `realiza` DISABLE KEYS */;
INSERT INTO `realiza` VALUES (1,'1'),(2,'3'),(3,'1'),(4,'4'),(5,'2'),(6,'6'),(7,'1'),(8,'7'),(9,'5'),(10,'7');
/*!40000 ALTER TABLE `realiza` ENABLE KEYS */;
UNLOCK TABLES;

--
-- Table structure for table `redes_sociais`
--

DROP TABLE IF EXISTS `redes_sociais`;
/*!40101 SET @saved_cs_client     = @@character_set_client */;
/*!50503 SET character_set_client = utf8mb4 */;
CREATE TABLE `redes_sociais` (
  `URL_pagina` char(50) NOT NULL,
  `nome_pagina` varchar(200) DEFAULT NULL,
  `links` varchar(200) DEFAULT NULL,
  `CNPJ_Loja` bigint(20) NOT NULL,
  PRIMARY KEY (`URL_pagina`),
  UNIQUE KEY `ID_Redes_Sociais_IND` (`URL_pagina`),
  KEY `FKApresenta_sorteados_FK` (`CNPJ_Loja`)
) ENGINE=InnoDB DEFAULT CHARSET=utf8mb4 COLLATE=utf8mb4_0900_ai_ci;
/*!40101 SET character_set_client = @saved_cs_client */;

--
-- Dumping data for table `redes_sociais`
--

LOCK TABLES `redes_sociais` WRITE;
/*!40000 ALTER TABLE `redes_sociais` DISABLE KEYS */;
INSERT INTO `redes_sociais` VALUES ('www.feicebuqui.com/Associao_dos_estudantes','Associao dos estudantes Online',NULL,0),('www.feicebuqui.com/Associao_dos_profissionais','Associao dos profissionais Online',NULL,0),('www.feicebuqui.com/Chare','Chare Digital','www.chare.com',68812697000139),('www.feicebuqui.com/Conselho_da_Biologia','Conselho da Biologia Online',NULL,0),('www.feicebuqui.com/Conselho_econmico','Conselho econmico Online',NULL,0),('www.feicebuqui.com/Decore','DEcore Digital','www.decore.com',80000025000124),('www.feicebuqui.com/Myxr','Myxr Online','www.myxr.com',0),('www.feicebuqui.com/Sentri','Sentri Online','www.sentri.com',0),('www.feicebuqui.com/Sindicato_artistico','Sindicato artistico Online',NULL,0),('www.feicebuqui.com/Sindicato_dos_psiclogos','Sindicato dos psiclogos Online',NULL,0),('www.feicebuqui.com/Spack','Spack Digital','www.spack.com',59055965000124),('www.feicebuqui.com/Storela','Storela Digital','www.storela.com',34544011000154),('www.feicebuqui.com/Tstore','Tstore Digital','www.tstore.com',31513697000128),('www.feicebuqui.com/Uniesquina','Uniesquina Online','www.uniesquina.com',0),('www.feicebuqui.com/Universidade_SCG','Universidade SCG Online','www.uscg.com',0);
/*!40000 ALTER TABLE `redes_sociais` ENABLE KEYS */;
UNLOCK TABLES;

--
-- Table structure for table `reuniao`
--

DROP TABLE IF EXISTS `reuniao`;
/*!40101 SET @saved_cs_client     = @@character_set_client */;
/*!50503 SET character_set_client = utf8mb4 */;
CREATE TABLE `reuniao` (
  `ID_Atividade` int(11) NOT NULL,
  `Objetivo` char(50) NOT NULL,
  PRIMARY KEY (`ID_Atividade`),
  UNIQUE KEY `FKAti_Reu_IND` (`ID_Atividade`),
  UNIQUE KEY `ID_Reun_Atvd_IND` (`ID_Atividade`),
  CONSTRAINT `FKAti_Reu_FK` FOREIGN KEY (`ID_Atividade`) REFERENCES `atividade` (`ID_Atividade`),
  CONSTRAINT `ID_Reun_Atvd_FK` FOREIGN KEY (`ID_Atividade`) REFERENCES `atividade` (`ID_Atividade`)
) ENGINE=InnoDB DEFAULT CHARSET=utf8mb4 COLLATE=utf8mb4_0900_ai_ci;
/*!40101 SET character_set_client = @saved_cs_client */;

--
-- Dumping data for table `reuniao`
--

LOCK TABLES `reuniao` WRITE;
/*!40000 ALTER TABLE `reuniao` DISABLE KEYS */;
INSERT INTO `reuniao` VALUES (11,'Organizar a Olimpiada de Matemtica'),(12,'Organizar a Olimpiada de Biologia'),(13,'Organizar a Olimpiada de Computao'),(14,'Discutir quais pratos cozinhar'),(15,'Discutir quais eventos artsticos apresentar');
/*!40000 ALTER TABLE `reuniao` ENABLE KEYS */;
UNLOCK TABLES;

--
-- Table structure for table `sala_reuniao`
--

DROP TABLE IF EXISTS `sala_reuniao`;
/*!40101 SET @saved_cs_client     = @@character_set_client */;
/*!50503 SET character_set_client = utf8mb4 */;
CREATE TABLE `sala_reuniao` (
  `CNPJ_Local` bigint(20) NOT NULL,
  `ID_Sala` int(11) NOT NULL,
  `Pessoas_Suportadas` int(11) NOT NULL,
  PRIMARY KEY (`CNPJ_Local`),
  UNIQUE KEY `FKLoc_Sal_IND` (`CNPJ_Local`),
  UNIQUE KEY `ID_SaRniao_Local_IND` (`CNPJ_Local`),
  CONSTRAINT `FKLoc_Sal_FK` FOREIGN KEY (`CNPJ_Local`) REFERENCES `local` (`CNPJ_Local`),
  CONSTRAINT `ID_SaRniao_Local_FK` FOREIGN KEY (`CNPJ_Local`) REFERENCES `local` (`CNPJ_Local`)
) ENGINE=InnoDB DEFAULT CHARSET=utf8mb4 COLLATE=utf8mb4_0900_ai_ci;
/*!40101 SET character_set_client = @saved_cs_client */;

--
-- Dumping data for table `sala_reuniao`
--

LOCK TABLES `sala_reuniao` WRITE;
/*!40000 ALTER TABLE `sala_reuniao` DISABLE KEYS */;
INSERT INTO `sala_reuniao` VALUES (49423741000174,1,15),(57109101713800,2,20);
/*!40000 ALTER TABLE `sala_reuniao` ENABLE KEYS */;
UNLOCK TABLES;

--
-- Table structure for table `taxa_inscricao`
--

DROP TABLE IF EXISTS `taxa_inscricao`;
/*!40101 SET @saved_cs_client     = @@character_set_client */;
/*!50503 SET character_set_client = utf8mb4 */;
CREATE TABLE `taxa_inscricao` (
  `ID_Inscricao` bigint(20) NOT NULL,
  `Data` date NOT NULL,
  `Valor` decimal(5,2) NOT NULL,
  `Forma_Pagamento` char(10) NOT NULL,
  PRIMARY KEY (`ID_Inscricao`),
  UNIQUE KEY `ID_Taxa_Inscricao_IND` (`ID_Inscricao`)
) ENGINE=InnoDB DEFAULT CHARSET=utf8mb4 COLLATE=utf8mb4_0900_ai_ci;
/*!40101 SET character_set_client = @saved_cs_client */;

--
-- Dumping data for table `taxa_inscricao`
--

LOCK TABLES `taxa_inscricao` WRITE;
/*!40000 ALTER TABLE `taxa_inscricao` DISABLE KEYS */;
INSERT INTO `taxa_inscricao` VALUES (1,'2019-03-01',10.00,'Dinheiro'),(2,'2019-03-01',10.00,'Dbito'),(3,'2019-03-01',10.00,'Crdito'),(4,'2019-03-17',30.00,'Dinheiro'),(5,'2019-03-17',30.00,'Dbito'),(6,'2019-03-17',30.00,'Crdito'),(7,'2019-03-20',35.00,'Dinheiro'),(8,'2019-03-20',35.00,'Dbito'),(9,'2019-03-20',35.00,'Crdito'),(10,'2019-03-24',60.00,'Dinheiro'),(11,'2019-03-24',60.00,'Dbito'),(12,'2019-03-24',60.00,'Crdito'),(13,'2019-03-27',60.00,'Dinheiro'),(14,'2019-03-27',60.00,'Dbito'),(15,'2019-03-27',60.00,'Crdito'),(16,'2019-05-01',25.00,'Dinheiro'),(17,'2019-05-01',25.00,'Dbito'),(18,'2019-05-01',25.00,'Crdito'),(19,'2019-05-01',12.00,'Dinheiro'),(20,'2019-05-01',12.00,'Dbito'),(21,'2019-05-01',12.00,'Crdito'),(22,'2019-05-04',15.00,'Dinheiro'),(23,'2019-05-04',15.00,'Dbito'),(24,'2019-05-04',15.00,'Crdito'),(25,'2019-05-10',45.00,'Dinheiro'),(26,'2019-05-10',45.00,'Dbito'),(27,'2019-05-10',45.00,'Crdito'),(28,'2019-07-01',30.00,'Dinheiro'),(29,'2019-07-01',30.00,'Dbito'),(30,'2019-07-01',30.00,'Crdito'),(31,'2019-07-12',100.00,'Dinheiro'),(32,'2019-07-12',100.00,'Dbito'),(33,'2019-07-12',100.00,'Crdito'),(34,'2019-07-12',100.00,'Dinheiro'),(35,'2019-07-12',100.00,'Dbito'),(36,'2019-07-12',100.00,'Crdito'),(37,'2019-07-13',20.00,'Dinheiro'),(38,'2019-07-13',20.00,'Dbito'),(39,'2019-07-13',20.00,'Crdito'),(40,'2019-07-20',50.00,'Dinheiro'),(41,'2019-07-20',50.00,'Dbito'),(42,'2019-07-20',50.00,'Crdito'),(43,'2019-07-24',60.00,'Dinheiro'),(44,'2019-07-24',60.00,'Dbito'),(45,'2019-07-24',60.00,'Crdito'),(46,'2019-08-01',10.00,'Dinheiro'),(47,'2019-08-01',10.00,'Dbito'),(48,'2019-08-01',10.00,'Crdito'),(49,'2019-08-06',70.00,'Dinheiro'),(50,'2019-08-06',70.00,'Dbito'),(51,'2019-08-06',70.00,'Crdito'),(52,'2019-08-10',42.00,'Dinheiro'),(53,'2019-08-10',42.00,'Dbito'),(54,'2019-08-10',42.00,'Crdito'),(55,'2019-08-11',15.00,'Dinheiro'),(56,'2019-08-11',15.00,'Dbito'),(57,'2019-08-11',15.00,'Crdito'),(58,'2019-08-12',15.00,'Dinheiro'),(59,'2019-08-12',20.00,'Dbito'),(60,'2019-08-12',20.00,'Crdito'),(61,'2019-08-12',20.00,'Dinheiro'),(62,'2019-08-19',20.00,'Dbito'),(63,'2019-08-19',20.00,'Crdito'),(64,'2019-08-19',20.00,'Dinheiro'),(65,'2019-09-14',30.00,'Dbito'),(66,'2019-09-14',30.00,'Crdito'),(67,'2019-09-14',30.00,'Dinheiro'),(68,'2019-09-18',76.00,'Dbito'),(69,'2019-09-18',76.00,'Crdito'),(70,'2019-09-18',76.00,'Dinheiro'),(71,'2019-10-18',55.00,'Dbito'),(72,'2019-10-18',55.00,'Crdito'),(73,'2019-10-18',55.00,'Dinheiro'),(74,'2019-10-24',52.00,'Dbito'),(75,'2019-10-24',52.00,'Crdito'),(76,'2019-10-24',52.00,'Dinheiro'),(77,'2019-10-25',40.00,'Dbito'),(78,'2019-10-25',40.00,'Crdito'),(79,'2019-10-25',40.00,'Dinheiro'),(80,'2019-10-29',10.00,'Dbito'),(81,'2019-10-29',10.00,'Crdito'),(82,'2019-10-29',10.00,'Dinheiro'),(83,'2019-10-30',60.00,'Dbito'),(84,'2019-10-30',60.00,'Crdito'),(85,'2019-10-30',60.00,'Dinheiro'),(86,'2019-12-01',45.00,'Dbito'),(87,'2019-12-01',45.00,'Crdito'),(88,'2019-12-01',45.00,'Dinheiro'),(89,'2019-12-15',60.00,'Dbito'),(90,'2019-12-15',60.00,'Crdito'),(91,'2019-12-15',60.00,'Dinheiro'),(92,'2019-12-15',35.00,'Dbito'),(93,'2019-12-15',35.00,'Crdito'),(94,'2019-12-15',35.00,'Dinheiro'),(95,'2019-12-18',20.00,'Dbito'),(96,'2019-12-18',20.00,'Crdito'),(97,'2019-12-18',20.00,'Dinheiro'),(98,'2019-12-18',20.00,'Dbito'),(99,'2019-12-18',20.00,'Crdito'),(100,'2019-12-18',20.00,'Dinheiro'),(101,'2019-12-22',100.00,'Dbito'),(102,'2019-12-22',100.00,'Crdito'),(103,'2019-12-22',100.00,'Dinheiro'),(104,'2019-12-29',90.00,'Dbito'),(105,'2019-12-29',90.00,'Crdito'),(106,'2019-12-29',90.00,'Dinheiro');
/*!40000 ALTER TABLE `taxa_inscricao` ENABLE KEYS */;
UNLOCK TABLES;

--
-- Table structure for table `transporte`
--

DROP TABLE IF EXISTS `transporte`;
/*!40101 SET @saved_cs_client     = @@character_set_client */;
/*!50503 SET character_set_client = utf8mb4 */;
CREATE TABLE `transporte` (
  `Placa_Veiculo` varchar(7) NOT NULL,
  `CPF` bigint(20) DEFAULT NULL,
  `Motorista` char(20) NOT NULL,
  `Rota` char(50) NOT NULL,
  `CNPJ_Local` bigint(20) DEFAULT NULL,
  PRIMARY KEY (`Placa_Veiculo`),
  UNIQUE KEY `ID_Transporte_IND` (`Placa_Veiculo`),
  UNIQUE KEY `FKUtiliza_ID` (`CPF`),
  KEY `FKDisponibiliza_FK` (`CNPJ_Local`),
  CONSTRAINT `FKDisponibiliza_FK` FOREIGN KEY (`CNPJ_Local`) REFERENCES `local` (`CNPJ_Local`),
  CONSTRAINT `FKUtiliza_FK` FOREIGN KEY (`CPF`) REFERENCES `pessoa` (`CPF`)
) ENGINE=InnoDB DEFAULT CHARSET=utf8mb4 COLLATE=utf8mb4_0900_ai_ci;
/*!40101 SET character_set_client = @saved_cs_client */;

--
-- Dumping data for table `transporte`
--

LOCK TABLES `transporte` WRITE;
/*!40000 ALTER TABLE `transporte` DISABLE KEYS */;
INSERT INTO `transporte` VALUES ('ABC123',14429552797,'Marinda','Azul',10175464000192),('DEF456',70193238209,'Karlos','Verde',49423741000174),('GHI789',132649085785,'Ziggs','Vermelha',57109101713800),('JKL123',51782730281,'Karlos','Amarela',80599449000157),('MNO456',60023773600,'Ziggs','Lils',93152678000170);
/*!40000 ALTER TABLE `transporte` ENABLE KEYS */;
UNLOCK TABLES;

--
-- Table structure for table `tutorial`
--

DROP TABLE IF EXISTS `tutorial`;
/*!40101 SET @saved_cs_client     = @@character_set_client */;
/*!50503 SET character_set_client = utf8mb4 */;
CREATE TABLE `tutorial` (
  `ID_Atividade` int(11) NOT NULL,
  `Tema` varchar(100) DEFAULT NULL,
  `Duracao` varchar(2) NOT NULL,
  `publico_alvo` varchar(200) DEFAULT NULL,
  `valor_inscricao` int(200) DEFAULT NULL,
  PRIMARY KEY (`ID_Atividade`),
  UNIQUE KEY `FKAti_Tut_IND` (`ID_Atividade`),
  CONSTRAINT `FKAti_Tut_FK` FOREIGN KEY (`ID_Atividade`) REFERENCES `atividade` (`ID_Atividade`),
  CONSTRAINT `ID_Ttrl_Atvd_FK` FOREIGN KEY (`ID_Atividade`) REFERENCES `atividade` (`ID_Atividade`)
) ENGINE=InnoDB DEFAULT CHARSET=utf8mb4 COLLATE=utf8mb4_0900_ai_ci;
/*!40101 SET character_set_client = @saved_cs_client */;

--
-- Dumping data for table `tutorial`
--

LOCK TABLES `tutorial` WRITE;
/*!40000 ALTER TABLE `tutorial` DISABLE KEYS */;
INSERT INTO `tutorial` VALUES (1,'Aprendendo a desenvolver websites','6','Estudantes',200),(2,'Criando o seu prprio jardim','3','Interessados',100),(3,'Como fazer sushi','1','Profissionais da rea',1000),(4,'Entendendo a bolsa de valores em 5 passos','5','Interessados',3000),(5,'Mudando o mindset','8','Interessados',500);
/*!40000 ALTER TABLE `tutorial` ENABLE KEYS */;
UNLOCK TABLES;

--
-- Table structure for table `vai_para`
--

DROP TABLE IF EXISTS `vai_para`;
/*!40101 SET @saved_cs_client     = @@character_set_client */;
/*!50503 SET character_set_client = utf8mb4 */;
CREATE TABLE `vai_para` (
  `ID_Evento` char(20) NOT NULL,
  `CPF` bigint(20) NOT NULL,
  PRIMARY KEY (`CPF`,`ID_Evento`),
  UNIQUE KEY `ID_Vai_para_IND` (`CPF`,`ID_Evento`),
  KEY `FKVai_Eve_IND` (`ID_Evento`),
  KEY `EQU_Vai_p_Evnt_IND` (`ID_Evento`),
  CONSTRAINT `EQU_Vai_p_Evnt_FK` FOREIGN KEY (`ID_Evento`) REFERENCES `evento` (`ID_Evento`),
  CONSTRAINT `EQU_Vai_p_Pessoa` FOREIGN KEY (`CPF`) REFERENCES `pessoa` (`CPF`),
  CONSTRAINT `FKVai_Eve_FK` FOREIGN KEY (`ID_Evento`) REFERENCES `evento` (`ID_Evento`),
  CONSTRAINT `FKVai_Pes` FOREIGN KEY (`CPF`) REFERENCES `pessoa` (`CPF`)
) ENGINE=InnoDB DEFAULT CHARSET=utf8mb4 COLLATE=utf8mb4_0900_ai_ci;
/*!40101 SET character_set_client = @saved_cs_client */;

--
-- Dumping data for table `vai_para`
--

LOCK TABLES `vai_para` WRITE;
/*!40000 ALTER TABLE `vai_para` DISABLE KEYS */;
INSERT INTO `vai_para` VALUES ('1',10089321162),('1',10426777948),('1',14429552797),('1',15514957756),('1',20482380500),('1',25631281619),('1',32571586610),('1',50847006409),('1',51782730281),('1',53260023615),('1',56706009083),('1',60023773600),('1',70193238209),('1',72360474812),('1',76880861083),('1',79580496412),('1',98216250290),('2',4657782754),('2',10089321162),('2',14429552797),('2',25631281619),('2',48775807351),('2',50847006409),('2',53260023615),('2',56706009083),('2',60023773600),('2',76880861083),('2',78655763748),('2',79580496412),('2',93204873676),('2',97416461006),('2',98216250290),('3',10089321162),('3',20482380500),('3',32571586610),('3',48775807351),('3',50847006409),('3',53260023615),('3',76880861083),('3',93204873676),('3',97416461006),('4',4657782754),('4',14429552797),('4',15514957756),('4',20482380500),('4',25631281619),('4',32571586610),('4',48775807351),('4',53260023615),('4',60023773600),('4',76880861083),('4',78655763748),('4',79580496412),('4',93204873676),('4',97416461006),('4',97657457376),('4',98216250290),('5',14429552797),('5',20482380500),('5',25631281619),('5',32571586610),('5',48775807351),('5',76880861083),('6',10426777948),('6',14429552797),('6',15514957756),('6',20482380500),('6',25631281619),('6',32571586610),('6',48775807351),('6',51782730281),('6',60023773600),('6',70193238209),('6',93204873676),('6',97416461006),('7',4657782754),('7',10426777948),('7',14429552797),('7',15514957756),('7',25631281619),('7',48775807351),('7',50847006409),('7',51782730281),('7',53260023615),('7',56706009083),('7',60023773600),('7',70193238209),('7',72360474812),('7',76880861083),('7',78655763748),('7',93204873676),('7',97657457376);
/*!40000 ALTER TABLE `vai_para` ENABLE KEYS */;
UNLOCK TABLES;

--
-- Table structure for table `workshop`
--

DROP TABLE IF EXISTS `workshop`;
/*!40101 SET @saved_cs_client     = @@character_set_client */;
/*!50503 SET character_set_client = utf8mb4 */;
CREATE TABLE `workshop` (
  `ID_Atividade` int(11) NOT NULL,
  `TEMA` varchar(200) DEFAULT NULL,
  `Duracao` int(11) NOT NULL,
  `PUBLICo_ALVO` varchar(200) DEFAULT NULL,
  `valor_inscricao` int(200) DEFAULT NULL,
  PRIMARY KEY (`ID_Atividade`),
  UNIQUE KEY `FKAti_Wor_IND` (`ID_Atividade`),
  UNIQUE KEY `ID_Wrksp_Atvd_IND` (`ID_Atividade`),
  CONSTRAINT `FKAti_Wor_FK` FOREIGN KEY (`ID_Atividade`) REFERENCES `atividade` (`ID_Atividade`),
  CONSTRAINT `ID_Wrksp_Atvd_FK` FOREIGN KEY (`ID_Atividade`) REFERENCES `atividade` (`ID_Atividade`)
) ENGINE=InnoDB DEFAULT CHARSET=utf8mb4 COLLATE=utf8mb4_0900_ai_ci;
/*!40101 SET character_set_client = @saved_cs_client */;

--
-- Dumping data for table `workshop`
--

LOCK TABLES `workshop` WRITE;
/*!40000 ALTER TABLE `workshop` DISABLE KEYS */;
INSERT INTO `workshop` VALUES (6,'Workshop de violo',2,'Interessados',0),(7,'Workshop de Matemtica',4,'Estudantes',50),(8,'Workshop de investimento',3,'Interessados',100),(9,'Workshop de culinria arbe',10,'Profissionais da rea',200),(10,'Workshop de dana',2,'Interessados',0);
/*!40000 ALTER TABLE `workshop` ENABLE KEYS */;
UNLOCK TABLES;
/*!40103 SET TIME_ZONE=@OLD_TIME_ZONE */;

/*!40101 SET SQL_MODE=@OLD_SQL_MODE */;
/*!40014 SET FOREIGN_KEY_CHECKS=@OLD_FOREIGN_KEY_CHECKS */;
/*!40014 SET UNIQUE_CHECKS=@OLD_UNIQUE_CHECKS */;
/*!40101 SET CHARACTER_SET_CLIENT=@OLD_CHARACTER_SET_CLIENT */;
/*!40101 SET CHARACTER_SET_RESULTS=@OLD_CHARACTER_SET_RESULTS */;
/*!40101 SET COLLATION_CONNECTION=@OLD_COLLATION_CONNECTION */;
/*!40111 SET SQL_NOTES=@OLD_SQL_NOTES */;

-- Dump completed on 2019-11-29  1:34:52
